{"episode_reward_max": 117.0, "episode_reward_min": 10.0, "episode_reward_mean": 24.096385542168676, "episode_len_mean": 24.096385542168676, "episodes_this_iter": 166, "policy_reward_min": {}, "policy_reward_max": {}, "policy_reward_mean": {}, "custom_metrics": {}, "hist_stats": {"episode_reward": [26.0, 31.0, 17.0, 29.0, 43.0, 26.0, 48.0, 13.0, 22.0, 49.0, 19.0, 13.0, 11.0, 27.0, 28.0, 13.0, 30.0, 16.0, 25.0, 14.0, 13.0, 42.0, 43.0, 25.0, 41.0, 20.0, 28.0, 27.0, 24.0, 11.0, 25.0, 46.0, 17.0, 25.0, 25.0, 35.0, 23.0, 10.0, 23.0, 11.0, 25.0, 21.0, 14.0, 16.0, 23.0, 10.0, 16.0, 23.0, 18.0, 21.0, 21.0, 46.0, 63.0, 16.0, 64.0, 10.0, 16.0, 18.0, 18.0, 30.0, 18.0, 30.0, 66.0, 12.0, 30.0, 15.0, 37.0, 18.0, 15.0, 32.0, 13.0, 24.0, 17.0, 41.0, 16.0, 12.0, 16.0, 17.0, 17.0, 26.0, 10.0, 37.0, 28.0, 17.0, 15.0, 15.0, 13.0, 14.0, 25.0, 11.0, 15.0, 14.0, 55.0, 17.0, 26.0, 18.0, 14.0, 28.0, 58.0, 14.0, 30.0, 24.0, 27.0, 20.0, 32.0, 13.0, 17.0, 32.0, 29.0, 14.0, 16.0, 31.0, 24.0, 31.0, 15.0, 33.0, 10.0, 93.0, 15.0, 18.0, 29.0, 20.0, 11.0, 19.0, 30.0, 20.0, 12.0, 10.0, 117.0, 22.0, 39.0, 15.0, 25.0, 13.0, 19.0, 13.0, 69.0, 25.0, 30.0, 29.0, 14.0, 16.0, 11.0, 33.0, 16.0, 13.0, 15.0, 21.0, 14.0, 13.0, 15.0, 23.0, 20.0, 16.0, 16.0, 24.0, 16.0, 24.0, 19.0, 19.0, 32.0, 14.0, 17.0, 13.0, 22.0, 34.0], "episode_lengths": [26, 31, 17, 29, 43, 26, 48, 13, 22, 49, 19, 13, 11, 27, 28, 13, 30, 16, 25, 14, 13, 42, 43, 25, 41, 20, 28, 27, 24, 11, 25, 46, 17, 25, 25, 35, 23, 10, 23, 11, 25, 21, 14, 16, 23, 10, 16, 23, 18, 21, 21, 46, 63, 16, 64, 10, 16, 18, 18, 30, 18, 30, 66, 12, 30, 15, 37, 18, 15, 32, 13, 24, 17, 41, 16, 12, 16, 17, 17, 26, 10, 37, 28, 17, 15, 15, 13, 14, 25, 11, 15, 14, 55, 17, 26, 18, 14, 28, 58, 14, 30, 24, 27, 20, 32, 13, 17, 32, 29, 14, 16, 31, 24, 31, 15, 33, 10, 93, 15, 18, 29, 20, 11, 19, 30, 20, 12, 10, 117, 22, 39, 15, 25, 13, 19, 13, 69, 25, 30, 29, 14, 16, 11, 33, 16, 13, 15, 21, 14, 13, 15, 23, 20, 16, 16, 24, 16, 24, 19, 19, 32, 14, 17, 13, 22, 34]}, "sampler_perf": {"mean_env_wait_ms": 0.07106178672693277, "mean_processing_ms": 0.17640364822582197, "mean_inference_ms": 0.7385863747724262}, "off_policy_estimator": {}, "num_healthy_workers": 1, "timesteps_total": 4000, "timers": {"sample_time_ms": 4861.459, "sample_throughput": 822.798, "load_time_ms": 49.615, "load_throughput": 80620.545, "learn_time_ms": 3897.187, "learn_throughput": 1026.381, "update_time_ms": 2.983}, "info": {"learner": {"default_policy": {"cur_kl_coeff": 0.20000000298023224, "cur_lr": 9.999999747378752e-05, "total_loss": 122.96287536621094, "policy_loss": -0.03870432451367378, "vf_loss": 122.99494934082031, "vf_explained_var": 0.14487501978874207, "kl": 0.03312006592750549, "entropy": 0.6604416966438293, "entropy_coeff": 0.0, "model": {}}}, "num_steps_sampled": 4000, "num_steps_trained": 4000}, "done": true, "episodes_total": 166, "training_iteration": 1, "experiment_id": "3f87536716f64933b819d14508dbf673", "date": "2020-08-18_17-15-53", "timestamp": 1597770953, "time_this_iter_s": 8.981311082839966, "time_total_s": 8.981311082839966, "pid": 11565, "hostname": "terminator-1000", "node_ip": "10.168.0.7", "config": {"num_workers": 1, "num_envs_per_worker": 1, "rollout_fragment_length": 200, "sample_batch_size": -1, "batch_mode": "truncate_episodes", "num_gpus": 0, "train_batch_size": 4000, "model": {"conv_filters": null, "conv_activation": "relu", "fcnet_activation": "tanh", "fcnet_hiddens": [256, 256], "free_log_std": false, "no_final_linear": false, "vf_share_layers": true, "use_lstm": false, "max_seq_len": 20, "lstm_cell_size": 256, "lstm_use_prev_action_reward": false, "state_shape": null, "framestack": true, "dim": 84, "grayscale": false, "zero_mean": true, "custom_model": null, "custom_model_config": {}, "custom_action_dist": null, "custom_preprocessor": null, "custom_options": -1}, "optimizer": {}, "gamma": 0.99, "horizon": null, "soft_horizon": false, "no_done_at_end": false, "env_config": {}, "env": "CartPole-v0", "normalize_actions": false, "clip_rewards": null, "clip_actions": true, "preprocessor_pref": "deepmind", "lr": 0.0001, "monitor": false, "log_level": "WARN", "callbacks": "<class 'ray.rllib.agents.callbacks.DefaultCallbacks'>", "ignore_worker_failures": false, "log_sys_usage": true, "fake_sampler": false, "framework": "tf", "eager_tracing": false, "no_eager_on_workers": false, "explore": true, "exploration_config": {"type": "StochasticSampling"}, "evaluation_interval": null, "evaluation_num_episodes": 10, "in_evaluation": false, "evaluation_config": {}, "evaluation_num_workers": 0, "custom_eval_function": null, "sample_async": false, "observation_filter": "NoFilter", "synchronize_filters": true, "tf_session_args": {"intra_op_parallelism_threads": 2, "inter_op_parallelism_threads": 2, "gpu_options": {"allow_growth": true}, "log_device_placement": false, "device_count": {"CPU": 1}, "allow_soft_placement": true}, "local_tf_session_args": {"intra_op_parallelism_threads": 8, "inter_op_parallelism_threads": 8}, "compress_observations": false, "collect_metrics_timeout": 180, "metrics_smoothing_episodes": 100, "remote_worker_envs": false, "remote_env_batch_wait_ms": 0, "min_iter_time_s": 0, "timesteps_per_iteration": 0, "seed": null, "extra_python_environs_for_driver": {}, "extra_python_environs_for_worker": {}, "num_cpus_per_worker": 1, "num_gpus_per_worker": 0, "custom_resources_per_worker": {}, "num_cpus_for_driver": 1, "memory": 0, "object_store_memory": 0, "memory_per_worker": 0, "object_store_memory_per_worker": 0, "input": "sampler", "input_evaluation": ["is", "wis"], "postprocess_inputs": false, "shuffle_buffer_size": 0, "output": null, "output_compress_columns": ["obs", "new_obs"], "output_max_file_size": 67108864, "multiagent": {"policies": {}, "policy_mapping_fn": null, "policies_to_train": null, "observation_fn": null}, "use_pytorch": -1, "use_critic": true, "use_gae": true, "lambda": 1.0, "kl_coeff": 0.2, "sgd_minibatch_size": 128, "shuffle_sequences": true, "num_sgd_iter": 30, "lr_schedule": null, "vf_share_layers": false, "vf_loss_coeff": 1.0, "entropy_coeff": 0.0, "entropy_coeff_schedule": null, "clip_param": 0.3, "vf_clip_param": 10.0, "grad_clip": null, "kl_target": 0.01, "simple_optimizer": false, "_fake_gpus": false}, "time_since_restore": 8.981311082839966, "timesteps_since_restore": 0, "iterations_since_restore": 1, "perf": {"cpu_util_percent": 36.53846153846154, "ram_util_percent": 3.5230769230769234}, "trial_id": "7064f_00002", "experiment_tag": "2_lr=0.0001"}
