{"episode_reward_max": 99.0, "episode_reward_min": 9.0, "episode_reward_mean": 22.223463687150836, "episode_len_mean": 22.223463687150836, "episodes_this_iter": 179, "policy_reward_min": {}, "policy_reward_max": {}, "policy_reward_mean": {}, "custom_metrics": {}, "hist_stats": {"episode_reward": [16.0, 18.0, 17.0, 14.0, 12.0, 14.0, 10.0, 26.0, 22.0, 29.0, 30.0, 14.0, 12.0, 17.0, 15.0, 14.0, 24.0, 11.0, 23.0, 23.0, 12.0, 19.0, 27.0, 21.0, 11.0, 16.0, 23.0, 22.0, 16.0, 18.0, 11.0, 21.0, 38.0, 10.0, 20.0, 26.0, 27.0, 10.0, 39.0, 30.0, 12.0, 12.0, 17.0, 15.0, 15.0, 29.0, 17.0, 14.0, 21.0, 15.0, 13.0, 22.0, 23.0, 19.0, 23.0, 70.0, 12.0, 15.0, 20.0, 13.0, 18.0, 36.0, 33.0, 17.0, 14.0, 12.0, 38.0, 12.0, 32.0, 82.0, 16.0, 29.0, 23.0, 27.0, 9.0, 16.0, 21.0, 19.0, 46.0, 22.0, 14.0, 24.0, 17.0, 10.0, 14.0, 18.0, 9.0, 45.0, 20.0, 18.0, 17.0, 76.0, 13.0, 21.0, 22.0, 34.0, 30.0, 19.0, 12.0, 24.0, 14.0, 25.0, 10.0, 15.0, 16.0, 31.0, 19.0, 22.0, 19.0, 9.0, 20.0, 12.0, 22.0, 10.0, 25.0, 21.0, 24.0, 24.0, 15.0, 15.0, 33.0, 21.0, 65.0, 28.0, 54.0, 21.0, 26.0, 14.0, 18.0, 51.0, 48.0, 27.0, 20.0, 14.0, 11.0, 19.0, 13.0, 10.0, 19.0, 13.0, 28.0, 24.0, 32.0, 22.0, 60.0, 13.0, 15.0, 16.0, 46.0, 19.0, 13.0, 31.0, 13.0, 19.0, 20.0, 99.0, 21.0, 33.0, 16.0, 13.0, 9.0, 12.0, 15.0, 19.0, 22.0, 40.0, 31.0, 15.0, 26.0, 11.0, 9.0, 20.0, 37.0, 12.0, 37.0, 23.0, 19.0, 11.0, 10.0], "episode_lengths": [16, 18, 17, 14, 12, 14, 10, 26, 22, 29, 30, 14, 12, 17, 15, 14, 24, 11, 23, 23, 12, 19, 27, 21, 11, 16, 23, 22, 16, 18, 11, 21, 38, 10, 20, 26, 27, 10, 39, 30, 12, 12, 17, 15, 15, 29, 17, 14, 21, 15, 13, 22, 23, 19, 23, 70, 12, 15, 20, 13, 18, 36, 33, 17, 14, 12, 38, 12, 32, 82, 16, 29, 23, 27, 9, 16, 21, 19, 46, 22, 14, 24, 17, 10, 14, 18, 9, 45, 20, 18, 17, 76, 13, 21, 22, 34, 30, 19, 12, 24, 14, 25, 10, 15, 16, 31, 19, 22, 19, 9, 20, 12, 22, 10, 25, 21, 24, 24, 15, 15, 33, 21, 65, 28, 54, 21, 26, 14, 18, 51, 48, 27, 20, 14, 11, 19, 13, 10, 19, 13, 28, 24, 32, 22, 60, 13, 15, 16, 46, 19, 13, 31, 13, 19, 20, 99, 21, 33, 16, 13, 9, 12, 15, 19, 22, 40, 31, 15, 26, 11, 9, 20, 37, 12, 37, 23, 19, 11, 10]}, "sampler_perf": {"mean_env_wait_ms": 0.0720500230967954, "mean_processing_ms": 0.17773410851464996, "mean_inference_ms": 0.7373794440298312}, "off_policy_estimator": {}, "num_healthy_workers": 1, "timesteps_total": 4000, "timers": {"sample_time_ms": 4882.227, "sample_throughput": 819.298, "load_time_ms": 49.157, "load_throughput": 81371.3, "learn_time_ms": 3810.094, "learn_throughput": 1049.843, "update_time_ms": 2.713}, "info": {"learner": {"default_policy": {"cur_kl_coeff": 0.20000000298023224, "cur_lr": 0.0010000000474974513, "total_loss": 107.47367858886719, "policy_loss": -0.04807109385728836, "vf_loss": 107.51451110839844, "vf_explained_var": 0.2307545244693756, "kl": 0.03621398285031319, "entropy": 0.6583577394485474, "entropy_coeff": 0.0, "model": {}}}, "num_steps_sampled": 4000, "num_steps_trained": 4000}, "done": true, "episodes_total": 179, "training_iteration": 1, "experiment_id": "4737b0c59fff43e69c4abc05ae76c5c7", "date": "2020-08-18_17-13-00", "timestamp": 1597770780, "time_this_iter_s": 8.92928147315979, "time_total_s": 8.92928147315979, "pid": 10999, "hostname": "terminator-1000", "node_ip": "10.168.0.7", "config": {"num_workers": 1, "num_envs_per_worker": 1, "rollout_fragment_length": 200, "sample_batch_size": -1, "batch_mode": "truncate_episodes", "num_gpus": 0, "train_batch_size": 4000, "model": {"conv_filters": null, "conv_activation": "relu", "fcnet_activation": "tanh", "fcnet_hiddens": [256, 256], "free_log_std": false, "no_final_linear": false, "vf_share_layers": true, "use_lstm": false, "max_seq_len": 20, "lstm_cell_size": 256, "lstm_use_prev_action_reward": false, "state_shape": null, "framestack": true, "dim": 84, "grayscale": false, "zero_mean": true, "custom_model": null, "custom_model_config": {}, "custom_action_dist": null, "custom_preprocessor": null, "custom_options": -1}, "optimizer": {}, "gamma": 0.99, "horizon": null, "soft_horizon": false, "no_done_at_end": false, "env_config": {}, "env": "CartPole-v0", "normalize_actions": false, "clip_rewards": null, "clip_actions": true, "preprocessor_pref": "deepmind", "lr": 0.001, "monitor": false, "log_level": "WARN", "callbacks": "<class 'ray.rllib.agents.callbacks.DefaultCallbacks'>", "ignore_worker_failures": false, "log_sys_usage": true, "fake_sampler": false, "framework": "tf", "eager_tracing": false, "no_eager_on_workers": false, "explore": true, "exploration_config": {"type": "StochasticSampling"}, "evaluation_interval": null, "evaluation_num_episodes": 10, "in_evaluation": false, "evaluation_config": {}, "evaluation_num_workers": 0, "custom_eval_function": null, "sample_async": false, "observation_filter": "NoFilter", "synchronize_filters": true, "tf_session_args": {"intra_op_parallelism_threads": 2, "inter_op_parallelism_threads": 2, "gpu_options": {"allow_growth": true}, "log_device_placement": false, "device_count": {"CPU": 1}, "allow_soft_placement": true}, "local_tf_session_args": {"intra_op_parallelism_threads": 8, "inter_op_parallelism_threads": 8}, "compress_observations": false, "collect_metrics_timeout": 180, "metrics_smoothing_episodes": 100, "remote_worker_envs": false, "remote_env_batch_wait_ms": 0, "min_iter_time_s": 0, "timesteps_per_iteration": 0, "seed": null, "extra_python_environs_for_driver": {}, "extra_python_environs_for_worker": {}, "num_cpus_per_worker": 1, "num_gpus_per_worker": 0, "custom_resources_per_worker": {}, "num_cpus_for_driver": 1, "memory": 0, "object_store_memory": 0, "memory_per_worker": 0, "object_store_memory_per_worker": 0, "input": "sampler", "input_evaluation": ["is", "wis"], "postprocess_inputs": false, "shuffle_buffer_size": 0, "output": null, "output_compress_columns": ["obs", "new_obs"], "output_max_file_size": 67108864, "multiagent": {"policies": {}, "policy_mapping_fn": null, "policies_to_train": null, "observation_fn": null}, "use_pytorch": -1, "use_critic": true, "use_gae": true, "lambda": 1.0, "kl_coeff": 0.2, "sgd_minibatch_size": 128, "shuffle_sequences": true, "num_sgd_iter": 30, "lr_schedule": null, "vf_share_layers": false, "vf_loss_coeff": 1.0, "entropy_coeff": 0.0, "entropy_coeff_schedule": null, "clip_param": 0.3, "vf_clip_param": 10.0, "grad_clip": null, "kl_target": 0.01, "simple_optimizer": false, "_fake_gpus": false}, "time_since_restore": 8.92928147315979, "timesteps_since_restore": 0, "iterations_since_restore": 1, "perf": {"cpu_util_percent": 36.23076923076923, "ram_util_percent": 3.5153846153846158}, "trial_id": "09303_00001", "experiment_tag": "1_lr=0.001"}
