{"episode_reward_max": 77.0, "episode_reward_min": 9.0, "episode_reward_mean": 21.61081081081081, "episode_len_mean": 21.61081081081081, "episodes_this_iter": 185, "policy_reward_min": {}, "policy_reward_max": {}, "policy_reward_mean": {}, "custom_metrics": {}, "hist_stats": {"episode_reward": [19.0, 12.0, 19.0, 14.0, 11.0, 14.0, 15.0, 27.0, 15.0, 11.0, 9.0, 13.0, 25.0, 22.0, 27.0, 24.0, 33.0, 17.0, 43.0, 63.0, 33.0, 33.0, 21.0, 10.0, 21.0, 24.0, 22.0, 17.0, 19.0, 18.0, 18.0, 11.0, 14.0, 11.0, 16.0, 31.0, 11.0, 11.0, 11.0, 12.0, 17.0, 25.0, 12.0, 14.0, 10.0, 24.0, 26.0, 15.0, 10.0, 20.0, 17.0, 26.0, 34.0, 22.0, 20.0, 19.0, 11.0, 15.0, 27.0, 16.0, 11.0, 17.0, 12.0, 25.0, 17.0, 32.0, 13.0, 25.0, 23.0, 13.0, 37.0, 31.0, 19.0, 55.0, 50.0, 21.0, 38.0, 32.0, 27.0, 36.0, 10.0, 16.0, 35.0, 54.0, 17.0, 15.0, 16.0, 77.0, 28.0, 19.0, 26.0, 13.0, 40.0, 14.0, 30.0, 11.0, 14.0, 11.0, 17.0, 18.0, 15.0, 11.0, 33.0, 41.0, 16.0, 24.0, 20.0, 21.0, 16.0, 28.0, 18.0, 13.0, 47.0, 15.0, 28.0, 18.0, 12.0, 24.0, 10.0, 18.0, 34.0, 33.0, 24.0, 9.0, 10.0, 15.0, 10.0, 16.0, 59.0, 11.0, 51.0, 35.0, 11.0, 35.0, 15.0, 11.0, 12.0, 12.0, 28.0, 18.0, 29.0, 48.0, 14.0, 37.0, 11.0, 12.0, 21.0, 16.0, 18.0, 15.0, 21.0, 14.0, 15.0, 12.0, 14.0, 11.0, 12.0, 22.0, 14.0, 25.0, 26.0, 15.0, 36.0, 32.0, 20.0, 14.0, 15.0, 18.0, 61.0, 18.0, 25.0, 25.0, 26.0, 13.0, 13.0, 16.0, 19.0, 10.0, 11.0, 38.0, 16.0, 18.0, 23.0, 21.0, 19.0], "episode_lengths": [19, 12, 19, 14, 11, 14, 15, 27, 15, 11, 9, 13, 25, 22, 27, 24, 33, 17, 43, 63, 33, 33, 21, 10, 21, 24, 22, 17, 19, 18, 18, 11, 14, 11, 16, 31, 11, 11, 11, 12, 17, 25, 12, 14, 10, 24, 26, 15, 10, 20, 17, 26, 34, 22, 20, 19, 11, 15, 27, 16, 11, 17, 12, 25, 17, 32, 13, 25, 23, 13, 37, 31, 19, 55, 50, 21, 38, 32, 27, 36, 10, 16, 35, 54, 17, 15, 16, 77, 28, 19, 26, 13, 40, 14, 30, 11, 14, 11, 17, 18, 15, 11, 33, 41, 16, 24, 20, 21, 16, 28, 18, 13, 47, 15, 28, 18, 12, 24, 10, 18, 34, 33, 24, 9, 10, 15, 10, 16, 59, 11, 51, 35, 11, 35, 15, 11, 12, 12, 28, 18, 29, 48, 14, 37, 11, 12, 21, 16, 18, 15, 21, 14, 15, 12, 14, 11, 12, 22, 14, 25, 26, 15, 36, 32, 20, 14, 15, 18, 61, 18, 25, 25, 26, 13, 13, 16, 19, 10, 11, 38, 16, 18, 23, 21, 19]}, "sampler_perf": {"mean_env_wait_ms": 0.056707033721306026, "mean_processing_ms": 0.14168374152875968, "mean_inference_ms": 0.6235204795335896}, "off_policy_estimator": {}, "num_healthy_workers": 1, "timesteps_total": 4000, "timers": {"sample_time_ms": 4512.824, "sample_throughput": 886.363, "load_time_ms": 42.589, "load_throughput": 93920.026, "learn_time_ms": 3871.811, "learn_throughput": 1033.108, "update_time_ms": 2.617}, "info": {"learner": {"default_policy": {"cur_kl_coeff": 0.20000000298023224, "cur_lr": 0.0010000000474974513, "total_loss": 73.2802505493164, "policy_loss": -0.050716400146484375, "vf_loss": 73.32398223876953, "vf_explained_var": 0.2979491651058197, "kl": 0.03488476201891899, "entropy": 0.6592938899993896, "entropy_coeff": 0.0, "model": {}}}, "num_steps_sampled": 4000, "num_steps_trained": 4000}, "done": true, "episodes_total": 185, "training_iteration": 1, "experiment_id": "dec5d555a0fb4934ac48d5f7a21f3a12", "date": "2020-08-16_03-48-12", "timestamp": 1597549692, "time_this_iter_s": 8.529265403747559, "time_total_s": 8.529265403747559, "pid": 20174, "hostname": "ntozcc-dv-mlalo-vm", "node_ip": "10.0.0.4", "config": {"num_workers": 1, "num_envs_per_worker": 1, "rollout_fragment_length": 200, "sample_batch_size": -1, "batch_mode": "truncate_episodes", "num_gpus": 0, "train_batch_size": 4000, "model": {"conv_filters": null, "conv_activation": "relu", "fcnet_activation": "tanh", "fcnet_hiddens": [256, 256], "free_log_std": false, "no_final_linear": false, "vf_share_layers": true, "use_lstm": false, "max_seq_len": 20, "lstm_cell_size": 256, "lstm_use_prev_action_reward": false, "state_shape": null, "framestack": true, "dim": 84, "grayscale": false, "zero_mean": true, "custom_model": null, "custom_model_config": {}, "custom_action_dist": null, "custom_preprocessor": null, "custom_options": -1}, "optimizer": {}, "gamma": 0.99, "horizon": null, "soft_horizon": false, "no_done_at_end": false, "env_config": {}, "env": "CartPole-v0", "normalize_actions": false, "clip_rewards": null, "clip_actions": true, "preprocessor_pref": "deepmind", "lr": 0.001, "monitor": false, "log_level": "WARN", "callbacks": "<class 'ray.rllib.agents.callbacks.DefaultCallbacks'>", "ignore_worker_failures": false, "log_sys_usage": true, "fake_sampler": false, "framework": "tf", "eager_tracing": false, "no_eager_on_workers": false, "explore": true, "exploration_config": {"type": "StochasticSampling"}, "evaluation_interval": null, "evaluation_num_episodes": 10, "in_evaluation": false, "evaluation_config": {}, "evaluation_num_workers": 0, "custom_eval_function": null, "sample_async": false, "observation_filter": "NoFilter", "synchronize_filters": true, "tf_session_args": {"intra_op_parallelism_threads": 2, "inter_op_parallelism_threads": 2, "gpu_options": {"allow_growth": true}, "log_device_placement": false, "device_count": {"CPU": 1}, "allow_soft_placement": true}, "local_tf_session_args": {"intra_op_parallelism_threads": 8, "inter_op_parallelism_threads": 8}, "compress_observations": false, "collect_metrics_timeout": 180, "metrics_smoothing_episodes": 100, "remote_worker_envs": false, "remote_env_batch_wait_ms": 0, "min_iter_time_s": 0, "timesteps_per_iteration": 0, "seed": null, "extra_python_environs_for_driver": {}, "extra_python_environs_for_worker": {}, "num_cpus_per_worker": 1, "num_gpus_per_worker": 0, "custom_resources_per_worker": {}, "num_cpus_for_driver": 1, "memory": 0, "object_store_memory": 0, "memory_per_worker": 0, "object_store_memory_per_worker": 0, "input": "sampler", "input_evaluation": ["is", "wis"], "postprocess_inputs": false, "shuffle_buffer_size": 0, "output": null, "output_compress_columns": ["obs", "new_obs"], "output_max_file_size": 67108864, "multiagent": {"policies": {}, "policy_mapping_fn": null, "policies_to_train": null, "observation_fn": null}, "use_pytorch": -1, "use_critic": true, "use_gae": true, "lambda": 1.0, "kl_coeff": 0.2, "sgd_minibatch_size": 128, "shuffle_sequences": true, "num_sgd_iter": 30, "lr_schedule": null, "vf_share_layers": false, "vf_loss_coeff": 1.0, "entropy_coeff": 0.0, "entropy_coeff_schedule": null, "clip_param": 0.3, "vf_clip_param": 10.0, "grad_clip": null, "kl_target": 0.01, "simple_optimizer": false, "_fake_gpus": false}, "time_since_restore": 8.529265403747559, "timesteps_since_restore": 0, "iterations_since_restore": 1, "perf": {"cpu_util_percent": 72.04615384615384, "ram_util_percent": 32.26923076923077}, "trial_id": "3e903_00001", "experiment_tag": "1_lr=0.001"}
