{"episode_reward_max": 68.0, "episode_reward_min": 9.0, "episode_reward_mean": 21.336898395721924, "episode_len_mean": 21.336898395721924, "episodes_this_iter": 187, "policy_reward_min": {}, "policy_reward_max": {}, "policy_reward_mean": {}, "custom_metrics": {}, "hist_stats": {"episode_reward": [25.0, 35.0, 33.0, 35.0, 25.0, 29.0, 37.0, 42.0, 16.0, 54.0, 38.0, 20.0, 12.0, 32.0, 33.0, 10.0, 14.0, 11.0, 13.0, 25.0, 36.0, 20.0, 22.0, 29.0, 27.0, 27.0, 20.0, 15.0, 10.0, 18.0, 30.0, 20.0, 18.0, 58.0, 12.0, 12.0, 31.0, 12.0, 22.0, 13.0, 32.0, 32.0, 25.0, 16.0, 27.0, 35.0, 10.0, 12.0, 23.0, 15.0, 26.0, 9.0, 13.0, 19.0, 18.0, 20.0, 27.0, 22.0, 26.0, 68.0, 14.0, 42.0, 12.0, 21.0, 18.0, 40.0, 42.0, 15.0, 20.0, 14.0, 13.0, 36.0, 10.0, 17.0, 18.0, 32.0, 42.0, 15.0, 14.0, 17.0, 13.0, 34.0, 14.0, 16.0, 21.0, 21.0, 14.0, 9.0, 15.0, 16.0, 16.0, 19.0, 31.0, 17.0, 17.0, 36.0, 19.0, 23.0, 17.0, 16.0, 26.0, 30.0, 37.0, 16.0, 11.0, 30.0, 11.0, 23.0, 12.0, 20.0, 16.0, 12.0, 16.0, 15.0, 30.0, 14.0, 12.0, 32.0, 14.0, 20.0, 34.0, 14.0, 37.0, 14.0, 16.0, 14.0, 16.0, 18.0, 22.0, 16.0, 21.0, 23.0, 17.0, 32.0, 19.0, 17.0, 16.0, 13.0, 9.0, 13.0, 20.0, 16.0, 22.0, 11.0, 10.0, 34.0, 11.0, 36.0, 24.0, 17.0, 11.0, 23.0, 33.0, 21.0, 11.0, 28.0, 23.0, 15.0, 12.0, 25.0, 22.0, 15.0, 18.0, 10.0, 20.0, 22.0, 13.0, 17.0, 13.0, 15.0, 13.0, 20.0, 12.0, 24.0, 20.0, 17.0, 12.0, 17.0, 29.0, 14.0, 29.0, 27.0, 10.0, 19.0, 14.0, 13.0, 52.0], "episode_lengths": [25, 35, 33, 35, 25, 29, 37, 42, 16, 54, 38, 20, 12, 32, 33, 10, 14, 11, 13, 25, 36, 20, 22, 29, 27, 27, 20, 15, 10, 18, 30, 20, 18, 58, 12, 12, 31, 12, 22, 13, 32, 32, 25, 16, 27, 35, 10, 12, 23, 15, 26, 9, 13, 19, 18, 20, 27, 22, 26, 68, 14, 42, 12, 21, 18, 40, 42, 15, 20, 14, 13, 36, 10, 17, 18, 32, 42, 15, 14, 17, 13, 34, 14, 16, 21, 21, 14, 9, 15, 16, 16, 19, 31, 17, 17, 36, 19, 23, 17, 16, 26, 30, 37, 16, 11, 30, 11, 23, 12, 20, 16, 12, 16, 15, 30, 14, 12, 32, 14, 20, 34, 14, 37, 14, 16, 14, 16, 18, 22, 16, 21, 23, 17, 32, 19, 17, 16, 13, 9, 13, 20, 16, 22, 11, 10, 34, 11, 36, 24, 17, 11, 23, 33, 21, 11, 28, 23, 15, 12, 25, 22, 15, 18, 10, 20, 22, 13, 17, 13, 15, 13, 20, 12, 24, 20, 17, 12, 17, 29, 14, 29, 27, 10, 19, 14, 13, 52]}, "sampler_perf": {"mean_env_wait_ms": 0.07254169810208577, "mean_processing_ms": 0.18640137767529552, "mean_inference_ms": 0.7660412782432139}, "off_policy_estimator": {}, "num_healthy_workers": 1, "timesteps_total": 4000, "timers": {"sample_time_ms": 5117.108, "sample_throughput": 781.692, "load_time_ms": 52.623, "load_throughput": 76012.686, "learn_time_ms": 3903.218, "learn_throughput": 1024.795, "update_time_ms": 2.08}, "info": {"learner": {"default_policy": {"cur_kl_coeff": 0.20000000298023224, "cur_lr": 9.999999747378752e-05, "total_loss": 62.89536666870117, "policy_loss": -0.03747384622693062, "vf_loss": 62.926639556884766, "vf_explained_var": 0.2675780653953552, "kl": 0.030963441357016563, "entropy": 0.6631414890289307, "entropy_coeff": 0.0, "model": {}}}, "num_steps_sampled": 4000, "num_steps_trained": 4000}, "done": true, "episodes_total": 187, "training_iteration": 1, "experiment_id": "00847f1bd18f406181145241f22859ad", "date": "2020-08-18_17-05-46", "timestamp": 1597770346, "time_this_iter_s": 9.204643487930298, "time_total_s": 9.204643487930298, "pid": 8598, "hostname": "terminator-1000", "node_ip": "10.168.0.7", "config": {"num_workers": 1, "num_envs_per_worker": 1, "rollout_fragment_length": 200, "sample_batch_size": -1, "batch_mode": "truncate_episodes", "num_gpus": 0, "train_batch_size": 4000, "model": {"conv_filters": null, "conv_activation": "relu", "fcnet_activation": "tanh", "fcnet_hiddens": [256, 256], "free_log_std": false, "no_final_linear": false, "vf_share_layers": true, "use_lstm": false, "max_seq_len": 20, "lstm_cell_size": 256, "lstm_use_prev_action_reward": false, "state_shape": null, "framestack": true, "dim": 84, "grayscale": false, "zero_mean": true, "custom_model": null, "custom_model_config": {}, "custom_action_dist": null, "custom_preprocessor": null, "custom_options": -1}, "optimizer": {}, "gamma": 0.99, "horizon": null, "soft_horizon": false, "no_done_at_end": false, "env_config": {}, "env": "CartPole-v0", "normalize_actions": false, "clip_rewards": null, "clip_actions": true, "preprocessor_pref": "deepmind", "lr": 0.0001, "monitor": false, "log_level": "WARN", "callbacks": "<class 'ray.rllib.agents.callbacks.DefaultCallbacks'>", "ignore_worker_failures": false, "log_sys_usage": true, "fake_sampler": false, "framework": "tf", "eager_tracing": false, "no_eager_on_workers": false, "explore": true, "exploration_config": {"type": "StochasticSampling"}, "evaluation_interval": null, "evaluation_num_episodes": 10, "in_evaluation": false, "evaluation_config": {}, "evaluation_num_workers": 0, "custom_eval_function": null, "sample_async": false, "observation_filter": "NoFilter", "synchronize_filters": true, "tf_session_args": {"intra_op_parallelism_threads": 2, "inter_op_parallelism_threads": 2, "gpu_options": {"allow_growth": true}, "log_device_placement": false, "device_count": {"CPU": 1}, "allow_soft_placement": true}, "local_tf_session_args": {"intra_op_parallelism_threads": 8, "inter_op_parallelism_threads": 8}, "compress_observations": false, "collect_metrics_timeout": 180, "metrics_smoothing_episodes": 100, "remote_worker_envs": false, "remote_env_batch_wait_ms": 0, "min_iter_time_s": 0, "timesteps_per_iteration": 0, "seed": null, "extra_python_environs_for_driver": {}, "extra_python_environs_for_worker": {}, "num_cpus_per_worker": 1, "num_gpus_per_worker": 0, "custom_resources_per_worker": {}, "num_cpus_for_driver": 1, "memory": 0, "object_store_memory": 0, "memory_per_worker": 0, "object_store_memory_per_worker": 0, "input": "sampler", "input_evaluation": ["is", "wis"], "postprocess_inputs": false, "shuffle_buffer_size": 0, "output": null, "output_compress_columns": ["obs", "new_obs"], "output_max_file_size": 67108864, "multiagent": {"policies": {}, "policy_mapping_fn": null, "policies_to_train": null, "observation_fn": null}, "use_pytorch": -1, "use_critic": true, "use_gae": true, "lambda": 1.0, "kl_coeff": 0.2, "sgd_minibatch_size": 128, "shuffle_sequences": true, "num_sgd_iter": 30, "lr_schedule": null, "vf_share_layers": false, "vf_loss_coeff": 1.0, "entropy_coeff": 0.0, "entropy_coeff_schedule": null, "clip_param": 0.3, "vf_clip_param": 10.0, "grad_clip": null, "kl_target": 0.01, "simple_optimizer": false, "_fake_gpus": false}, "time_since_restore": 9.204643487930298, "timesteps_since_restore": 0, "iterations_since_restore": 1, "perf": {"cpu_util_percent": 37.19285714285714, "ram_util_percent": 3.5}, "trial_id": "066fb_00002", "experiment_tag": "2_lr=0.0001"}
