{"episode_reward_max": 77.0, "episode_reward_min": 8.0, "episode_reward_mean": 22.919540229885058, "episode_len_mean": 22.919540229885058, "episodes_this_iter": 174, "policy_reward_min": {}, "policy_reward_max": {}, "policy_reward_mean": {}, "custom_metrics": {}, "hist_stats": {"episode_reward": [42.0, 21.0, 50.0, 17.0, 31.0, 35.0, 72.0, 13.0, 12.0, 56.0, 12.0, 13.0, 34.0, 51.0, 16.0, 11.0, 18.0, 9.0, 18.0, 48.0, 38.0, 11.0, 26.0, 16.0, 16.0, 10.0, 13.0, 22.0, 10.0, 14.0, 10.0, 20.0, 39.0, 39.0, 51.0, 12.0, 13.0, 11.0, 11.0, 13.0, 48.0, 32.0, 37.0, 14.0, 38.0, 29.0, 25.0, 19.0, 35.0, 22.0, 52.0, 12.0, 19.0, 17.0, 13.0, 8.0, 10.0, 18.0, 15.0, 14.0, 25.0, 26.0, 26.0, 34.0, 37.0, 14.0, 38.0, 49.0, 21.0, 39.0, 32.0, 20.0, 14.0, 24.0, 33.0, 16.0, 11.0, 44.0, 19.0, 16.0, 10.0, 11.0, 27.0, 17.0, 29.0, 12.0, 32.0, 21.0, 12.0, 20.0, 14.0, 20.0, 58.0, 14.0, 11.0, 17.0, 18.0, 15.0, 18.0, 13.0, 39.0, 14.0, 12.0, 31.0, 23.0, 26.0, 28.0, 12.0, 15.0, 15.0, 11.0, 18.0, 12.0, 28.0, 25.0, 15.0, 24.0, 24.0, 49.0, 19.0, 16.0, 12.0, 19.0, 15.0, 35.0, 11.0, 22.0, 21.0, 11.0, 9.0, 15.0, 27.0, 19.0, 16.0, 10.0, 27.0, 16.0, 12.0, 38.0, 20.0, 17.0, 19.0, 11.0, 27.0, 38.0, 21.0, 40.0, 11.0, 14.0, 21.0, 12.0, 15.0, 32.0, 62.0, 12.0, 15.0, 17.0, 18.0, 18.0, 14.0, 23.0, 25.0, 31.0, 13.0, 18.0, 77.0, 28.0, 19.0, 13.0, 22.0, 12.0, 23.0, 27.0, 34.0], "episode_lengths": [42, 21, 50, 17, 31, 35, 72, 13, 12, 56, 12, 13, 34, 51, 16, 11, 18, 9, 18, 48, 38, 11, 26, 16, 16, 10, 13, 22, 10, 14, 10, 20, 39, 39, 51, 12, 13, 11, 11, 13, 48, 32, 37, 14, 38, 29, 25, 19, 35, 22, 52, 12, 19, 17, 13, 8, 10, 18, 15, 14, 25, 26, 26, 34, 37, 14, 38, 49, 21, 39, 32, 20, 14, 24, 33, 16, 11, 44, 19, 16, 10, 11, 27, 17, 29, 12, 32, 21, 12, 20, 14, 20, 58, 14, 11, 17, 18, 15, 18, 13, 39, 14, 12, 31, 23, 26, 28, 12, 15, 15, 11, 18, 12, 28, 25, 15, 24, 24, 49, 19, 16, 12, 19, 15, 35, 11, 22, 21, 11, 9, 15, 27, 19, 16, 10, 27, 16, 12, 38, 20, 17, 19, 11, 27, 38, 21, 40, 11, 14, 21, 12, 15, 32, 62, 12, 15, 17, 18, 18, 14, 23, 25, 31, 13, 18, 77, 28, 19, 13, 22, 12, 23, 27, 34]}, "sampler_perf": {"mean_env_wait_ms": 0.057811768047215474, "mean_processing_ms": 0.14273413000509635, "mean_inference_ms": 0.6400631892922463}, "off_policy_estimator": {}, "num_healthy_workers": 1, "timesteps_total": 4000, "timers": {"sample_time_ms": 4648.057, "sample_throughput": 860.575, "load_time_ms": 40.872, "load_throughput": 97866.278, "learn_time_ms": 3847.597, "learn_throughput": 1039.61, "update_time_ms": 2.25}, "info": {"learner": {"default_policy": {"cur_kl_coeff": 0.20000000298023224, "cur_lr": 9.999999747378752e-05, "total_loss": 97.61697387695312, "policy_loss": -0.049615249037742615, "vf_loss": 97.65995025634766, "vf_explained_var": 0.21835151314735413, "kl": 0.03310820087790489, "entropy": 0.6603477001190186, "entropy_coeff": 0.0, "model": {}}}, "num_steps_sampled": 4000, "num_steps_trained": 4000}, "done": false, "episodes_total": 174, "training_iteration": 1, "experiment_id": "81fc9d860bdd401f8aaff7765bb1e61a", "date": "2020-08-16_04-45-17", "timestamp": 1597553117, "time_this_iter_s": 8.63859748840332, "time_total_s": 8.63859748840332, "pid": 26919, "hostname": "ntozcc-dv-mlalo-vm", "node_ip": "10.0.0.4", "config": {"num_workers": 1, "num_envs_per_worker": 1, "rollout_fragment_length": 200, "sample_batch_size": -1, "batch_mode": "truncate_episodes", "num_gpus": 0, "train_batch_size": 4000, "model": {"conv_filters": null, "conv_activation": "relu", "fcnet_activation": "tanh", "fcnet_hiddens": [256, 256], "free_log_std": false, "no_final_linear": false, "vf_share_layers": true, "use_lstm": false, "max_seq_len": 20, "lstm_cell_size": 256, "lstm_use_prev_action_reward": false, "state_shape": null, "framestack": true, "dim": 84, "grayscale": false, "zero_mean": true, "custom_model": null, "custom_model_config": {}, "custom_action_dist": null, "custom_preprocessor": null, "custom_options": -1}, "optimizer": {}, "gamma": 0.99, "horizon": null, "soft_horizon": false, "no_done_at_end": false, "env_config": {}, "env": "CartPole-v0", "normalize_actions": false, "clip_rewards": null, "clip_actions": true, "preprocessor_pref": "deepmind", "lr": 0.0001, "monitor": false, "log_level": "WARN", "callbacks": "<class 'ray.rllib.agents.callbacks.DefaultCallbacks'>", "ignore_worker_failures": false, "log_sys_usage": true, "fake_sampler": false, "framework": "tf", "eager_tracing": false, "no_eager_on_workers": false, "explore": true, "exploration_config": {"type": "StochasticSampling"}, "evaluation_interval": null, "evaluation_num_episodes": 10, "in_evaluation": false, "evaluation_config": {}, "evaluation_num_workers": 0, "custom_eval_function": null, "sample_async": false, "observation_filter": "NoFilter", "synchronize_filters": true, "tf_session_args": {"intra_op_parallelism_threads": 2, "inter_op_parallelism_threads": 2, "gpu_options": {"allow_growth": true}, "log_device_placement": false, "device_count": {"CPU": 1}, "allow_soft_placement": true}, "local_tf_session_args": {"intra_op_parallelism_threads": 8, "inter_op_parallelism_threads": 8}, "compress_observations": false, "collect_metrics_timeout": 180, "metrics_smoothing_episodes": 100, "remote_worker_envs": false, "remote_env_batch_wait_ms": 0, "min_iter_time_s": 0, "timesteps_per_iteration": 0, "seed": null, "extra_python_environs_for_driver": {}, "extra_python_environs_for_worker": {}, "num_cpus_per_worker": 1, "num_gpus_per_worker": 0, "custom_resources_per_worker": {}, "num_cpus_for_driver": 1, "memory": 0, "object_store_memory": 0, "memory_per_worker": 0, "object_store_memory_per_worker": 0, "input": "sampler", "input_evaluation": ["is", "wis"], "postprocess_inputs": false, "shuffle_buffer_size": 0, "output": null, "output_compress_columns": ["obs", "new_obs"], "output_max_file_size": 67108864, "multiagent": {"policies": {}, "policy_mapping_fn": null, "policies_to_train": null, "observation_fn": null}, "use_pytorch": -1, "use_critic": true, "use_gae": true, "lambda": 1.0, "kl_coeff": 0.2, "sgd_minibatch_size": 128, "shuffle_sequences": true, "num_sgd_iter": 30, "lr_schedule": null, "vf_share_layers": false, "vf_loss_coeff": 1.0, "entropy_coeff": 0.0, "entropy_coeff_schedule": null, "clip_param": 0.3, "vf_clip_param": 10.0, "grad_clip": null, "kl_target": 0.01, "simple_optimizer": false, "_fake_gpus": false}, "time_since_restore": 8.63859748840332, "timesteps_since_restore": 0, "iterations_since_restore": 1, "perf": {"cpu_util_percent": 71.73076923076923, "ram_util_percent": 32.3}, "trial_id": "1e5b7_00002", "experiment_tag": "2_lr=0.0001"}
{"episode_reward_max": 171.0, "episode_reward_min": 11.0, "episode_reward_mean": 44.1, "episode_len_mean": 44.1, "episodes_this_iter": 82, "policy_reward_min": {}, "policy_reward_max": {}, "policy_reward_mean": {}, "custom_metrics": {}, "hist_stats": {"episode_reward": [46.0, 38.0, 30.0, 17.0, 25.0, 51.0, 38.0, 27.0, 29.0, 114.0, 27.0, 35.0, 65.0, 18.0, 92.0, 55.0, 53.0, 35.0, 17.0, 45.0, 43.0, 55.0, 22.0, 90.0, 11.0, 23.0, 44.0, 31.0, 31.0, 37.0, 39.0, 11.0, 56.0, 128.0, 24.0, 36.0, 25.0, 38.0, 52.0, 48.0, 17.0, 46.0, 27.0, 14.0, 36.0, 66.0, 32.0, 11.0, 27.0, 22.0, 72.0, 38.0, 20.0, 59.0, 108.0, 30.0, 96.0, 40.0, 29.0, 56.0, 29.0, 73.0, 87.0, 25.0, 86.0, 41.0, 99.0, 31.0, 55.0, 171.0, 59.0, 66.0, 70.0, 30.0, 21.0, 88.0, 76.0, 22.0, 112.0, 93.0, 79.0, 18.0, 17.0, 18.0, 18.0, 14.0, 23.0, 25.0, 31.0, 13.0, 18.0, 77.0, 28.0, 19.0, 13.0, 22.0, 12.0, 23.0, 27.0, 34.0], "episode_lengths": [46, 38, 30, 17, 25, 51, 38, 27, 29, 114, 27, 35, 65, 18, 92, 55, 53, 35, 17, 45, 43, 55, 22, 90, 11, 23, 44, 31, 31, 37, 39, 11, 56, 128, 24, 36, 25, 38, 52, 48, 17, 46, 27, 14, 36, 66, 32, 11, 27, 22, 72, 38, 20, 59, 108, 30, 96, 40, 29, 56, 29, 73, 87, 25, 86, 41, 99, 31, 55, 171, 59, 66, 70, 30, 21, 88, 76, 22, 112, 93, 79, 18, 17, 18, 18, 14, 23, 25, 31, 13, 18, 77, 28, 19, 13, 22, 12, 23, 27, 34]}, "sampler_perf": {"mean_env_wait_ms": 0.058791324045985756, "mean_processing_ms": 0.1415907908832907, "mean_inference_ms": 0.6499980967895845},