{"episode_reward_max": 71.0, "episode_reward_min": 8.0, "episode_reward_mean": 22.948275862068964, "episode_len_mean": 22.948275862068964, "episodes_this_iter": 174, "policy_reward_min": {}, "policy_reward_max": {}, "policy_reward_mean": {}, "custom_metrics": {}, "hist_stats": {"episode_reward": [60.0, 12.0, 8.0, 14.0, 20.0, 16.0, 16.0, 12.0, 24.0, 29.0, 12.0, 20.0, 18.0, 30.0, 15.0, 18.0, 20.0, 20.0, 15.0, 16.0, 23.0, 10.0, 21.0, 11.0, 22.0, 22.0, 10.0, 12.0, 13.0, 10.0, 19.0, 17.0, 15.0, 51.0, 10.0, 27.0, 23.0, 18.0, 8.0, 14.0, 71.0, 10.0, 11.0, 18.0, 38.0, 35.0, 20.0, 28.0, 10.0, 13.0, 14.0, 17.0, 33.0, 18.0, 11.0, 37.0, 15.0, 16.0, 14.0, 23.0, 32.0, 13.0, 17.0, 41.0, 12.0, 33.0, 70.0, 13.0, 34.0, 38.0, 16.0, 33.0, 26.0, 32.0, 31.0, 17.0, 22.0, 19.0, 14.0, 29.0, 21.0, 47.0, 19.0, 27.0, 21.0, 12.0, 44.0, 41.0, 20.0, 14.0, 24.0, 53.0, 12.0, 13.0, 44.0, 44.0, 10.0, 21.0, 55.0, 10.0, 17.0, 21.0, 16.0, 12.0, 29.0, 11.0, 17.0, 20.0, 38.0, 35.0, 55.0, 34.0, 14.0, 15.0, 10.0, 22.0, 20.0, 26.0, 9.0, 12.0, 18.0, 53.0, 41.0, 10.0, 21.0, 32.0, 27.0, 18.0, 12.0, 19.0, 17.0, 39.0, 30.0, 27.0, 20.0, 20.0, 16.0, 11.0, 15.0, 10.0, 12.0, 60.0, 30.0, 16.0, 10.0, 18.0, 17.0, 25.0, 10.0, 28.0, 21.0, 17.0, 28.0, 30.0, 19.0, 17.0, 19.0, 35.0, 40.0, 27.0, 10.0, 51.0, 22.0, 19.0, 18.0, 15.0, 13.0, 27.0, 25.0, 27.0, 15.0, 56.0, 15.0, 15.0], "episode_lengths": [60, 12, 8, 14, 20, 16, 16, 12, 24, 29, 12, 20, 18, 30, 15, 18, 20, 20, 15, 16, 23, 10, 21, 11, 22, 22, 10, 12, 13, 10, 19, 17, 15, 51, 10, 27, 23, 18, 8, 14, 71, 10, 11, 18, 38, 35, 20, 28, 10, 13, 14, 17, 33, 18, 11, 37, 15, 16, 14, 23, 32, 13, 17, 41, 12, 33, 70, 13, 34, 38, 16, 33, 26, 32, 31, 17, 22, 19, 14, 29, 21, 47, 19, 27, 21, 12, 44, 41, 20, 14, 24, 53, 12, 13, 44, 44, 10, 21, 55, 10, 17, 21, 16, 12, 29, 11, 17, 20, 38, 35, 55, 34, 14, 15, 10, 22, 20, 26, 9, 12, 18, 53, 41, 10, 21, 32, 27, 18, 12, 19, 17, 39, 30, 27, 20, 20, 16, 11, 15, 10, 12, 60, 30, 16, 10, 18, 17, 25, 10, 28, 21, 17, 28, 30, 19, 17, 19, 35, 40, 27, 10, 51, 22, 19, 18, 15, 13, 27, 25, 27, 15, 56, 15, 15]}, "sampler_perf": {"mean_env_wait_ms": 0.05858923548074163, "mean_processing_ms": 0.1415576496233913, "mean_inference_ms": 0.6352915402741112}, "off_policy_estimator": {}, "num_healthy_workers": 1, "timesteps_total": 4000, "timers": {"sample_time_ms": 4167.216, "sample_throughput": 959.873, "load_time_ms": 42.62, "load_throughput": 93852.775, "learn_time_ms": 3991.381, "learn_throughput": 1002.159, "update_time_ms": 2.426}, "info": {"learner": {"default_policy": {"cur_kl_coeff": 0.20000000298023224, "cur_lr": 0.009999999776482582, "total_loss": 87.23980712890625, "policy_loss": -0.04469245299696922, "vf_loss": 87.27767944335938, "vf_explained_var": 0.30197766423225403, "kl": 0.0341125950217247, "entropy": 0.6601880192756653, "entropy_coeff": 0.0, "model": {}}}, "num_steps_sampled": 4000, "num_steps_trained": 4000}, "done": true, "episodes_total": 174, "training_iteration": 1, "experiment_id": "39b97784caf246a3b9fe9728179467b9", "date": "2020-08-16_04-00-15", "timestamp": 1597550415, "time_this_iter_s": 8.308407068252563, "time_total_s": 8.308407068252563, "pid": 22350, "hostname": "ntozcc-dv-mlalo-vm", "node_ip": "10.0.0.4", "config": {"num_workers": 1, "num_envs_per_worker": 1, "rollout_fragment_length": 200, "sample_batch_size": -1, "batch_mode": "truncate_episodes", "num_gpus": 0, "train_batch_size": 4000, "model": {"conv_filters": null, "conv_activation": "relu", "fcnet_activation": "tanh", "fcnet_hiddens": [256, 256], "free_log_std": false, "no_final_linear": false, "vf_share_layers": true, "use_lstm": false, "max_seq_len": 20, "lstm_cell_size": 256, "lstm_use_prev_action_reward": false, "state_shape": null, "framestack": true, "dim": 84, "grayscale": false, "zero_mean": true, "custom_model": null, "custom_model_config": {}, "custom_action_dist": null, "custom_preprocessor": null, "custom_options": -1}, "optimizer": {}, "gamma": 0.99, "horizon": null, "soft_horizon": false, "no_done_at_end": false, "env_config": {}, "env": "CartPole-v0", "normalize_actions": false, "clip_rewards": null, "clip_actions": true, "preprocessor_pref": "deepmind", "lr": 0.01, "monitor": false, "log_level": "WARN", "callbacks": "<class 'ray.rllib.agents.callbacks.DefaultCallbacks'>", "ignore_worker_failures": false, "log_sys_usage": true, "fake_sampler": false, "framework": "tf", "eager_tracing": false, "no_eager_on_workers": false, "explore": true, "exploration_config": {"type": "StochasticSampling"}, "evaluation_interval": null, "evaluation_num_episodes": 10, "in_evaluation": false, "evaluation_config": {}, "evaluation_num_workers": 0, "custom_eval_function": null, "sample_async": false, "observation_filter": "NoFilter", "synchronize_filters": true, "tf_session_args": {"intra_op_parallelism_threads": 2, "inter_op_parallelism_threads": 2, "gpu_options": {"allow_growth": true}, "log_device_placement": false, "device_count": {"CPU": 1}, "allow_soft_placement": true}, "local_tf_session_args": {"intra_op_parallelism_threads": 8, "inter_op_parallelism_threads": 8}, "compress_observations": false, "collect_metrics_timeout": 180, "metrics_smoothing_episodes": 100, "remote_worker_envs": false, "remote_env_batch_wait_ms": 0, "min_iter_time_s": 0, "timesteps_per_iteration": 0, "seed": null, "extra_python_environs_for_driver": {}, "extra_python_environs_for_worker": {}, "num_cpus_per_worker": 1, "num_gpus_per_worker": 0, "custom_resources_per_worker": {}, "num_cpus_for_driver": 1, "memory": 0, "object_store_memory": 0, "memory_per_worker": 0, "object_store_memory_per_worker": 0, "input": "sampler", "input_evaluation": ["is", "wis"], "postprocess_inputs": false, "shuffle_buffer_size": 0, "output": null, "output_compress_columns": ["obs", "new_obs"], "output_max_file_size": 67108864, "multiagent": {"policies": {}, "policy_mapping_fn": null, "policies_to_train": null, "observation_fn": null}, "use_pytorch": -1, "use_critic": true, "use_gae": true, "lambda": 1.0, "kl_coeff": 0.2, "sgd_minibatch_size": 128, "shuffle_sequences": true, "num_sgd_iter": 30, "lr_schedule": null, "vf_share_layers": false, "vf_loss_coeff": 1.0, "entropy_coeff": 0.0, "entropy_coeff_schedule": null, "clip_param": 0.3, "vf_clip_param": 10.0, "grad_clip": null, "kl_target": 0.01, "simple_optimizer": false, "_fake_gpus": false}, "time_since_restore": 8.308407068252563, "timesteps_since_restore": 0, "iterations_since_restore": 1, "perf": {"cpu_util_percent": 72.74999999999999, "ram_util_percent": 32.333333333333336}, "trial_id": "f4f23_00000", "experiment_tag": "0_lr=0.01"}
