{"episode_reward_max": 60.0, "episode_reward_min": 9.0, "episode_reward_mean": 21.63586956521739, "episode_len_mean": 21.63586956521739, "episodes_this_iter": 184, "policy_reward_min": {}, "policy_reward_max": {}, "policy_reward_mean": {}, "custom_metrics": {}, "hist_stats": {"episode_reward": [17.0, 13.0, 14.0, 19.0, 19.0, 20.0, 24.0, 16.0, 15.0, 19.0, 16.0, 20.0, 30.0, 10.0, 11.0, 15.0, 23.0, 40.0, 25.0, 10.0, 25.0, 15.0, 43.0, 21.0, 30.0, 10.0, 11.0, 18.0, 31.0, 11.0, 31.0, 39.0, 12.0, 20.0, 27.0, 25.0, 27.0, 16.0, 12.0, 22.0, 20.0, 12.0, 17.0, 41.0, 18.0, 14.0, 24.0, 49.0, 32.0, 60.0, 17.0, 37.0, 34.0, 13.0, 19.0, 31.0, 10.0, 15.0, 24.0, 18.0, 22.0, 41.0, 13.0, 14.0, 27.0, 24.0, 25.0, 34.0, 21.0, 12.0, 13.0, 18.0, 15.0, 26.0, 15.0, 26.0, 19.0, 18.0, 23.0, 11.0, 14.0, 16.0, 41.0, 22.0, 23.0, 22.0, 24.0, 19.0, 22.0, 17.0, 12.0, 13.0, 15.0, 16.0, 12.0, 16.0, 16.0, 12.0, 18.0, 51.0, 10.0, 14.0, 16.0, 18.0, 25.0, 21.0, 52.0, 33.0, 14.0, 27.0, 24.0, 12.0, 22.0, 19.0, 20.0, 33.0, 30.0, 17.0, 10.0, 9.0, 12.0, 21.0, 11.0, 12.0, 10.0, 13.0, 26.0, 17.0, 10.0, 43.0, 13.0, 20.0, 37.0, 54.0, 15.0, 32.0, 35.0, 21.0, 22.0, 14.0, 30.0, 10.0, 11.0, 31.0, 12.0, 38.0, 12.0, 21.0, 12.0, 26.0, 36.0, 19.0, 11.0, 16.0, 29.0, 21.0, 32.0, 18.0, 35.0, 25.0, 24.0, 24.0, 14.0, 14.0, 24.0, 11.0, 10.0, 48.0, 35.0, 17.0, 13.0, 36.0, 12.0, 16.0, 17.0, 21.0, 21.0, 35.0, 14.0, 35.0, 16.0, 14.0, 27.0, 29.0], "episode_lengths": [17, 13, 14, 19, 19, 20, 24, 16, 15, 19, 16, 20, 30, 10, 11, 15, 23, 40, 25, 10, 25, 15, 43, 21, 30, 10, 11, 18, 31, 11, 31, 39, 12, 20, 27, 25, 27, 16, 12, 22, 20, 12, 17, 41, 18, 14, 24, 49, 32, 60, 17, 37, 34, 13, 19, 31, 10, 15, 24, 18, 22, 41, 13, 14, 27, 24, 25, 34, 21, 12, 13, 18, 15, 26, 15, 26, 19, 18, 23, 11, 14, 16, 41, 22, 23, 22, 24, 19, 22, 17, 12, 13, 15, 16, 12, 16, 16, 12, 18, 51, 10, 14, 16, 18, 25, 21, 52, 33, 14, 27, 24, 12, 22, 19, 20, 33, 30, 17, 10, 9, 12, 21, 11, 12, 10, 13, 26, 17, 10, 43, 13, 20, 37, 54, 15, 32, 35, 21, 22, 14, 30, 10, 11, 31, 12, 38, 12, 21, 12, 26, 36, 19, 11, 16, 29, 21, 32, 18, 35, 25, 24, 24, 14, 14, 24, 11, 10, 48, 35, 17, 13, 36, 12, 16, 17, 21, 21, 35, 14, 35, 16, 14, 27, 29]}, "sampler_perf": {"mean_env_wait_ms": 0.05739332884140414, "mean_processing_ms": 0.14382962792016843, "mean_inference_ms": 0.6223595520759398}, "off_policy_estimator": {}, "num_healthy_workers": 1, "timesteps_total": 4000, "timers": {"sample_time_ms": 4168.901, "sample_throughput": 959.485, "load_time_ms": 38.132, "load_throughput": 104899.56, "learn_time_ms": 3836.387, "learn_throughput": 1042.648, "update_time_ms": 2.047}, "info": {"learner": {"default_policy": {"cur_kl_coeff": 0.20000000298023224, "cur_lr": 0.009999999776482582, "total_loss": 57.96730422973633, "policy_loss": -0.05108644813299179, "vf_loss": 58.01106262207031, "vf_explained_var": 0.3357962369918823, "kl": 0.03662452846765518, "entropy": 0.6580115556716919, "entropy_coeff": 0.0, "model": {}}}, "num_steps_sampled": 4000, "num_steps_trained": 4000}, "done": true, "episodes_total": 184, "training_iteration": 1, "experiment_id": "2fa1a9a1acb548208876f9de7254c7ce", "date": "2020-08-16_04-15-35", "timestamp": 1597551335, "time_this_iter_s": 8.143019676208496, "time_total_s": 8.143019676208496, "pid": 24310, "hostname": "ntozcc-dv-mlalo-vm", "node_ip": "10.0.0.4", "config": {"num_workers": 1, "num_envs_per_worker": 1, "rollout_fragment_length": 200, "sample_batch_size": -1, "batch_mode": "truncate_episodes", "num_gpus": 0, "train_batch_size": 4000, "model": {"conv_filters": null, "conv_activation": "relu", "fcnet_activation": "tanh", "fcnet_hiddens": [256, 256], "free_log_std": false, "no_final_linear": false, "vf_share_layers": true, "use_lstm": false, "max_seq_len": 20, "lstm_cell_size": 256, "lstm_use_prev_action_reward": false, "state_shape": null, "framestack": true, "dim": 84, "grayscale": false, "zero_mean": true, "custom_model": null, "custom_model_config": {}, "custom_action_dist": null, "custom_preprocessor": null, "custom_options": -1}, "optimizer": {}, "gamma": 0.99, "horizon": null, "soft_horizon": false, "no_done_at_end": false, "env_config": {}, "env": "CartPole-v0", "normalize_actions": false, "clip_rewards": null, "clip_actions": true, "preprocessor_pref": "deepmind", "lr": 0.01, "monitor": false, "log_level": "WARN", "callbacks": "<class 'ray.rllib.agents.callbacks.DefaultCallbacks'>", "ignore_worker_failures": false, "log_sys_usage": true, "fake_sampler": false, "framework": "tf", "eager_tracing": false, "no_eager_on_workers": false, "explore": true, "exploration_config": {"type": "StochasticSampling"}, "evaluation_interval": null, "evaluation_num_episodes": 10, "in_evaluation": false, "evaluation_config": {}, "evaluation_num_workers": 0, "custom_eval_function": null, "sample_async": false, "observation_filter": "NoFilter", "synchronize_filters": true, "tf_session_args": {"intra_op_parallelism_threads": 2, "inter_op_parallelism_threads": 2, "gpu_options": {"allow_growth": true}, "log_device_placement": false, "device_count": {"CPU": 1}, "allow_soft_placement": true}, "local_tf_session_args": {"intra_op_parallelism_threads": 8, "inter_op_parallelism_threads": 8}, "compress_observations": false, "collect_metrics_timeout": 180, "metrics_smoothing_episodes": 100, "remote_worker_envs": false, "remote_env_batch_wait_ms": 0, "min_iter_time_s": 0, "timesteps_per_iteration": 0, "seed": null, "extra_python_environs_for_driver": {}, "extra_python_environs_for_worker": {}, "num_cpus_per_worker": 1, "num_gpus_per_worker": 0, "custom_resources_per_worker": {}, "num_cpus_for_driver": 1, "memory": 0, "object_store_memory": 0, "memory_per_worker": 0, "object_store_memory_per_worker": 0, "input": "sampler", "input_evaluation": ["is", "wis"], "postprocess_inputs": false, "shuffle_buffer_size": 0, "output": null, "output_compress_columns": ["obs", "new_obs"], "output_max_file_size": 67108864, "multiagent": {"policies": {}, "policy_mapping_fn": null, "policies_to_train": null, "observation_fn": null}, "use_pytorch": -1, "use_critic": true, "use_gae": true, "lambda": 1.0, "kl_coeff": 0.2, "sgd_minibatch_size": 128, "shuffle_sequences": true, "num_sgd_iter": 30, "lr_schedule": null, "vf_share_layers": false, "vf_loss_coeff": 1.0, "entropy_coeff": 0.0, "entropy_coeff_schedule": null, "clip_param": 0.3, "vf_clip_param": 10.0, "grad_clip": null, "kl_target": 0.01, "simple_optimizer": false, "_fake_gpus": false}, "time_since_restore": 8.143019676208496, "timesteps_since_restore": 0, "iterations_since_restore": 1, "perf": {"cpu_util_percent": 72.60833333333333, "ram_util_percent": 32.19166666666666}, "trial_id": "19b84_00000", "experiment_tag": "0_lr=0.01"}
