{"episode_reward_max": 81.0, "episode_reward_min": 8.0, "episode_reward_mean": 22.307262569832403, "episode_len_mean": 22.307262569832403, "episodes_this_iter": 179, "policy_reward_min": {}, "policy_reward_max": {}, "policy_reward_mean": {}, "custom_metrics": {}, "hist_stats": {"episode_reward": [16.0, 18.0, 27.0, 12.0, 45.0, 71.0, 17.0, 34.0, 20.0, 23.0, 11.0, 48.0, 14.0, 23.0, 13.0, 28.0, 10.0, 16.0, 37.0, 18.0, 13.0, 23.0, 22.0, 18.0, 12.0, 16.0, 17.0, 22.0, 63.0, 12.0, 12.0, 16.0, 38.0, 26.0, 48.0, 15.0, 12.0, 70.0, 20.0, 12.0, 18.0, 14.0, 22.0, 16.0, 22.0, 20.0, 20.0, 12.0, 10.0, 13.0, 24.0, 20.0, 14.0, 17.0, 30.0, 27.0, 16.0, 26.0, 24.0, 24.0, 18.0, 27.0, 20.0, 22.0, 34.0, 16.0, 15.0, 18.0, 15.0, 17.0, 12.0, 24.0, 31.0, 15.0, 12.0, 17.0, 18.0, 20.0, 22.0, 26.0, 15.0, 22.0, 17.0, 28.0, 27.0, 39.0, 15.0, 11.0, 50.0, 17.0, 23.0, 17.0, 13.0, 17.0, 14.0, 37.0, 14.0, 23.0, 13.0, 22.0, 9.0, 11.0, 14.0, 10.0, 19.0, 35.0, 24.0, 17.0, 21.0, 33.0, 10.0, 8.0, 29.0, 18.0, 47.0, 25.0, 14.0, 14.0, 11.0, 30.0, 21.0, 20.0, 44.0, 11.0, 22.0, 18.0, 27.0, 22.0, 12.0, 27.0, 24.0, 14.0, 65.0, 20.0, 11.0, 31.0, 24.0, 12.0, 22.0, 18.0, 35.0, 24.0, 12.0, 17.0, 81.0, 15.0, 26.0, 10.0, 12.0, 13.0, 10.0, 20.0, 63.0, 14.0, 70.0, 13.0, 16.0, 8.0, 16.0, 11.0, 12.0, 29.0, 36.0, 19.0, 18.0, 19.0, 15.0, 14.0, 20.0, 16.0, 14.0, 40.0, 12.0, 21.0, 31.0, 15.0, 14.0, 55.0, 33.0], "episode_lengths": [16, 18, 27, 12, 45, 71, 17, 34, 20, 23, 11, 48, 14, 23, 13, 28, 10, 16, 37, 18, 13, 23, 22, 18, 12, 16, 17, 22, 63, 12, 12, 16, 38, 26, 48, 15, 12, 70, 20, 12, 18, 14, 22, 16, 22, 20, 20, 12, 10, 13, 24, 20, 14, 17, 30, 27, 16, 26, 24, 24, 18, 27, 20, 22, 34, 16, 15, 18, 15, 17, 12, 24, 31, 15, 12, 17, 18, 20, 22, 26, 15, 22, 17, 28, 27, 39, 15, 11, 50, 17, 23, 17, 13, 17, 14, 37, 14, 23, 13, 22, 9, 11, 14, 10, 19, 35, 24, 17, 21, 33, 10, 8, 29, 18, 47, 25, 14, 14, 11, 30, 21, 20, 44, 11, 22, 18, 27, 22, 12, 27, 24, 14, 65, 20, 11, 31, 24, 12, 22, 18, 35, 24, 12, 17, 81, 15, 26, 10, 12, 13, 10, 20, 63, 14, 70, 13, 16, 8, 16, 11, 12, 29, 36, 19, 18, 19, 15, 14, 20, 16, 14, 40, 12, 21, 31, 15, 14, 55, 33]}, "sampler_perf": {"mean_env_wait_ms": 0.05835039977340872, "mean_processing_ms": 0.14278519841856552, "mean_inference_ms": 0.6437545953706276}, "off_policy_estimator": {}, "num_healthy_workers": 1, "timesteps_total": 4000, "timers": {"sample_time_ms": 4625.748, "sample_throughput": 864.725, "load_time_ms": 39.463, "load_throughput": 101360.657, "learn_time_ms": 3834.616, "learn_throughput": 1043.129, "update_time_ms": 2.142}, "info": {"learner": {"default_policy": {"cur_kl_coeff": 0.20000000298023224, "cur_lr": 9.999999747378752e-05, "total_loss": 99.14242553710938, "policy_loss": -0.04688422754406929, "vf_loss": 99.1826171875, "vf_explained_var": 0.21711981296539307, "kl": 0.033453911542892456, "entropy": 0.6606506705284119, "entropy_coeff": 0.0, "model": {}}}, "num_steps_sampled": 4000, "num_steps_trained": 4000}, "done": true, "episodes_total": 179, "training_iteration": 1, "experiment_id": "6151a3bbcf064b35b218d9d3cd142fd7", "date": "2020-08-16_03-48-26", "timestamp": 1597549706, "time_this_iter_s": 8.60056471824646, "time_total_s": 8.60056471824646, "pid": 20260, "hostname": "ntozcc-dv-mlalo-vm", "node_ip": "10.0.0.4", "config": {"num_workers": 1, "num_envs_per_worker": 1, "rollout_fragment_length": 200, "sample_batch_size": -1, "batch_mode": "truncate_episodes", "num_gpus": 0, "train_batch_size": 4000, "model": {"conv_filters": null, "conv_activation": "relu", "fcnet_activation": "tanh", "fcnet_hiddens": [256, 256], "free_log_std": false, "no_final_linear": false, "vf_share_layers": true, "use_lstm": false, "max_seq_len": 20, "lstm_cell_size": 256, "lstm_use_prev_action_reward": false, "state_shape": null, "framestack": true, "dim": 84, "grayscale": false, "zero_mean": true, "custom_model": null, "custom_model_config": {}, "custom_action_dist": null, "custom_preprocessor": null, "custom_options": -1}, "optimizer": {}, "gamma": 0.99, "horizon": null, "soft_horizon": false, "no_done_at_end": false, "env_config": {}, "env": "CartPole-v0", "normalize_actions": false, "clip_rewards": null, "clip_actions": true, "preprocessor_pref": "deepmind", "lr": 0.0001, "monitor": false, "log_level": "WARN", "callbacks": "<class 'ray.rllib.agents.callbacks.DefaultCallbacks'>", "ignore_worker_failures": false, "log_sys_usage": true, "fake_sampler": false, "framework": "tf", "eager_tracing": false, "no_eager_on_workers": false, "explore": true, "exploration_config": {"type": "StochasticSampling"}, "evaluation_interval": null, "evaluation_num_episodes": 10, "in_evaluation": false, "evaluation_config": {}, "evaluation_num_workers": 0, "custom_eval_function": null, "sample_async": false, "observation_filter": "NoFilter", "synchronize_filters": true, "tf_session_args": {"intra_op_parallelism_threads": 2, "inter_op_parallelism_threads": 2, "gpu_options": {"allow_growth": true}, "log_device_placement": false, "device_count": {"CPU": 1}, "allow_soft_placement": true}, "local_tf_session_args": {"intra_op_parallelism_threads": 8, "inter_op_parallelism_threads": 8}, "compress_observations": false, "collect_metrics_timeout": 180, "metrics_smoothing_episodes": 100, "remote_worker_envs": false, "remote_env_batch_wait_ms": 0, "min_iter_time_s": 0, "timesteps_per_iteration": 0, "seed": null, "extra_python_environs_for_driver": {}, "extra_python_environs_for_worker": {}, "num_cpus_per_worker": 1, "num_gpus_per_worker": 0, "custom_resources_per_worker": {}, "num_cpus_for_driver": 1, "memory": 0, "object_store_memory": 0, "memory_per_worker": 0, "object_store_memory_per_worker": 0, "input": "sampler", "input_evaluation": ["is", "wis"], "postprocess_inputs": false, "shuffle_buffer_size": 0, "output": null, "output_compress_columns": ["obs", "new_obs"], "output_max_file_size": 67108864, "multiagent": {"policies": {}, "policy_mapping_fn": null, "policies_to_train": null, "observation_fn": null}, "use_pytorch": -1, "use_critic": true, "use_gae": true, "lambda": 1.0, "kl_coeff": 0.2, "sgd_minibatch_size": 128, "shuffle_sequences": true, "num_sgd_iter": 30, "lr_schedule": null, "vf_share_layers": false, "vf_loss_coeff": 1.0, "entropy_coeff": 0.0, "entropy_coeff_schedule": null, "clip_param": 0.3, "vf_clip_param": 10.0, "grad_clip": null, "kl_target": 0.01, "simple_optimizer": false, "_fake_gpus": false}, "time_since_restore": 8.60056471824646, "timesteps_since_restore": 0, "iterations_since_restore": 1, "perf": {"cpu_util_percent": 71.70769230769231, "ram_util_percent": 32.26153846153846}, "trial_id": "3e903_00002", "experiment_tag": "2_lr=0.0001"}
