{"episode_reward_max": 74.0, "episode_reward_min": 8.0, "episode_reward_mean": 22.22222222222222, "episode_len_mean": 22.22222222222222, "episodes_this_iter": 180, "policy_reward_min": {}, "policy_reward_max": {}, "policy_reward_mean": {}, "custom_metrics": {}, "hist_stats": {"episode_reward": [18.0, 15.0, 13.0, 11.0, 12.0, 12.0, 14.0, 26.0, 13.0, 9.0, 13.0, 14.0, 10.0, 17.0, 41.0, 31.0, 14.0, 50.0, 29.0, 24.0, 17.0, 24.0, 18.0, 20.0, 13.0, 30.0, 11.0, 12.0, 67.0, 18.0, 40.0, 14.0, 40.0, 13.0, 13.0, 26.0, 56.0, 26.0, 16.0, 16.0, 10.0, 27.0, 20.0, 20.0, 34.0, 20.0, 15.0, 17.0, 52.0, 14.0, 24.0, 12.0, 36.0, 16.0, 16.0, 16.0, 36.0, 27.0, 20.0, 12.0, 17.0, 38.0, 24.0, 20.0, 23.0, 11.0, 13.0, 14.0, 15.0, 26.0, 35.0, 32.0, 30.0, 24.0, 8.0, 15.0, 16.0, 13.0, 21.0, 18.0, 21.0, 14.0, 25.0, 12.0, 10.0, 13.0, 15.0, 18.0, 26.0, 18.0, 22.0, 17.0, 22.0, 17.0, 21.0, 38.0, 14.0, 15.0, 14.0, 15.0, 10.0, 18.0, 27.0, 13.0, 21.0, 11.0, 15.0, 12.0, 25.0, 29.0, 37.0, 43.0, 11.0, 26.0, 18.0, 16.0, 15.0, 28.0, 24.0, 11.0, 12.0, 42.0, 31.0, 14.0, 11.0, 38.0, 25.0, 21.0, 12.0, 16.0, 23.0, 19.0, 20.0, 36.0, 29.0, 23.0, 52.0, 14.0, 24.0, 19.0, 28.0, 12.0, 37.0, 39.0, 27.0, 12.0, 27.0, 14.0, 10.0, 17.0, 13.0, 20.0, 16.0, 13.0, 42.0, 16.0, 24.0, 11.0, 36.0, 25.0, 19.0, 14.0, 74.0, 10.0, 22.0, 24.0, 15.0, 18.0, 12.0, 66.0, 13.0, 18.0, 41.0, 15.0, 15.0, 40.0, 51.0, 22.0, 63.0, 18.0], "episode_lengths": [18, 15, 13, 11, 12, 12, 14, 26, 13, 9, 13, 14, 10, 17, 41, 31, 14, 50, 29, 24, 17, 24, 18, 20, 13, 30, 11, 12, 67, 18, 40, 14, 40, 13, 13, 26, 56, 26, 16, 16, 10, 27, 20, 20, 34, 20, 15, 17, 52, 14, 24, 12, 36, 16, 16, 16, 36, 27, 20, 12, 17, 38, 24, 20, 23, 11, 13, 14, 15, 26, 35, 32, 30, 24, 8, 15, 16, 13, 21, 18, 21, 14, 25, 12, 10, 13, 15, 18, 26, 18, 22, 17, 22, 17, 21, 38, 14, 15, 14, 15, 10, 18, 27, 13, 21, 11, 15, 12, 25, 29, 37, 43, 11, 26, 18, 16, 15, 28, 24, 11, 12, 42, 31, 14, 11, 38, 25, 21, 12, 16, 23, 19, 20, 36, 29, 23, 52, 14, 24, 19, 28, 12, 37, 39, 27, 12, 27, 14, 10, 17, 13, 20, 16, 13, 42, 16, 24, 11, 36, 25, 19, 14, 74, 10, 22, 24, 15, 18, 12, 66, 13, 18, 41, 15, 15, 40, 51, 22, 63, 18]}, "sampler_perf": {"mean_env_wait_ms": 0.058419821829058124, "mean_processing_ms": 0.14118688221545073, "mean_inference_ms": 0.6392910849359804}, "off_policy_estimator": {}, "num_healthy_workers": 1, "timesteps_total": 4000, "timers": {"sample_time_ms": 4632.957, "sample_throughput": 863.379, "load_time_ms": 39.925, "load_throughput": 100188.204, "learn_time_ms": 4028.438, "learn_throughput": 992.941, "update_time_ms": 3.128}, "info": {"learner": {"default_policy": {"cur_kl_coeff": 0.20000000298023224, "cur_lr": 9.999999747378752e-05, "total_loss": 95.28668212890625, "policy_loss": -0.04689528048038483, "vf_loss": 95.3271255493164, "vf_explained_var": 0.20968197286128998, "kl": 0.032245758920907974, "entropy": 0.662006676197052, "entropy_coeff": 0.0, "model": {}}}, "num_steps_sampled": 4000, "num_steps_trained": 4000}, "done": true, "episodes_total": 180, "training_iteration": 1, "experiment_id": "aba356403fdf47ddb3239eb800427893", "date": "2020-08-16_04-41-11", "timestamp": 1597552871, "time_this_iter_s": 8.807690620422363, "time_total_s": 8.807690620422363, "pid": 26410, "hostname": "ntozcc-dv-mlalo-vm", "node_ip": "10.0.0.4", "config": {"num_workers": 1, "num_envs_per_worker": 1, "rollout_fragment_length": 200, "sample_batch_size": -1, "batch_mode": "truncate_episodes", "num_gpus": 0, "train_batch_size": 4000, "model": {"conv_filters": null, "conv_activation": "relu", "fcnet_activation": "tanh", "fcnet_hiddens": [256, 256], "free_log_std": false, "no_final_linear": false, "vf_share_layers": true, "use_lstm": false, "max_seq_len": 20, "lstm_cell_size": 256, "lstm_use_prev_action_reward": false, "state_shape": null, "framestack": true, "dim": 84, "grayscale": false, "zero_mean": true, "custom_model": null, "custom_model_config": {}, "custom_action_dist": null, "custom_preprocessor": null, "custom_options": -1}, "optimizer": {}, "gamma": 0.99, "horizon": null, "soft_horizon": false, "no_done_at_end": false, "env_config": {}, "env": "CartPole-v0", "normalize_actions": false, "clip_rewards": null, "clip_actions": true, "preprocessor_pref": "deepmind", "lr": 0.0001, "monitor": false, "log_level": "WARN", "callbacks": "<class 'ray.rllib.agents.callbacks.DefaultCallbacks'>", "ignore_worker_failures": false, "log_sys_usage": true, "fake_sampler": false, "framework": "tf", "eager_tracing": false, "no_eager_on_workers": false, "explore": true, "exploration_config": {"type": "StochasticSampling"}, "evaluation_interval": null, "evaluation_num_episodes": 10, "in_evaluation": false, "evaluation_config": {}, "evaluation_num_workers": 0, "custom_eval_function": null, "sample_async": false, "observation_filter": "NoFilter", "synchronize_filters": true, "tf_session_args": {"intra_op_parallelism_threads": 2, "inter_op_parallelism_threads": 2, "gpu_options": {"allow_growth": true}, "log_device_placement": false, "device_count": {"CPU": 1}, "allow_soft_placement": true}, "local_tf_session_args": {"intra_op_parallelism_threads": 8, "inter_op_parallelism_threads": 8}, "compress_observations": false, "collect_metrics_timeout": 180, "metrics_smoothing_episodes": 100, "remote_worker_envs": false, "remote_env_batch_wait_ms": 0, "min_iter_time_s": 0, "timesteps_per_iteration": 0, "seed": null, "extra_python_environs_for_driver": {}, "extra_python_environs_for_worker": {}, "num_cpus_per_worker": 1, "num_gpus_per_worker": 0, "custom_resources_per_worker": {}, "num_cpus_for_driver": 1, "memory": 0, "object_store_memory": 0, "memory_per_worker": 0, "object_store_memory_per_worker": 0, "input": "sampler", "input_evaluation": ["is", "wis"], "postprocess_inputs": false, "shuffle_buffer_size": 0, "output": null, "output_compress_columns": ["obs", "new_obs"], "output_max_file_size": 67108864, "multiagent": {"policies": {}, "policy_mapping_fn": null, "policies_to_train": null, "observation_fn": null}, "use_pytorch": -1, "use_critic": true, "use_gae": true, "lambda": 1.0, "kl_coeff": 0.2, "sgd_minibatch_size": 128, "shuffle_sequences": true, "num_sgd_iter": 30, "lr_schedule": null, "vf_share_layers": false, "vf_loss_coeff": 1.0, "entropy_coeff": 0.0, "entropy_coeff_schedule": null, "clip_param": 0.3, "vf_clip_param": 10.0, "grad_clip": null, "kl_target": 0.01, "simple_optimizer": false, "_fake_gpus": false}, "time_since_restore": 8.807690620422363, "timesteps_since_restore": 0, "iterations_since_restore": 1, "perf": {"cpu_util_percent": 71.30769230769232, "ram_util_percent": 32.36153846153847}, "trial_id": "9c0b2_00002", "experiment_tag": "2_lr=0.0001"}
