{"episode_reward_max": 106.0, "episode_reward_min": 9.0, "episode_reward_mean": 21.84153005464481, "episode_len_mean": 21.84153005464481, "episodes_this_iter": 183, "policy_reward_min": {}, "policy_reward_max": {}, "policy_reward_mean": {}, "custom_metrics": {}, "hist_stats": {"episode_reward": [20.0, 26.0, 28.0, 19.0, 15.0, 11.0, 16.0, 28.0, 45.0, 13.0, 38.0, 38.0, 15.0, 22.0, 22.0, 27.0, 22.0, 20.0, 15.0, 21.0, 25.0, 15.0, 22.0, 17.0, 25.0, 42.0, 28.0, 24.0, 24.0, 11.0, 63.0, 38.0, 42.0, 27.0, 15.0, 59.0, 14.0, 12.0, 33.0, 106.0, 17.0, 17.0, 12.0, 16.0, 34.0, 11.0, 11.0, 14.0, 13.0, 11.0, 43.0, 12.0, 10.0, 10.0, 16.0, 37.0, 19.0, 35.0, 23.0, 46.0, 12.0, 14.0, 26.0, 17.0, 15.0, 9.0, 37.0, 20.0, 45.0, 16.0, 11.0, 9.0, 46.0, 20.0, 14.0, 31.0, 26.0, 18.0, 52.0, 17.0, 23.0, 14.0, 21.0, 22.0, 17.0, 30.0, 11.0, 19.0, 54.0, 32.0, 54.0, 24.0, 16.0, 29.0, 12.0, 12.0, 13.0, 31.0, 13.0, 9.0, 21.0, 21.0, 12.0, 27.0, 15.0, 25.0, 14.0, 14.0, 19.0, 10.0, 11.0, 22.0, 12.0, 36.0, 18.0, 9.0, 10.0, 37.0, 32.0, 18.0, 11.0, 28.0, 20.0, 21.0, 12.0, 11.0, 24.0, 18.0, 12.0, 25.0, 18.0, 20.0, 17.0, 19.0, 15.0, 16.0, 15.0, 22.0, 13.0, 18.0, 16.0, 14.0, 24.0, 33.0, 22.0, 18.0, 30.0, 22.0, 33.0, 18.0, 20.0, 12.0, 16.0, 27.0, 12.0, 21.0, 27.0, 14.0, 21.0, 12.0, 11.0, 12.0, 15.0, 12.0, 18.0, 18.0, 12.0, 39.0, 18.0, 33.0, 11.0, 15.0, 18.0, 20.0, 14.0, 10.0, 12.0, 12.0, 26.0, 21.0, 40.0, 20.0, 19.0], "episode_lengths": [20, 26, 28, 19, 15, 11, 16, 28, 45, 13, 38, 38, 15, 22, 22, 27, 22, 20, 15, 21, 25, 15, 22, 17, 25, 42, 28, 24, 24, 11, 63, 38, 42, 27, 15, 59, 14, 12, 33, 106, 17, 17, 12, 16, 34, 11, 11, 14, 13, 11, 43, 12, 10, 10, 16, 37, 19, 35, 23, 46, 12, 14, 26, 17, 15, 9, 37, 20, 45, 16, 11, 9, 46, 20, 14, 31, 26, 18, 52, 17, 23, 14, 21, 22, 17, 30, 11, 19, 54, 32, 54, 24, 16, 29, 12, 12, 13, 31, 13, 9, 21, 21, 12, 27, 15, 25, 14, 14, 19, 10, 11, 22, 12, 36, 18, 9, 10, 37, 32, 18, 11, 28, 20, 21, 12, 11, 24, 18, 12, 25, 18, 20, 17, 19, 15, 16, 15, 22, 13, 18, 16, 14, 24, 33, 22, 18, 30, 22, 33, 18, 20, 12, 16, 27, 12, 21, 27, 14, 21, 12, 11, 12, 15, 12, 18, 18, 12, 39, 18, 33, 11, 15, 18, 20, 14, 10, 12, 12, 26, 21, 40, 20, 19]}, "sampler_perf": {"mean_env_wait_ms": 0.05744594658830411, "mean_processing_ms": 0.14088106763210934, "mean_inference_ms": 0.621840704145863}, "off_policy_estimator": {}, "num_healthy_workers": 1, "timesteps_total": 4000, "timers": {"sample_time_ms": 4525.655, "sample_throughput": 883.85, "load_time_ms": 37.47, "load_throughput": 106751.777, "learn_time_ms": 3852.362, "learn_throughput": 1038.324, "update_time_ms": 2.084}, "info": {"learner": {"default_policy": {"cur_kl_coeff": 0.20000000298023224, "cur_lr": 9.999999747378752e-05, "total_loss": 99.63868713378906, "policy_loss": -0.045745693147182465, "vf_loss": 99.67845153808594, "vf_explained_var": 0.22151513397693634, "kl": 0.029920997098088264, "entropy": 0.6639654040336609, "entropy_coeff": 0.0, "model": {}}}, "num_steps_sampled": 4000, "num_steps_trained": 4000}, "done": true, "episodes_total": 183, "training_iteration": 1, "experiment_id": "6025063e15894f14a6dfab0282d833ea", "date": "2020-08-16_03-54-45", "timestamp": 1597550085, "time_this_iter_s": 8.526067018508911, "time_total_s": 8.526067018508911, "pid": 21631, "hostname": "ntozcc-dv-mlalo-vm", "node_ip": "10.0.0.4", "config": {"num_workers": 1, "num_envs_per_worker": 1, "rollout_fragment_length": 200, "sample_batch_size": -1, "batch_mode": "truncate_episodes", "num_gpus": 0, "train_batch_size": 4000, "model": {"conv_filters": null, "conv_activation": "relu", "fcnet_activation": "tanh", "fcnet_hiddens": [256, 256], "free_log_std": false, "no_final_linear": false, "vf_share_layers": true, "use_lstm": false, "max_seq_len": 20, "lstm_cell_size": 256, "lstm_use_prev_action_reward": false, "state_shape": null, "framestack": true, "dim": 84, "grayscale": false, "zero_mean": true, "custom_model": null, "custom_model_config": {}, "custom_action_dist": null, "custom_preprocessor": null, "custom_options": -1}, "optimizer": {}, "gamma": 0.99, "horizon": null, "soft_horizon": false, "no_done_at_end": false, "env_config": {}, "env": "CartPole-v0", "normalize_actions": false, "clip_rewards": null, "clip_actions": true, "preprocessor_pref": "deepmind", "lr": 0.0001, "monitor": false, "log_level": "WARN", "callbacks": "<class 'ray.rllib.agents.callbacks.DefaultCallbacks'>", "ignore_worker_failures": false, "log_sys_usage": true, "fake_sampler": false, "framework": "tf", "eager_tracing": false, "no_eager_on_workers": false, "explore": true, "exploration_config": {"type": "StochasticSampling"}, "evaluation_interval": null, "evaluation_num_episodes": 10, "in_evaluation": false, "evaluation_config": {}, "evaluation_num_workers": 0, "custom_eval_function": null, "sample_async": false, "observation_filter": "NoFilter", "synchronize_filters": true, "tf_session_args": {"intra_op_parallelism_threads": 2, "inter_op_parallelism_threads": 2, "gpu_options": {"allow_growth": true}, "log_device_placement": false, "device_count": {"CPU": 1}, "allow_soft_placement": true}, "local_tf_session_args": {"intra_op_parallelism_threads": 8, "inter_op_parallelism_threads": 8}, "compress_observations": false, "collect_metrics_timeout": 180, "metrics_smoothing_episodes": 100, "remote_worker_envs": false, "remote_env_batch_wait_ms": 0, "min_iter_time_s": 0, "timesteps_per_iteration": 0, "seed": null, "extra_python_environs_for_driver": {}, "extra_python_environs_for_worker": {}, "num_cpus_per_worker": 1, "num_gpus_per_worker": 0, "custom_resources_per_worker": {}, "num_cpus_for_driver": 1, "memory": 0, "object_store_memory": 0, "memory_per_worker": 0, "object_store_memory_per_worker": 0, "input": "sampler", "input_evaluation": ["is", "wis"], "postprocess_inputs": false, "shuffle_buffer_size": 0, "output": null, "output_compress_columns": ["obs", "new_obs"], "output_max_file_size": 67108864, "multiagent": {"policies": {}, "policy_mapping_fn": null, "policies_to_train": null, "observation_fn": null}, "use_pytorch": -1, "use_critic": true, "use_gae": true, "lambda": 1.0, "kl_coeff": 0.2, "sgd_minibatch_size": 128, "shuffle_sequences": true, "num_sgd_iter": 30, "lr_schedule": null, "vf_share_layers": false, "vf_loss_coeff": 1.0, "entropy_coeff": 0.0, "entropy_coeff_schedule": null, "clip_param": 0.3, "vf_clip_param": 10.0, "grad_clip": null, "kl_target": 0.01, "simple_optimizer": false, "_fake_gpus": false}, "time_since_restore": 8.526067018508911, "timesteps_since_restore": 0, "iterations_since_restore": 1, "perf": {"cpu_util_percent": 72.07692307692307, "ram_util_percent": 32.284615384615385}, "trial_id": "1fd21_00002", "experiment_tag": "2_lr=0.0001"}
