{"episode_reward_max": 85.0, "episode_reward_min": 10.0, "episode_reward_mean": 24.91875, "episode_len_mean": 24.91875, "episodes_this_iter": 160, "policy_reward_min": {}, "policy_reward_max": {}, "policy_reward_mean": {}, "custom_metrics": {}, "hist_stats": {"episode_reward": [47.0, 26.0, 23.0, 29.0, 17.0, 14.0, 17.0, 17.0, 18.0, 19.0, 18.0, 52.0, 25.0, 26.0, 29.0, 15.0, 26.0, 22.0, 38.0, 17.0, 43.0, 31.0, 19.0, 27.0, 30.0, 16.0, 21.0, 11.0, 18.0, 20.0, 16.0, 26.0, 16.0, 22.0, 31.0, 17.0, 16.0, 21.0, 45.0, 18.0, 17.0, 15.0, 18.0, 17.0, 85.0, 37.0, 19.0, 12.0, 45.0, 28.0, 21.0, 17.0, 12.0, 58.0, 27.0, 10.0, 13.0, 16.0, 59.0, 17.0, 26.0, 16.0, 30.0, 12.0, 20.0, 43.0, 48.0, 23.0, 11.0, 22.0, 28.0, 16.0, 17.0, 19.0, 30.0, 12.0, 11.0, 15.0, 34.0, 12.0, 12.0, 34.0, 15.0, 19.0, 15.0, 15.0, 32.0, 23.0, 22.0, 21.0, 14.0, 29.0, 62.0, 65.0, 30.0, 16.0, 15.0, 20.0, 22.0, 41.0, 52.0, 23.0, 13.0, 32.0, 31.0, 20.0, 14.0, 49.0, 11.0, 17.0, 16.0, 16.0, 40.0, 26.0, 13.0, 37.0, 41.0, 58.0, 14.0, 27.0, 23.0, 26.0, 13.0, 20.0, 27.0, 37.0, 42.0, 20.0, 29.0, 18.0, 16.0, 31.0, 31.0, 16.0, 21.0, 28.0, 11.0, 42.0, 18.0, 33.0, 18.0, 57.0, 48.0, 15.0, 16.0, 32.0, 14.0, 12.0, 12.0, 16.0, 15.0, 11.0, 50.0, 35.0, 17.0, 19.0, 39.0, 12.0, 16.0, 12.0], "episode_lengths": [47, 26, 23, 29, 17, 14, 17, 17, 18, 19, 18, 52, 25, 26, 29, 15, 26, 22, 38, 17, 43, 31, 19, 27, 30, 16, 21, 11, 18, 20, 16, 26, 16, 22, 31, 17, 16, 21, 45, 18, 17, 15, 18, 17, 85, 37, 19, 12, 45, 28, 21, 17, 12, 58, 27, 10, 13, 16, 59, 17, 26, 16, 30, 12, 20, 43, 48, 23, 11, 22, 28, 16, 17, 19, 30, 12, 11, 15, 34, 12, 12, 34, 15, 19, 15, 15, 32, 23, 22, 21, 14, 29, 62, 65, 30, 16, 15, 20, 22, 41, 52, 23, 13, 32, 31, 20, 14, 49, 11, 17, 16, 16, 40, 26, 13, 37, 41, 58, 14, 27, 23, 26, 13, 20, 27, 37, 42, 20, 29, 18, 16, 31, 31, 16, 21, 28, 11, 42, 18, 33, 18, 57, 48, 15, 16, 32, 14, 12, 12, 16, 15, 11, 50, 35, 17, 19, 39, 12, 16, 12]}, "sampler_perf": {"mean_env_wait_ms": 0.06934298005469945, "mean_processing_ms": 0.17663068516318184, "mean_inference_ms": 0.741788846973895}, "off_policy_estimator": {}, "num_healthy_workers": 1, "timesteps_total": 4000, "timers": {"sample_time_ms": 4900.205, "sample_throughput": 816.292, "load_time_ms": 66.269, "load_throughput": 60360.12, "learn_time_ms": 3828.317, "learn_throughput": 1044.845, "update_time_ms": 3.004}, "info": {"learner": {"default_policy": {"cur_kl_coeff": 0.20000000298023224, "cur_lr": 0.0010000000474974513, "total_loss": 112.23363494873047, "policy_loss": -0.048790574073791504, "vf_loss": 112.2749252319336, "vf_explained_var": 0.2391909658908844, "kl": 0.03750675544142723, "entropy": 0.6561989784240723, "entropy_coeff": 0.0, "model": {}}}, "num_steps_sampled": 4000, "num_steps_trained": 4000}, "done": true, "episodes_total": 160, "training_iteration": 1, "experiment_id": "63fe2950aa56451bb9330e6af25034d6", "date": "2020-08-18_17-57-34", "timestamp": 1597773454, "time_this_iter_s": 8.956037521362305, "time_total_s": 8.956037521362305, "pid": 15244, "hostname": "terminator-1000", "node_ip": "10.168.0.7", "config": {"num_workers": 1, "num_envs_per_worker": 1, "rollout_fragment_length": 200, "sample_batch_size": -1, "batch_mode": "truncate_episodes", "num_gpus": 0, "train_batch_size": 4000, "model": {"conv_filters": null, "conv_activation": "relu", "fcnet_activation": "tanh", "fcnet_hiddens": [256, 256], "free_log_std": false, "no_final_linear": false, "vf_share_layers": true, "use_lstm": false, "max_seq_len": 20, "lstm_cell_size": 256, "lstm_use_prev_action_reward": false, "state_shape": null, "framestack": true, "dim": 84, "grayscale": false, "zero_mean": true, "custom_model": null, "custom_model_config": {}, "custom_action_dist": null, "custom_preprocessor": null, "custom_options": -1}, "optimizer": {}, "gamma": 0.99, "horizon": null, "soft_horizon": false, "no_done_at_end": false, "env_config": {}, "env": "CartPole-v0", "normalize_actions": false, "clip_rewards": null, "clip_actions": true, "preprocessor_pref": "deepmind", "lr": 0.001, "monitor": false, "log_level": "WARN", "callbacks": "<class 'ray.rllib.agents.callbacks.DefaultCallbacks'>", "ignore_worker_failures": false, "log_sys_usage": true, "fake_sampler": false, "framework": "tf", "eager_tracing": false, "no_eager_on_workers": false, "explore": true, "exploration_config": {"type": "StochasticSampling"}, "evaluation_interval": null, "evaluation_num_episodes": 10, "in_evaluation": false, "evaluation_config": {}, "evaluation_num_workers": 0, "custom_eval_function": null, "sample_async": false, "observation_filter": "NoFilter", "synchronize_filters": true, "tf_session_args": {"intra_op_parallelism_threads": 2, "inter_op_parallelism_threads": 2, "gpu_options": {"allow_growth": true}, "log_device_placement": false, "device_count": {"CPU": 1}, "allow_soft_placement": true}, "local_tf_session_args": {"intra_op_parallelism_threads": 8, "inter_op_parallelism_threads": 8}, "compress_observations": false, "collect_metrics_timeout": 180, "metrics_smoothing_episodes": 100, "remote_worker_envs": false, "remote_env_batch_wait_ms": 0, "min_iter_time_s": 0, "timesteps_per_iteration": 0, "seed": null, "extra_python_environs_for_driver": {}, "extra_python_environs_for_worker": {}, "num_cpus_per_worker": 1, "num_gpus_per_worker": 0, "custom_resources_per_worker": {}, "num_cpus_for_driver": 1, "memory": 0, "object_store_memory": 0, "memory_per_worker": 0, "object_store_memory_per_worker": 0, "input": "sampler", "input_evaluation": ["is", "wis"], "postprocess_inputs": false, "shuffle_buffer_size": 0, "output": null, "output_compress_columns": ["obs", "new_obs"], "output_max_file_size": 67108864, "multiagent": {"policies": {}, "policy_mapping_fn": null, "policies_to_train": null, "observation_fn": null}, "use_pytorch": -1, "use_critic": true, "use_gae": true, "lambda": 1.0, "kl_coeff": 0.2, "sgd_minibatch_size": 128, "shuffle_sequences": true, "num_sgd_iter": 30, "lr_schedule": null, "vf_share_layers": false, "vf_loss_coeff": 1.0, "entropy_coeff": 0.0, "entropy_coeff_schedule": null, "clip_param": 0.3, "vf_clip_param": 10.0, "grad_clip": null, "kl_target": 0.01, "simple_optimizer": false, "_fake_gpus": false}, "time_since_restore": 8.956037521362305, "timesteps_since_restore": 0, "iterations_since_restore": 1, "perf": {"cpu_util_percent": 36.86923076923077, "ram_util_percent": 3.5230769230769234}, "trial_id": "43146_00001", "experiment_tag": "1_lr=0.001"}
