{"episode_reward_max": 66.0, "episode_reward_min": 9.0, "episode_reward_mean": 22.216666666666665, "episode_len_mean": 22.216666666666665, "episodes_this_iter": 180, "policy_reward_min": {}, "policy_reward_max": {}, "policy_reward_mean": {}, "custom_metrics": {}, "hist_stats": {"episode_reward": [12.0, 18.0, 24.0, 13.0, 9.0, 18.0, 17.0, 32.0, 23.0, 23.0, 23.0, 24.0, 36.0, 11.0, 12.0, 15.0, 21.0, 34.0, 15.0, 19.0, 20.0, 51.0, 15.0, 43.0, 19.0, 15.0, 14.0, 16.0, 13.0, 20.0, 31.0, 11.0, 31.0, 31.0, 11.0, 34.0, 34.0, 17.0, 38.0, 20.0, 20.0, 20.0, 16.0, 19.0, 20.0, 23.0, 9.0, 15.0, 28.0, 40.0, 10.0, 25.0, 18.0, 18.0, 12.0, 17.0, 16.0, 17.0, 50.0, 30.0, 26.0, 57.0, 21.0, 17.0, 13.0, 16.0, 15.0, 11.0, 12.0, 33.0, 40.0, 47.0, 12.0, 22.0, 36.0, 44.0, 46.0, 19.0, 13.0, 25.0, 16.0, 17.0, 14.0, 22.0, 17.0, 14.0, 14.0, 19.0, 17.0, 10.0, 34.0, 18.0, 66.0, 19.0, 16.0, 15.0, 26.0, 63.0, 21.0, 19.0, 42.0, 12.0, 16.0, 29.0, 51.0, 16.0, 21.0, 39.0, 22.0, 13.0, 21.0, 10.0, 14.0, 16.0, 16.0, 40.0, 13.0, 21.0, 24.0, 35.0, 14.0, 12.0, 18.0, 22.0, 16.0, 19.0, 19.0, 15.0, 19.0, 17.0, 13.0, 21.0, 16.0, 33.0, 9.0, 16.0, 13.0, 26.0, 26.0, 13.0, 18.0, 44.0, 12.0, 20.0, 10.0, 28.0, 11.0, 38.0, 11.0, 11.0, 19.0, 21.0, 25.0, 18.0, 19.0, 18.0, 45.0, 15.0, 13.0, 10.0, 44.0, 25.0, 32.0, 20.0, 18.0, 25.0, 24.0, 12.0, 13.0, 28.0, 35.0, 49.0, 16.0, 19.0, 13.0, 38.0, 9.0, 26.0, 20.0, 11.0], "episode_lengths": [12, 18, 24, 13, 9, 18, 17, 32, 23, 23, 23, 24, 36, 11, 12, 15, 21, 34, 15, 19, 20, 51, 15, 43, 19, 15, 14, 16, 13, 20, 31, 11, 31, 31, 11, 34, 34, 17, 38, 20, 20, 20, 16, 19, 20, 23, 9, 15, 28, 40, 10, 25, 18, 18, 12, 17, 16, 17, 50, 30, 26, 57, 21, 17, 13, 16, 15, 11, 12, 33, 40, 47, 12, 22, 36, 44, 46, 19, 13, 25, 16, 17, 14, 22, 17, 14, 14, 19, 17, 10, 34, 18, 66, 19, 16, 15, 26, 63, 21, 19, 42, 12, 16, 29, 51, 16, 21, 39, 22, 13, 21, 10, 14, 16, 16, 40, 13, 21, 24, 35, 14, 12, 18, 22, 16, 19, 19, 15, 19, 17, 13, 21, 16, 33, 9, 16, 13, 26, 26, 13, 18, 44, 12, 20, 10, 28, 11, 38, 11, 11, 19, 21, 25, 18, 19, 18, 45, 15, 13, 10, 44, 25, 32, 20, 18, 25, 24, 12, 13, 28, 35, 49, 16, 19, 13, 38, 9, 26, 20, 11]}, "sampler_perf": {"mean_env_wait_ms": 0.07194693283389966, "mean_processing_ms": 0.18389407946627842, "mean_inference_ms": 0.7534585455541939}, "off_policy_estimator": {}, "num_healthy_workers": 1, "timesteps_total": 4000, "timers": {"sample_time_ms": 5007.565, "sample_throughput": 798.791, "load_time_ms": 51.681, "load_throughput": 77397.821, "learn_time_ms": 3892.905, "learn_throughput": 1027.51, "update_time_ms": 2.708}, "info": {"learner": {"default_policy": {"cur_kl_coeff": 0.20000000298023224, "cur_lr": 0.009999999776482582, "total_loss": 72.04120635986328, "policy_loss": -0.03737863525748253, "vf_loss": 72.0722427368164, "vf_explained_var": 0.28691476583480835, "kl": 0.03165223449468613, "entropy": 0.662473738193512, "entropy_coeff": 0.0, "model": {}}}, "num_steps_sampled": 4000, "num_steps_trained": 4000}, "done": true, "episodes_total": 180, "training_iteration": 1, "experiment_id": "9f33a13de49e47bf9d63c7b3bf6bbeff", "date": "2020-08-18_17-11-02", "timestamp": 1597770662, "time_this_iter_s": 9.081727027893066, "time_total_s": 9.081727027893066, "pid": 9938, "hostname": "terminator-1000", "node_ip": "10.168.0.7", "config": {"num_workers": 1, "num_envs_per_worker": 1, "rollout_fragment_length": 200, "sample_batch_size": -1, "batch_mode": "truncate_episodes", "num_gpus": 0, "train_batch_size": 4000, "model": {"conv_filters": null, "conv_activation": "relu", "fcnet_activation": "tanh", "fcnet_hiddens": [256, 256], "free_log_std": false, "no_final_linear": false, "vf_share_layers": true, "use_lstm": false, "max_seq_len": 20, "lstm_cell_size": 256, "lstm_use_prev_action_reward": false, "state_shape": null, "framestack": true, "dim": 84, "grayscale": false, "zero_mean": true, "custom_model": null, "custom_model_config": {}, "custom_action_dist": null, "custom_preprocessor": null, "custom_options": -1}, "optimizer": {}, "gamma": 0.99, "horizon": null, "soft_horizon": false, "no_done_at_end": false, "env_config": {}, "env": "CartPole-v0", "normalize_actions": false, "clip_rewards": null, "clip_actions": true, "preprocessor_pref": "deepmind", "lr": 0.01, "monitor": false, "log_level": "WARN", "callbacks": "<class 'ray.rllib.agents.callbacks.DefaultCallbacks'>", "ignore_worker_failures": false, "log_sys_usage": true, "fake_sampler": false, "framework": "tf", "eager_tracing": false, "no_eager_on_workers": false, "explore": true, "exploration_config": {"type": "StochasticSampling"}, "evaluation_interval": null, "evaluation_num_episodes": 10, "in_evaluation": false, "evaluation_config": {}, "evaluation_num_workers": 0, "custom_eval_function": null, "sample_async": false, "observation_filter": "NoFilter", "synchronize_filters": true, "tf_session_args": {"intra_op_parallelism_threads": 2, "inter_op_parallelism_threads": 2, "gpu_options": {"allow_growth": true}, "log_device_placement": false, "device_count": {"CPU": 1}, "allow_soft_placement": true}, "local_tf_session_args": {"intra_op_parallelism_threads": 8, "inter_op_parallelism_threads": 8}, "compress_observations": false, "collect_metrics_timeout": 180, "metrics_smoothing_episodes": 100, "remote_worker_envs": false, "remote_env_batch_wait_ms": 0, "min_iter_time_s": 0, "timesteps_per_iteration": 0, "seed": null, "extra_python_environs_for_driver": {}, "extra_python_environs_for_worker": {}, "num_cpus_per_worker": 1, "num_gpus_per_worker": 0, "custom_resources_per_worker": {}, "num_cpus_for_driver": 1, "memory": 0, "object_store_memory": 0, "memory_per_worker": 0, "object_store_memory_per_worker": 0, "input": "sampler", "input_evaluation": ["is", "wis"], "postprocess_inputs": false, "shuffle_buffer_size": 0, "output": null, "output_compress_columns": ["obs", "new_obs"], "output_max_file_size": 67108864, "multiagent": {"policies": {}, "policy_mapping_fn": null, "policies_to_train": null, "observation_fn": null}, "use_pytorch": -1, "use_critic": true, "use_gae": true, "lambda": 1.0, "kl_coeff": 0.2, "sgd_minibatch_size": 128, "shuffle_sequences": true, "num_sgd_iter": 30, "lr_schedule": null, "vf_share_layers": false, "vf_loss_coeff": 1.0, "entropy_coeff": 0.0, "entropy_coeff_schedule": null, "clip_param": 0.3, "vf_clip_param": 10.0, "grad_clip": null, "kl_target": 0.01, "simple_optimizer": false, "_fake_gpus": false}, "time_since_restore": 9.081727027893066, "timesteps_since_restore": 0, "iterations_since_restore": 1, "perf": {"cpu_util_percent": 36.0, "ram_util_percent": 3.4923076923076923}, "trial_id": "c2f79_00000", "experiment_tag": "0_lr=0.01"}
