{"episode_reward_max": 66.0, "episode_reward_min": 9.0, "episode_reward_mean": 21.55135135135135, "episode_len_mean": 21.55135135135135, "episodes_this_iter": 185, "policy_reward_min": {}, "policy_reward_max": {}, "policy_reward_mean": {}, "custom_metrics": {}, "hist_stats": {"episode_reward": [16.0, 14.0, 26.0, 26.0, 14.0, 24.0, 17.0, 15.0, 27.0, 30.0, 25.0, 18.0, 24.0, 25.0, 10.0, 13.0, 31.0, 18.0, 25.0, 12.0, 18.0, 9.0, 26.0, 15.0, 15.0, 31.0, 11.0, 19.0, 13.0, 17.0, 23.0, 20.0, 20.0, 15.0, 18.0, 18.0, 19.0, 20.0, 18.0, 23.0, 13.0, 18.0, 47.0, 18.0, 15.0, 14.0, 14.0, 11.0, 17.0, 25.0, 19.0, 17.0, 23.0, 14.0, 66.0, 15.0, 9.0, 28.0, 22.0, 12.0, 22.0, 18.0, 15.0, 12.0, 13.0, 14.0, 25.0, 19.0, 12.0, 16.0, 48.0, 21.0, 15.0, 27.0, 22.0, 16.0, 26.0, 34.0, 9.0, 11.0, 27.0, 44.0, 12.0, 29.0, 34.0, 13.0, 21.0, 28.0, 19.0, 28.0, 20.0, 15.0, 21.0, 27.0, 11.0, 12.0, 24.0, 31.0, 35.0, 10.0, 18.0, 23.0, 32.0, 17.0, 11.0, 15.0, 20.0, 17.0, 30.0, 10.0, 31.0, 59.0, 16.0, 40.0, 20.0, 23.0, 14.0, 17.0, 20.0, 12.0, 13.0, 11.0, 28.0, 25.0, 11.0, 14.0, 21.0, 25.0, 41.0, 16.0, 42.0, 30.0, 16.0, 38.0, 11.0, 48.0, 41.0, 27.0, 20.0, 15.0, 12.0, 24.0, 37.0, 19.0, 11.0, 24.0, 42.0, 18.0, 31.0, 21.0, 12.0, 10.0, 9.0, 41.0, 22.0, 10.0, 59.0, 14.0, 20.0, 43.0, 18.0, 40.0, 16.0, 20.0, 10.0, 13.0, 15.0, 16.0, 24.0, 20.0, 11.0, 15.0, 31.0, 32.0, 17.0, 19.0, 37.0, 22.0, 11.0, 28.0, 22.0, 21.0, 16.0, 34.0, 11.0], "episode_lengths": [16, 14, 26, 26, 14, 24, 17, 15, 27, 30, 25, 18, 24, 25, 10, 13, 31, 18, 25, 12, 18, 9, 26, 15, 15, 31, 11, 19, 13, 17, 23, 20, 20, 15, 18, 18, 19, 20, 18, 23, 13, 18, 47, 18, 15, 14, 14, 11, 17, 25, 19, 17, 23, 14, 66, 15, 9, 28, 22, 12, 22, 18, 15, 12, 13, 14, 25, 19, 12, 16, 48, 21, 15, 27, 22, 16, 26, 34, 9, 11, 27, 44, 12, 29, 34, 13, 21, 28, 19, 28, 20, 15, 21, 27, 11, 12, 24, 31, 35, 10, 18, 23, 32, 17, 11, 15, 20, 17, 30, 10, 31, 59, 16, 40, 20, 23, 14, 17, 20, 12, 13, 11, 28, 25, 11, 14, 21, 25, 41, 16, 42, 30, 16, 38, 11, 48, 41, 27, 20, 15, 12, 24, 37, 19, 11, 24, 42, 18, 31, 21, 12, 10, 9, 41, 22, 10, 59, 14, 20, 43, 18, 40, 16, 20, 10, 13, 15, 16, 24, 20, 11, 15, 31, 32, 17, 19, 37, 22, 11, 28, 22, 21, 16, 34, 11]}, "sampler_perf": {"mean_env_wait_ms": 0.05724387775507904, "mean_processing_ms": 0.14469898274409057, "mean_inference_ms": 0.6346433825923096}, "off_policy_estimator": {}, "num_healthy_workers": 1, "timesteps_total": 4000, "timers": {"sample_time_ms": 4473.558, "sample_throughput": 894.143, "load_time_ms": 37.703, "load_throughput": 106092.249, "learn_time_ms": 3858.056, "learn_throughput": 1036.792, "update_time_ms": 2.639}, "info": {"learner": {"default_policy": {"cur_kl_coeff": 0.20000000298023224, "cur_lr": 9.999999747378752e-05, "total_loss": 67.06285095214844, "policy_loss": -0.051144130527973175, "vf_loss": 67.10701751708984, "vf_explained_var": 0.29726970195770264, "kl": 0.03490879386663437, "entropy": 0.6587671041488647, "entropy_coeff": 0.0, "model": {}}}, "num_steps_sampled": 4000, "num_steps_trained": 4000}, "done": true, "episodes_total": 185, "training_iteration": 1, "experiment_id": "5e8724dac37045c49f9c12ee8ee9b2d3", "date": "2020-08-16_04-05-23", "timestamp": 1597550723, "time_this_iter_s": 8.474647045135498, "time_total_s": 8.474647045135498, "pid": 23462, "hostname": "ntozcc-dv-mlalo-vm", "node_ip": "10.0.0.4", "config": {"num_workers": 1, "num_envs_per_worker": 1, "rollout_fragment_length": 200, "sample_batch_size": -1, "batch_mode": "truncate_episodes", "num_gpus": 0, "train_batch_size": 4000, "model": {"conv_filters": null, "conv_activation": "relu", "fcnet_activation": "tanh", "fcnet_hiddens": [256, 256], "free_log_std": false, "no_final_linear": false, "vf_share_layers": true, "use_lstm": false, "max_seq_len": 20, "lstm_cell_size": 256, "lstm_use_prev_action_reward": false, "state_shape": null, "framestack": true, "dim": 84, "grayscale": false, "zero_mean": true, "custom_model": null, "custom_model_config": {}, "custom_action_dist": null, "custom_preprocessor": null, "custom_options": -1}, "optimizer": {}, "gamma": 0.99, "horizon": null, "soft_horizon": false, "no_done_at_end": false, "env_config": {}, "env": "CartPole-v0", "normalize_actions": false, "clip_rewards": null, "clip_actions": true, "preprocessor_pref": "deepmind", "lr": 0.0001, "monitor": false, "log_level": "WARN", "callbacks": "<class 'ray.rllib.agents.callbacks.DefaultCallbacks'>", "ignore_worker_failures": false, "log_sys_usage": true, "fake_sampler": false, "framework": "tf", "eager_tracing": false, "no_eager_on_workers": false, "explore": true, "exploration_config": {"type": "StochasticSampling"}, "evaluation_interval": null, "evaluation_num_episodes": 10, "in_evaluation": false, "evaluation_config": {}, "evaluation_num_workers": 0, "custom_eval_function": null, "sample_async": false, "observation_filter": "NoFilter", "synchronize_filters": true, "tf_session_args": {"intra_op_parallelism_threads": 2, "inter_op_parallelism_threads": 2, "gpu_options": {"allow_growth": true}, "log_device_placement": false, "device_count": {"CPU": 1}, "allow_soft_placement": true}, "local_tf_session_args": {"intra_op_parallelism_threads": 8, "inter_op_parallelism_threads": 8}, "compress_observations": false, "collect_metrics_timeout": 180, "metrics_smoothing_episodes": 100, "remote_worker_envs": false, "remote_env_batch_wait_ms": 0, "min_iter_time_s": 0, "timesteps_per_iteration": 0, "seed": null, "extra_python_environs_for_driver": {}, "extra_python_environs_for_worker": {}, "num_cpus_per_worker": 1, "num_gpus_per_worker": 0, "custom_resources_per_worker": {}, "num_cpus_for_driver": 1, "memory": 0, "object_store_memory": 0, "memory_per_worker": 0, "object_store_memory_per_worker": 0, "input": "sampler", "input_evaluation": ["is", "wis"], "postprocess_inputs": false, "shuffle_buffer_size": 0, "output": null, "output_compress_columns": ["obs", "new_obs"], "output_max_file_size": 67108864, "multiagent": {"policies": {}, "policy_mapping_fn": null, "policies_to_train": null, "observation_fn": null}, "use_pytorch": -1, "use_critic": true, "use_gae": true, "lambda": 1.0, "kl_coeff": 0.2, "sgd_minibatch_size": 128, "shuffle_sequences": true, "num_sgd_iter": 30, "lr_schedule": null, "vf_share_layers": false, "vf_loss_coeff": 1.0, "entropy_coeff": 0.0, "entropy_coeff_schedule": null, "clip_param": 0.3, "vf_clip_param": 10.0, "grad_clip": null, "kl_target": 0.01, "simple_optimizer": false, "_fake_gpus": false}, "time_since_restore": 8.474647045135498, "timesteps_since_restore": 0, "iterations_since_restore": 1, "perf": {"cpu_util_percent": 71.96153846153845, "ram_util_percent": 32.26153846153846}, "trial_id": "9c402_00002", "experiment_tag": "2_lr=0.0001"}
