{"episode_reward_max": 86.0, "episode_reward_min": 8.0, "episode_reward_mean": 22.82183908045977, "episode_len_mean": 22.82183908045977, "episodes_this_iter": 174, "policy_reward_min": {}, "policy_reward_max": {}, "policy_reward_mean": {}, "custom_metrics": {}, "hist_stats": {"episode_reward": [21.0, 26.0, 30.0, 25.0, 13.0, 86.0, 32.0, 12.0, 18.0, 17.0, 24.0, 35.0, 15.0, 22.0, 23.0, 10.0, 41.0, 9.0, 24.0, 18.0, 23.0, 12.0, 20.0, 16.0, 36.0, 61.0, 43.0, 16.0, 21.0, 33.0, 20.0, 12.0, 41.0, 12.0, 13.0, 24.0, 15.0, 18.0, 43.0, 15.0, 23.0, 26.0, 26.0, 14.0, 20.0, 12.0, 29.0, 16.0, 19.0, 12.0, 16.0, 17.0, 27.0, 15.0, 27.0, 45.0, 10.0, 24.0, 24.0, 11.0, 16.0, 27.0, 22.0, 30.0, 34.0, 40.0, 11.0, 43.0, 27.0, 9.0, 33.0, 16.0, 13.0, 27.0, 18.0, 9.0, 10.0, 20.0, 24.0, 11.0, 16.0, 22.0, 15.0, 31.0, 23.0, 14.0, 43.0, 10.0, 17.0, 59.0, 25.0, 17.0, 53.0, 17.0, 21.0, 19.0, 13.0, 26.0, 24.0, 10.0, 29.0, 16.0, 18.0, 31.0, 15.0, 27.0, 13.0, 29.0, 14.0, 31.0, 13.0, 25.0, 14.0, 11.0, 8.0, 17.0, 14.0, 17.0, 47.0, 14.0, 14.0, 19.0, 11.0, 18.0, 17.0, 14.0, 68.0, 19.0, 11.0, 14.0, 13.0, 18.0, 18.0, 13.0, 23.0, 30.0, 52.0, 26.0, 28.0, 32.0, 26.0, 27.0, 23.0, 28.0, 19.0, 11.0, 20.0, 14.0, 19.0, 70.0, 10.0, 12.0, 13.0, 15.0, 15.0, 27.0, 30.0, 55.0, 12.0, 26.0, 20.0, 23.0, 12.0, 19.0, 29.0, 11.0, 21.0, 12.0, 14.0, 15.0, 26.0, 28.0, 66.0, 19.0], "episode_lengths": [21, 26, 30, 25, 13, 86, 32, 12, 18, 17, 24, 35, 15, 22, 23, 10, 41, 9, 24, 18, 23, 12, 20, 16, 36, 61, 43, 16, 21, 33, 20, 12, 41, 12, 13, 24, 15, 18, 43, 15, 23, 26, 26, 14, 20, 12, 29, 16, 19, 12, 16, 17, 27, 15, 27, 45, 10, 24, 24, 11, 16, 27, 22, 30, 34, 40, 11, 43, 27, 9, 33, 16, 13, 27, 18, 9, 10, 20, 24, 11, 16, 22, 15, 31, 23, 14, 43, 10, 17, 59, 25, 17, 53, 17, 21, 19, 13, 26, 24, 10, 29, 16, 18, 31, 15, 27, 13, 29, 14, 31, 13, 25, 14, 11, 8, 17, 14, 17, 47, 14, 14, 19, 11, 18, 17, 14, 68, 19, 11, 14, 13, 18, 18, 13, 23, 30, 52, 26, 28, 32, 26, 27, 23, 28, 19, 11, 20, 14, 19, 70, 10, 12, 13, 15, 15, 27, 30, 55, 12, 26, 20, 23, 12, 19, 29, 11, 21, 12, 14, 15, 26, 28, 66, 19]}, "sampler_perf": {"mean_env_wait_ms": 0.056437628473588394, "mean_processing_ms": 0.14088380876048687, "mean_inference_ms": 0.6175812290061032}, "off_policy_estimator": {}, "num_healthy_workers": 1, "timesteps_total": 4000, "timers": {"sample_time_ms": 4405.347, "sample_throughput": 907.987, "load_time_ms": 42.881, "load_throughput": 93281.899, "learn_time_ms": 3851.23, "learn_throughput": 1038.629, "update_time_ms": 2.217}, "info": {"learner": {"default_policy": {"cur_kl_coeff": 0.20000000298023224, "cur_lr": 0.0010000000474974513, "total_loss": 94.04219818115234, "policy_loss": -0.05066812410950661, "vf_loss": 94.08523559570312, "vf_explained_var": 0.28032615780830383, "kl": 0.03815740719437599, "entropy": 0.6555127501487732, "entropy_coeff": 0.0, "model": {}}}, "num_steps_sampled": 4000, "num_steps_trained": 4000}, "done": true, "episodes_total": 174, "training_iteration": 1, "experiment_id": "b57015a8ba6741ad973bec54c7b4e821", "date": "2020-08-16_04-10-59", "timestamp": 1597551059, "time_this_iter_s": 8.401252746582031, "time_total_s": 8.401252746582031, "pid": 23912, "hostname": "ntozcc-dv-mlalo-vm", "node_ip": "10.0.0.4", "config": {"num_workers": 1, "num_envs_per_worker": 1, "rollout_fragment_length": 200, "sample_batch_size": -1, "batch_mode": "truncate_episodes", "num_gpus": 0, "train_batch_size": 4000, "model": {"conv_filters": null, "conv_activation": "relu", "fcnet_activation": "tanh", "fcnet_hiddens": [256, 256], "free_log_std": false, "no_final_linear": false, "vf_share_layers": true, "use_lstm": false, "max_seq_len": 20, "lstm_cell_size": 256, "lstm_use_prev_action_reward": false, "state_shape": null, "framestack": true, "dim": 84, "grayscale": false, "zero_mean": true, "custom_model": null, "custom_model_config": {}, "custom_action_dist": null, "custom_preprocessor": null, "custom_options": -1}, "optimizer": {}, "gamma": 0.99, "horizon": null, "soft_horizon": false, "no_done_at_end": false, "env_config": {}, "env": "CartPole-v0", "normalize_actions": false, "clip_rewards": null, "clip_actions": true, "preprocessor_pref": "deepmind", "lr": 0.001, "monitor": false, "log_level": "WARN", "callbacks": "<class 'ray.rllib.agents.callbacks.DefaultCallbacks'>", "ignore_worker_failures": false, "log_sys_usage": true, "fake_sampler": false, "framework": "tf", "eager_tracing": false, "no_eager_on_workers": false, "explore": true, "exploration_config": {"type": "StochasticSampling"}, "evaluation_interval": null, "evaluation_num_episodes": 10, "in_evaluation": false, "evaluation_config": {}, "evaluation_num_workers": 0, "custom_eval_function": null, "sample_async": false, "observation_filter": "NoFilter", "synchronize_filters": true, "tf_session_args": {"intra_op_parallelism_threads": 2, "inter_op_parallelism_threads": 2, "gpu_options": {"allow_growth": true}, "log_device_placement": false, "device_count": {"CPU": 1}, "allow_soft_placement": true}, "local_tf_session_args": {"intra_op_parallelism_threads": 8, "inter_op_parallelism_threads": 8}, "compress_observations": false, "collect_metrics_timeout": 180, "metrics_smoothing_episodes": 100, "remote_worker_envs": false, "remote_env_batch_wait_ms": 0, "min_iter_time_s": 0, "timesteps_per_iteration": 0, "seed": null, "extra_python_environs_for_driver": {}, "extra_python_environs_for_worker": {}, "num_cpus_per_worker": 1, "num_gpus_per_worker": 0, "custom_resources_per_worker": {}, "num_cpus_for_driver": 1, "memory": 0, "object_store_memory": 0, "memory_per_worker": 0, "object_store_memory_per_worker": 0, "input": "sampler", "input_evaluation": ["is", "wis"], "postprocess_inputs": false, "shuffle_buffer_size": 0, "output": null, "output_compress_columns": ["obs", "new_obs"], "output_max_file_size": 67108864, "multiagent": {"policies": {}, "policy_mapping_fn": null, "policies_to_train": null, "observation_fn": null}, "use_pytorch": -1, "use_critic": true, "use_gae": true, "lambda": 1.0, "kl_coeff": 0.2, "sgd_minibatch_size": 128, "shuffle_sequences": true, "num_sgd_iter": 30, "lr_schedule": null, "vf_share_layers": false, "vf_loss_coeff": 1.0, "entropy_coeff": 0.0, "entropy_coeff_schedule": null, "clip_param": 0.3, "vf_clip_param": 10.0, "grad_clip": null, "kl_target": 0.01, "simple_optimizer": false, "_fake_gpus": false}, "time_since_restore": 8.401252746582031, "timesteps_since_restore": 0, "iterations_since_restore": 1, "perf": {"cpu_util_percent": 71.06666666666666, "ram_util_percent": 32.32500000000001}, "trial_id": "6cfce_00001", "experiment_tag": "1_lr=0.001"}
