{"episode_reward_max": 59.0, "episode_reward_min": 9.0, "episode_reward_mean": 21.83606557377049, "episode_len_mean": 21.83606557377049, "episodes_this_iter": 183, "policy_reward_min": {}, "policy_reward_max": {}, "policy_reward_mean": {}, "custom_metrics": {}, "hist_stats": {"episode_reward": [25.0, 21.0, 33.0, 12.0, 32.0, 31.0, 20.0, 12.0, 16.0, 21.0, 17.0, 24.0, 17.0, 16.0, 15.0, 34.0, 22.0, 33.0, 18.0, 21.0, 38.0, 19.0, 21.0, 10.0, 21.0, 16.0, 32.0, 16.0, 25.0, 12.0, 26.0, 33.0, 13.0, 39.0, 14.0, 20.0, 32.0, 14.0, 15.0, 54.0, 17.0, 14.0, 26.0, 42.0, 20.0, 26.0, 17.0, 17.0, 18.0, 26.0, 14.0, 13.0, 19.0, 31.0, 24.0, 27.0, 11.0, 24.0, 14.0, 22.0, 28.0, 24.0, 13.0, 13.0, 17.0, 11.0, 18.0, 27.0, 16.0, 13.0, 14.0, 18.0, 43.0, 12.0, 30.0, 20.0, 24.0, 17.0, 37.0, 32.0, 9.0, 23.0, 40.0, 11.0, 20.0, 28.0, 15.0, 42.0, 12.0, 55.0, 15.0, 10.0, 18.0, 13.0, 24.0, 19.0, 36.0, 41.0, 16.0, 18.0, 20.0, 16.0, 27.0, 38.0, 15.0, 28.0, 26.0, 18.0, 22.0, 10.0, 14.0, 41.0, 18.0, 21.0, 35.0, 28.0, 18.0, 38.0, 16.0, 40.0, 36.0, 17.0, 17.0, 20.0, 12.0, 12.0, 34.0, 13.0, 16.0, 13.0, 50.0, 11.0, 13.0, 11.0, 48.0, 12.0, 14.0, 24.0, 13.0, 37.0, 13.0, 17.0, 17.0, 23.0, 19.0, 11.0, 13.0, 12.0, 24.0, 35.0, 39.0, 21.0, 12.0, 26.0, 16.0, 19.0, 59.0, 27.0, 23.0, 19.0, 21.0, 22.0, 39.0, 16.0, 10.0, 11.0, 12.0, 14.0, 42.0, 30.0, 15.0, 14.0, 22.0, 13.0, 12.0, 26.0, 13.0, 23.0, 11.0, 12.0, 9.0, 13.0, 15.0], "episode_lengths": [25, 21, 33, 12, 32, 31, 20, 12, 16, 21, 17, 24, 17, 16, 15, 34, 22, 33, 18, 21, 38, 19, 21, 10, 21, 16, 32, 16, 25, 12, 26, 33, 13, 39, 14, 20, 32, 14, 15, 54, 17, 14, 26, 42, 20, 26, 17, 17, 18, 26, 14, 13, 19, 31, 24, 27, 11, 24, 14, 22, 28, 24, 13, 13, 17, 11, 18, 27, 16, 13, 14, 18, 43, 12, 30, 20, 24, 17, 37, 32, 9, 23, 40, 11, 20, 28, 15, 42, 12, 55, 15, 10, 18, 13, 24, 19, 36, 41, 16, 18, 20, 16, 27, 38, 15, 28, 26, 18, 22, 10, 14, 41, 18, 21, 35, 28, 18, 38, 16, 40, 36, 17, 17, 20, 12, 12, 34, 13, 16, 13, 50, 11, 13, 11, 48, 12, 14, 24, 13, 37, 13, 17, 17, 23, 19, 11, 13, 12, 24, 35, 39, 21, 12, 26, 16, 19, 59, 27, 23, 19, 21, 22, 39, 16, 10, 11, 12, 14, 42, 30, 15, 14, 22, 13, 12, 26, 13, 23, 11, 12, 9, 13, 15]}, "sampler_perf": {"mean_env_wait_ms": 0.05761917398381729, "mean_processing_ms": 0.1432433243961044, "mean_inference_ms": 0.6441438951899904}, "off_policy_estimator": {}, "num_healthy_workers": 1, "timesteps_total": 4000, "timers": {"sample_time_ms": 4599.757, "sample_throughput": 869.611, "load_time_ms": 36.943, "load_throughput": 108275.729, "learn_time_ms": 3835.901, "learn_throughput": 1042.78, "update_time_ms": 2.283}, "info": {"learner": {"default_policy": {"cur_kl_coeff": 0.20000000298023224, "cur_lr": 0.0010000000474974513, "total_loss": 60.58557891845703, "policy_loss": -0.045765724033117294, "vf_loss": 60.62356185913086, "vf_explained_var": 0.34091511368751526, "kl": 0.038886502385139465, "entropy": 0.6557981371879578, "entropy_coeff": 0.0, "model": {}}}, "num_steps_sampled": 4000, "num_steps_trained": 4000}, "done": true, "episodes_total": 183, "training_iteration": 1, "experiment_id": "374de184ad8d4a348dd97abd10d4d016", "date": "2020-08-16_04-17-59", "timestamp": 1597551479, "time_this_iter_s": 8.584988117218018, "time_total_s": 8.584988117218018, "pid": 24913, "hostname": "ntozcc-dv-mlalo-vm", "node_ip": "10.0.0.4", "config": {"num_workers": 1, "num_envs_per_worker": 1, "rollout_fragment_length": 200, "sample_batch_size": -1, "batch_mode": "truncate_episodes", "num_gpus": 0, "train_batch_size": 4000, "model": {"conv_filters": null, "conv_activation": "relu", "fcnet_activation": "tanh", "fcnet_hiddens": [256, 256], "free_log_std": false, "no_final_linear": false, "vf_share_layers": true, "use_lstm": false, "max_seq_len": 20, "lstm_cell_size": 256, "lstm_use_prev_action_reward": false, "state_shape": null, "framestack": true, "dim": 84, "grayscale": false, "zero_mean": true, "custom_model": null, "custom_model_config": {}, "custom_action_dist": null, "custom_preprocessor": null, "custom_options": -1}, "optimizer": {}, "gamma": 0.99, "horizon": null, "soft_horizon": false, "no_done_at_end": false, "env_config": {}, "env": "CartPole-v0", "normalize_actions": false, "clip_rewards": null, "clip_actions": true, "preprocessor_pref": "deepmind", "lr": 0.001, "monitor": false, "log_level": "WARN", "callbacks": "<class 'ray.rllib.agents.callbacks.DefaultCallbacks'>", "ignore_worker_failures": false, "log_sys_usage": true, "fake_sampler": false, "framework": "tf", "eager_tracing": false, "no_eager_on_workers": false, "explore": true, "exploration_config": {"type": "StochasticSampling"}, "evaluation_interval": null, "evaluation_num_episodes": 10, "in_evaluation": false, "evaluation_config": {}, "evaluation_num_workers": 0, "custom_eval_function": null, "sample_async": false, "observation_filter": "NoFilter", "synchronize_filters": true, "tf_session_args": {"intra_op_parallelism_threads": 2, "inter_op_parallelism_threads": 2, "gpu_options": {"allow_growth": true}, "log_device_placement": false, "device_count": {"CPU": 1}, "allow_soft_placement": true}, "local_tf_session_args": {"intra_op_parallelism_threads": 8, "inter_op_parallelism_threads": 8}, "compress_observations": false, "collect_metrics_timeout": 180, "metrics_smoothing_episodes": 100, "remote_worker_envs": false, "remote_env_batch_wait_ms": 0, "min_iter_time_s": 0, "timesteps_per_iteration": 0, "seed": null, "extra_python_environs_for_driver": {}, "extra_python_environs_for_worker": {}, "num_cpus_per_worker": 1, "num_gpus_per_worker": 0, "custom_resources_per_worker": {}, "num_cpus_for_driver": 1, "memory": 0, "object_store_memory": 0, "memory_per_worker": 0, "object_store_memory_per_worker": 0, "input": "sampler", "input_evaluation": ["is", "wis"], "postprocess_inputs": false, "shuffle_buffer_size": 0, "output": null, "output_compress_columns": ["obs", "new_obs"], "output_max_file_size": 67108864, "multiagent": {"policies": {}, "policy_mapping_fn": null, "policies_to_train": null, "observation_fn": null}, "use_pytorch": -1, "use_critic": true, "use_gae": true, "lambda": 1.0, "kl_coeff": 0.2, "sgd_minibatch_size": 128, "shuffle_sequences": true, "num_sgd_iter": 30, "lr_schedule": null, "vf_share_layers": false, "vf_loss_coeff": 1.0, "entropy_coeff": 0.0, "entropy_coeff_schedule": null, "clip_param": 0.3, "vf_clip_param": 10.0, "grad_clip": null, "kl_target": 0.01, "simple_optimizer": false, "_fake_gpus": false}, "time_since_restore": 8.584988117218018, "timesteps_since_restore": 0, "iterations_since_restore": 1, "perf": {"cpu_util_percent": 70.97692307692309, "ram_util_percent": 32.223076923076924}, "trial_id": "67450_00001", "experiment_tag": "1_lr=0.001"}
