{"episode_reward_max": 75.0, "episode_reward_min": 9.0, "episode_reward_mean": 20.894736842105264, "episode_len_mean": 20.894736842105264, "episodes_this_iter": 190, "policy_reward_min": {}, "policy_reward_max": {}, "policy_reward_mean": {}, "custom_metrics": {}, "hist_stats": {"episode_reward": [19.0, 44.0, 13.0, 10.0, 12.0, 12.0, 14.0, 9.0, 23.0, 16.0, 10.0, 23.0, 22.0, 13.0, 45.0, 25.0, 32.0, 26.0, 34.0, 21.0, 41.0, 21.0, 16.0, 33.0, 10.0, 26.0, 18.0, 18.0, 16.0, 11.0, 22.0, 20.0, 22.0, 16.0, 20.0, 14.0, 29.0, 31.0, 12.0, 10.0, 15.0, 16.0, 19.0, 18.0, 14.0, 17.0, 10.0, 15.0, 10.0, 16.0, 28.0, 30.0, 15.0, 24.0, 19.0, 16.0, 23.0, 11.0, 12.0, 16.0, 32.0, 40.0, 10.0, 13.0, 11.0, 13.0, 23.0, 31.0, 26.0, 22.0, 13.0, 52.0, 11.0, 18.0, 20.0, 11.0, 27.0, 18.0, 32.0, 23.0, 10.0, 17.0, 75.0, 13.0, 22.0, 12.0, 19.0, 21.0, 9.0, 10.0, 15.0, 11.0, 14.0, 41.0, 26.0, 18.0, 15.0, 20.0, 20.0, 29.0, 32.0, 26.0, 30.0, 12.0, 17.0, 28.0, 43.0, 17.0, 20.0, 19.0, 10.0, 20.0, 26.0, 18.0, 19.0, 16.0, 10.0, 9.0, 41.0, 12.0, 9.0, 49.0, 25.0, 16.0, 11.0, 11.0, 26.0, 20.0, 21.0, 11.0, 21.0, 48.0, 57.0, 13.0, 20.0, 16.0, 17.0, 13.0, 37.0, 15.0, 25.0, 15.0, 26.0, 18.0, 20.0, 14.0, 33.0, 13.0, 54.0, 35.0, 19.0, 15.0, 21.0, 22.0, 57.0, 21.0, 17.0, 30.0, 16.0, 11.0, 25.0, 26.0, 14.0, 33.0, 12.0, 14.0, 16.0, 12.0, 14.0, 23.0, 16.0, 13.0, 35.0, 17.0, 14.0, 32.0, 14.0, 16.0, 16.0, 21.0, 24.0, 13.0, 13.0, 14.0, 13.0, 19.0, 21.0, 18.0, 35.0, 18.0], "episode_lengths": [19, 44, 13, 10, 12, 12, 14, 9, 23, 16, 10, 23, 22, 13, 45, 25, 32, 26, 34, 21, 41, 21, 16, 33, 10, 26, 18, 18, 16, 11, 22, 20, 22, 16, 20, 14, 29, 31, 12, 10, 15, 16, 19, 18, 14, 17, 10, 15, 10, 16, 28, 30, 15, 24, 19, 16, 23, 11, 12, 16, 32, 40, 10, 13, 11, 13, 23, 31, 26, 22, 13, 52, 11, 18, 20, 11, 27, 18, 32, 23, 10, 17, 75, 13, 22, 12, 19, 21, 9, 10, 15, 11, 14, 41, 26, 18, 15, 20, 20, 29, 32, 26, 30, 12, 17, 28, 43, 17, 20, 19, 10, 20, 26, 18, 19, 16, 10, 9, 41, 12, 9, 49, 25, 16, 11, 11, 26, 20, 21, 11, 21, 48, 57, 13, 20, 16, 17, 13, 37, 15, 25, 15, 26, 18, 20, 14, 33, 13, 54, 35, 19, 15, 21, 22, 57, 21, 17, 30, 16, 11, 25, 26, 14, 33, 12, 14, 16, 12, 14, 23, 16, 13, 35, 17, 14, 32, 14, 16, 16, 21, 24, 13, 13, 14, 13, 19, 21, 18, 35, 18]}, "sampler_perf": {"mean_env_wait_ms": 0.10611289323970277, "mean_processing_ms": 0.2590480133224445, "mean_inference_ms": 1.118960603419854}, "off_policy_estimator": {}, "num_healthy_workers": 1, "timesteps_total": 4000, "timers": {"sample_time_ms": 7147.396, "sample_throughput": 559.644, "load_time_ms": 86.167, "load_throughput": 46421.303, "learn_time_ms": 5573.953, "learn_throughput": 717.624, "update_time_ms": 4.117}, "info": {"learner": {"default_policy": {"cur_kl_coeff": 0.20000000298023224, "cur_lr": 0.009999999776482582, "total_loss": 70.4161605834961, "policy_loss": -0.03799977898597717, "vf_loss": 70.44735717773438, "vf_explained_var": 0.3031665086746216, "kl": 0.033989887684583664, "entropy": 0.6602464914321899, "entropy_coeff": 0.0, "model": {}}}, "num_steps_sampled": 4000, "num_steps_trained": 4000}, "done": true, "episodes_total": 190, "training_iteration": 1, "experiment_id": "e1233ec0e16d4bdf9521d386244f082b", "date": "2020-08-18_17-27-06", "timestamp": 1597771626, "time_this_iter_s": 13.078283071517944, "time_total_s": 13.078283071517944, "pid": 12759, "hostname": "terminator-1000", "node_ip": "10.168.0.7", "config": {"num_workers": 1, "num_envs_per_worker": 1, "rollout_fragment_length": 200, "sample_batch_size": -1, "batch_mode": "truncate_episodes", "num_gpus": 0, "train_batch_size": 4000, "model": {"conv_filters": null, "conv_activation": "relu", "fcnet_activation": "tanh", "fcnet_hiddens": [256, 256], "free_log_std": false, "no_final_linear": false, "vf_share_layers": true, "use_lstm": false, "max_seq_len": 20, "lstm_cell_size": 256, "lstm_use_prev_action_reward": false, "state_shape": null, "framestack": true, "dim": 84, "grayscale": false, "zero_mean": true, "custom_model": null, "custom_model_config": {}, "custom_action_dist": null, "custom_preprocessor": null, "custom_options": -1}, "optimizer": {}, "gamma": 0.99, "horizon": null, "soft_horizon": false, "no_done_at_end": false, "env_config": {}, "env": "CartPole-v0", "normalize_actions": false, "clip_rewards": null, "clip_actions": true, "preprocessor_pref": "deepmind", "lr": 0.01, "monitor": false, "log_level": "WARN", "callbacks": "<class 'ray.rllib.agents.callbacks.DefaultCallbacks'>", "ignore_worker_failures": false, "log_sys_usage": true, "fake_sampler": false, "framework": "tf", "eager_tracing": false, "no_eager_on_workers": false, "explore": true, "exploration_config": {"type": "StochasticSampling"}, "evaluation_interval": null, "evaluation_num_episodes": 10, "in_evaluation": false, "evaluation_config": {}, "evaluation_num_workers": 0, "custom_eval_function": null, "sample_async": false, "observation_filter": "NoFilter", "synchronize_filters": true, "tf_session_args": {"intra_op_parallelism_threads": 2, "inter_op_parallelism_threads": 2, "gpu_options": {"allow_growth": true}, "log_device_placement": false, "device_count": {"CPU": 1}, "allow_soft_placement": true}, "local_tf_session_args": {"intra_op_parallelism_threads": 8, "inter_op_parallelism_threads": 8}, "compress_observations": false, "collect_metrics_timeout": 180, "metrics_smoothing_episodes": 100, "remote_worker_envs": false, "remote_env_batch_wait_ms": 0, "min_iter_time_s": 0, "timesteps_per_iteration": 0, "seed": null, "extra_python_environs_for_driver": {}, "extra_python_environs_for_worker": {}, "num_cpus_per_worker": 1, "num_gpus_per_worker": 0, "custom_resources_per_worker": {}, "num_cpus_for_driver": 1, "memory": 0, "object_store_memory": 0, "memory_per_worker": 0, "object_store_memory_per_worker": 0, "input": "sampler", "input_evaluation": ["is", "wis"], "postprocess_inputs": false, "shuffle_buffer_size": 0, "output": null, "output_compress_columns": ["obs", "new_obs"], "output_max_file_size": 67108864, "multiagent": {"policies": {}, "policy_mapping_fn": null, "policies_to_train": null, "observation_fn": null}, "use_pytorch": -1, "use_critic": true, "use_gae": true, "lambda": 1.0, "kl_coeff": 0.2, "sgd_minibatch_size": 128, "shuffle_sequences": true, "num_sgd_iter": 30, "lr_schedule": null, "vf_share_layers": false, "vf_loss_coeff": 1.0, "entropy_coeff": 0.0, "entropy_coeff_schedule": null, "clip_param": 0.3, "vf_clip_param": 10.0, "grad_clip": null, "kl_target": 0.01, "simple_optimizer": false, "_fake_gpus": false}, "time_since_restore": 13.078283071517944, "timesteps_since_restore": 0, "iterations_since_restore": 1, "perf": {"cpu_util_percent": 36.8421052631579, "ram_util_percent": 3.5052631578947366}, "trial_id": "fe732_00000", "experiment_tag": "0_lr=0.01"}
