{"episode_reward_max": 84.0, "episode_reward_min": 9.0, "episode_reward_mean": 23.0, "episode_len_mean": 23.0, "episodes_this_iter": 173, "policy_reward_min": {}, "policy_reward_max": {}, "policy_reward_mean": {}, "custom_metrics": {}, "hist_stats": {"episode_reward": [13.0, 19.0, 23.0, 12.0, 30.0, 14.0, 20.0, 16.0, 30.0, 10.0, 19.0, 10.0, 42.0, 22.0, 12.0, 21.0, 28.0, 28.0, 22.0, 22.0, 12.0, 34.0, 30.0, 25.0, 14.0, 13.0, 28.0, 16.0, 13.0, 35.0, 12.0, 19.0, 19.0, 26.0, 30.0, 16.0, 27.0, 12.0, 25.0, 35.0, 20.0, 36.0, 29.0, 28.0, 14.0, 11.0, 20.0, 20.0, 23.0, 32.0, 13.0, 18.0, 18.0, 37.0, 30.0, 22.0, 31.0, 12.0, 32.0, 25.0, 21.0, 56.0, 17.0, 72.0, 28.0, 44.0, 20.0, 17.0, 17.0, 16.0, 10.0, 10.0, 10.0, 16.0, 28.0, 23.0, 26.0, 62.0, 15.0, 37.0, 11.0, 9.0, 16.0, 15.0, 19.0, 12.0, 55.0, 22.0, 15.0, 10.0, 84.0, 13.0, 51.0, 43.0, 16.0, 24.0, 15.0, 15.0, 22.0, 33.0, 39.0, 39.0, 23.0, 20.0, 24.0, 19.0, 23.0, 12.0, 19.0, 40.0, 22.0, 20.0, 13.0, 26.0, 26.0, 12.0, 12.0, 19.0, 13.0, 13.0, 24.0, 10.0, 10.0, 15.0, 13.0, 30.0, 14.0, 25.0, 10.0, 16.0, 71.0, 20.0, 21.0, 18.0, 16.0, 20.0, 17.0, 22.0, 17.0, 14.0, 11.0, 35.0, 18.0, 42.0, 20.0, 19.0, 17.0, 50.0, 22.0, 13.0, 9.0, 19.0, 24.0, 19.0, 35.0, 70.0, 10.0, 17.0, 14.0, 17.0, 17.0, 10.0, 40.0, 13.0, 15.0, 18.0, 25.0, 18.0, 28.0, 23.0, 49.0, 23.0, 12.0], "episode_lengths": [13, 19, 23, 12, 30, 14, 20, 16, 30, 10, 19, 10, 42, 22, 12, 21, 28, 28, 22, 22, 12, 34, 30, 25, 14, 13, 28, 16, 13, 35, 12, 19, 19, 26, 30, 16, 27, 12, 25, 35, 20, 36, 29, 28, 14, 11, 20, 20, 23, 32, 13, 18, 18, 37, 30, 22, 31, 12, 32, 25, 21, 56, 17, 72, 28, 44, 20, 17, 17, 16, 10, 10, 10, 16, 28, 23, 26, 62, 15, 37, 11, 9, 16, 15, 19, 12, 55, 22, 15, 10, 84, 13, 51, 43, 16, 24, 15, 15, 22, 33, 39, 39, 23, 20, 24, 19, 23, 12, 19, 40, 22, 20, 13, 26, 26, 12, 12, 19, 13, 13, 24, 10, 10, 15, 13, 30, 14, 25, 10, 16, 71, 20, 21, 18, 16, 20, 17, 22, 17, 14, 11, 35, 18, 42, 20, 19, 17, 50, 22, 13, 9, 19, 24, 19, 35, 70, 10, 17, 14, 17, 17, 10, 40, 13, 15, 18, 25, 18, 28, 23, 49, 23, 12]}, "sampler_perf": {"mean_env_wait_ms": 0.07232121603693312, "mean_processing_ms": 0.17600111948254996, "mean_inference_ms": 0.7470726102806573}, "off_policy_estimator": {}, "num_healthy_workers": 1, "timesteps_total": 4000, "timers": {"sample_time_ms": 4876.86, "sample_throughput": 820.2, "load_time_ms": 58.421, "load_throughput": 68468.651, "learn_time_ms": 3783.727, "learn_throughput": 1057.159, "update_time_ms": 3.049}, "info": {"learner": {"default_policy": {"cur_kl_coeff": 0.20000000298023224, "cur_lr": 0.0010000000474974513, "total_loss": 84.29419708251953, "policy_loss": -0.04870922118425369, "vf_loss": 84.33533477783203, "vf_explained_var": 0.2953338325023651, "kl": 0.03787848353385925, "entropy": 0.6559183597564697, "entropy_coeff": 0.0, "model": {}}}, "num_steps_sampled": 4000, "num_steps_trained": 4000}, "done": true, "episodes_total": 173, "training_iteration": 1, "experiment_id": "b00aaa5b8be140469dfd55774a0ca5f5", "date": "2020-08-18_18-26-29", "timestamp": 1597775189, "time_this_iter_s": 8.903242588043213, "time_total_s": 8.903242588043213, "pid": 16741, "hostname": "terminator-1000", "node_ip": "10.168.0.7", "config": {"num_workers": 1, "num_envs_per_worker": 1, "rollout_fragment_length": 200, "sample_batch_size": -1, "batch_mode": "truncate_episodes", "num_gpus": 0, "train_batch_size": 4000, "model": {"conv_filters": null, "conv_activation": "relu", "fcnet_activation": "tanh", "fcnet_hiddens": [256, 256], "free_log_std": false, "no_final_linear": false, "vf_share_layers": true, "use_lstm": false, "max_seq_len": 20, "lstm_cell_size": 256, "lstm_use_prev_action_reward": false, "state_shape": null, "framestack": true, "dim": 84, "grayscale": false, "zero_mean": true, "custom_model": null, "custom_model_config": {}, "custom_action_dist": null, "custom_preprocessor": null, "custom_options": -1}, "optimizer": {}, "gamma": 0.99, "horizon": null, "soft_horizon": false, "no_done_at_end": false, "env_config": {}, "env": "CartPole-v0", "normalize_actions": false, "clip_rewards": null, "clip_actions": true, "preprocessor_pref": "deepmind", "lr": 0.001, "monitor": false, "log_level": "WARN", "callbacks": "<class 'ray.rllib.agents.callbacks.DefaultCallbacks'>", "ignore_worker_failures": false, "log_sys_usage": true, "fake_sampler": false, "framework": "tf", "eager_tracing": false, "no_eager_on_workers": false, "explore": true, "exploration_config": {"type": "StochasticSampling"}, "evaluation_interval": null, "evaluation_num_episodes": 10, "in_evaluation": false, "evaluation_config": {}, "evaluation_num_workers": 0, "custom_eval_function": null, "sample_async": false, "observation_filter": "NoFilter", "synchronize_filters": true, "tf_session_args": {"intra_op_parallelism_threads": 2, "inter_op_parallelism_threads": 2, "gpu_options": {"allow_growth": true}, "log_device_placement": false, "device_count": {"CPU": 1}, "allow_soft_placement": true}, "local_tf_session_args": {"intra_op_parallelism_threads": 8, "inter_op_parallelism_threads": 8}, "compress_observations": false, "collect_metrics_timeout": 180, "metrics_smoothing_episodes": 100, "remote_worker_envs": false, "remote_env_batch_wait_ms": 0, "min_iter_time_s": 0, "timesteps_per_iteration": 0, "seed": null, "extra_python_environs_for_driver": {}, "extra_python_environs_for_worker": {}, "num_cpus_per_worker": 1, "num_gpus_per_worker": 0, "custom_resources_per_worker": {}, "num_cpus_for_driver": 1, "memory": 0, "object_store_memory": 0, "memory_per_worker": 0, "object_store_memory_per_worker": 0, "input": "sampler", "input_evaluation": ["is", "wis"], "postprocess_inputs": false, "shuffle_buffer_size": 0, "output": null, "output_compress_columns": ["obs", "new_obs"], "output_max_file_size": 67108864, "multiagent": {"policies": {}, "policy_mapping_fn": null, "policies_to_train": null, "observation_fn": null}, "use_pytorch": -1, "use_critic": true, "use_gae": true, "lambda": 1.0, "kl_coeff": 0.2, "sgd_minibatch_size": 128, "shuffle_sequences": true, "num_sgd_iter": 30, "lr_schedule": null, "vf_share_layers": false, "vf_loss_coeff": 1.0, "entropy_coeff": 0.0, "entropy_coeff_schedule": null, "clip_param": 0.3, "vf_clip_param": 10.0, "grad_clip": null, "kl_target": 0.01, "simple_optimizer": false, "_fake_gpus": false}, "time_since_restore": 8.903242588043213, "timesteps_since_restore": 0, "iterations_since_restore": 1, "perf": {"cpu_util_percent": 36.184615384615384, "ram_util_percent": 3.530769230769231}, "trial_id": "4d856_00001", "experiment_tag": "1_lr=0.001"}
