{"episode_reward_max": 101.0, "episode_reward_min": 9.0, "episode_reward_mean": 22.410112359550563, "episode_len_mean": 22.410112359550563, "episodes_this_iter": 178, "policy_reward_min": {}, "policy_reward_max": {}, "policy_reward_mean": {}, "custom_metrics": {}, "hist_stats": {"episode_reward": [16.0, 57.0, 21.0, 101.0, 44.0, 37.0, 68.0, 35.0, 18.0, 12.0, 14.0, 16.0, 10.0, 13.0, 33.0, 28.0, 19.0, 14.0, 17.0, 20.0, 15.0, 18.0, 18.0, 23.0, 22.0, 15.0, 27.0, 32.0, 14.0, 31.0, 12.0, 29.0, 17.0, 14.0, 41.0, 12.0, 19.0, 24.0, 11.0, 28.0, 15.0, 11.0, 20.0, 15.0, 21.0, 18.0, 22.0, 23.0, 21.0, 24.0, 21.0, 37.0, 21.0, 17.0, 13.0, 43.0, 18.0, 14.0, 16.0, 16.0, 11.0, 21.0, 20.0, 21.0, 36.0, 24.0, 9.0, 13.0, 10.0, 12.0, 19.0, 18.0, 33.0, 9.0, 28.0, 24.0, 16.0, 24.0, 17.0, 11.0, 14.0, 27.0, 17.0, 31.0, 9.0, 14.0, 22.0, 18.0, 14.0, 10.0, 21.0, 22.0, 11.0, 16.0, 18.0, 11.0, 18.0, 18.0, 54.0, 30.0, 13.0, 20.0, 16.0, 18.0, 25.0, 17.0, 15.0, 12.0, 17.0, 12.0, 38.0, 35.0, 13.0, 11.0, 20.0, 20.0, 30.0, 17.0, 27.0, 16.0, 17.0, 13.0, 13.0, 24.0, 22.0, 22.0, 16.0, 19.0, 95.0, 10.0, 13.0, 18.0, 9.0, 43.0, 36.0, 41.0, 38.0, 18.0, 30.0, 21.0, 24.0, 14.0, 12.0, 18.0, 30.0, 35.0, 10.0, 29.0, 13.0, 40.0, 37.0, 15.0, 32.0, 17.0, 16.0, 37.0, 28.0, 22.0, 17.0, 25.0, 25.0, 19.0, 18.0, 52.0, 14.0, 59.0, 13.0, 13.0, 14.0, 10.0, 17.0, 11.0, 26.0, 19.0, 20.0, 28.0, 16.0, 42.0], "episode_lengths": [16, 57, 21, 101, 44, 37, 68, 35, 18, 12, 14, 16, 10, 13, 33, 28, 19, 14, 17, 20, 15, 18, 18, 23, 22, 15, 27, 32, 14, 31, 12, 29, 17, 14, 41, 12, 19, 24, 11, 28, 15, 11, 20, 15, 21, 18, 22, 23, 21, 24, 21, 37, 21, 17, 13, 43, 18, 14, 16, 16, 11, 21, 20, 21, 36, 24, 9, 13, 10, 12, 19, 18, 33, 9, 28, 24, 16, 24, 17, 11, 14, 27, 17, 31, 9, 14, 22, 18, 14, 10, 21, 22, 11, 16, 18, 11, 18, 18, 54, 30, 13, 20, 16, 18, 25, 17, 15, 12, 17, 12, 38, 35, 13, 11, 20, 20, 30, 17, 27, 16, 17, 13, 13, 24, 22, 22, 16, 19, 95, 10, 13, 18, 9, 43, 36, 41, 38, 18, 30, 21, 24, 14, 12, 18, 30, 35, 10, 29, 13, 40, 37, 15, 32, 17, 16, 37, 28, 22, 17, 25, 25, 19, 18, 52, 14, 59, 13, 13, 14, 10, 17, 11, 26, 19, 20, 28, 16, 42]}, "sampler_perf": {"mean_env_wait_ms": 0.05659285976540533, "mean_processing_ms": 0.14200058021535875, "mean_inference_ms": 0.6279344112984511}, "off_policy_estimator": {}, "num_healthy_workers": 1, "timesteps_total": 4000, "timers": {"sample_time_ms": 4529.14, "sample_throughput": 883.17, "load_time_ms": 37.212, "load_throughput": 107491.821, "learn_time_ms": 3773.257, "learn_throughput": 1060.092, "update_time_ms": 2.255}, "info": {"learner": {"default_policy": {"cur_kl_coeff": 0.20000000298023224, "cur_lr": 0.0010000000474974513, "total_loss": 105.06229400634766, "policy_loss": -0.0484706312417984, "vf_loss": 105.10295867919922, "vf_explained_var": 0.222463458776474, "kl": 0.038995128124952316, "entropy": 0.6551026105880737, "entropy_coeff": 0.0, "model": {}}}, "num_steps_sampled": 4000, "num_steps_trained": 4000}, "done": true, "episodes_total": 178, "training_iteration": 1, "experiment_id": "d75d728aa8a746c6876efb9b38edad8b", "date": "2020-08-16_03-59-01", "timestamp": 1597550341, "time_this_iter_s": 8.440207481384277, "time_total_s": 8.440207481384277, "pid": 22050, "hostname": "ntozcc-dv-mlalo-vm", "node_ip": "10.0.0.4", "config": {"num_workers": 1, "num_envs_per_worker": 1, "rollout_fragment_length": 200, "sample_batch_size": -1, "batch_mode": "truncate_episodes", "num_gpus": 0, "train_batch_size": 4000, "model": {"conv_filters": null, "conv_activation": "relu", "fcnet_activation": "tanh", "fcnet_hiddens": [256, 256], "free_log_std": false, "no_final_linear": false, "vf_share_layers": true, "use_lstm": false, "max_seq_len": 20, "lstm_cell_size": 256, "lstm_use_prev_action_reward": false, "state_shape": null, "framestack": true, "dim": 84, "grayscale": false, "zero_mean": true, "custom_model": null, "custom_model_config": {}, "custom_action_dist": null, "custom_preprocessor": null, "custom_options": -1}, "optimizer": {}, "gamma": 0.99, "horizon": null, "soft_horizon": false, "no_done_at_end": false, "env_config": {}, "env": "CartPole-v0", "normalize_actions": false, "clip_rewards": null, "clip_actions": true, "preprocessor_pref": "deepmind", "lr": 0.001, "monitor": false, "log_level": "WARN", "callbacks": "<class 'ray.rllib.agents.callbacks.DefaultCallbacks'>", "ignore_worker_failures": false, "log_sys_usage": true, "fake_sampler": false, "framework": "tf", "eager_tracing": false, "no_eager_on_workers": false, "explore": true, "exploration_config": {"type": "StochasticSampling"}, "evaluation_interval": null, "evaluation_num_episodes": 10, "in_evaluation": false, "evaluation_config": {}, "evaluation_num_workers": 0, "custom_eval_function": null, "sample_async": false, "observation_filter": "NoFilter", "synchronize_filters": true, "tf_session_args": {"intra_op_parallelism_threads": 2, "inter_op_parallelism_threads": 2, "gpu_options": {"allow_growth": true}, "log_device_placement": false, "device_count": {"CPU": 1}, "allow_soft_placement": true}, "local_tf_session_args": {"intra_op_parallelism_threads": 8, "inter_op_parallelism_threads": 8}, "compress_observations": false, "collect_metrics_timeout": 180, "metrics_smoothing_episodes": 100, "remote_worker_envs": false, "remote_env_batch_wait_ms": 0, "min_iter_time_s": 0, "timesteps_per_iteration": 0, "seed": null, "extra_python_environs_for_driver": {}, "extra_python_environs_for_worker": {}, "num_cpus_per_worker": 1, "num_gpus_per_worker": 0, "custom_resources_per_worker": {}, "num_cpus_for_driver": 1, "memory": 0, "object_store_memory": 0, "memory_per_worker": 0, "object_store_memory_per_worker": 0, "input": "sampler", "input_evaluation": ["is", "wis"], "postprocess_inputs": false, "shuffle_buffer_size": 0, "output": null, "output_compress_columns": ["obs", "new_obs"], "output_max_file_size": 67108864, "multiagent": {"policies": {}, "policy_mapping_fn": null, "policies_to_train": null, "observation_fn": null}, "use_pytorch": -1, "use_critic": true, "use_gae": true, "lambda": 1.0, "kl_coeff": 0.2, "sgd_minibatch_size": 128, "shuffle_sequences": true, "num_sgd_iter": 30, "lr_schedule": null, "vf_share_layers": false, "vf_loss_coeff": 1.0, "entropy_coeff": 0.0, "entropy_coeff_schedule": null, "clip_param": 0.3, "vf_clip_param": 10.0, "grad_clip": null, "kl_target": 0.01, "simple_optimizer": false, "_fake_gpus": false}, "time_since_restore": 8.440207481384277, "timesteps_since_restore": 0, "iterations_since_restore": 1, "perf": {"cpu_util_percent": 71.50769230769231, "ram_util_percent": 32.23076923076923}, "trial_id": "c1017_00001", "experiment_tag": "1_lr=0.001"}
