{"episode_reward_max": 64.0, "episode_reward_min": 8.0, "episode_reward_mean": 20.71502590673575, "episode_len_mean": 20.71502590673575, "episodes_this_iter": 193, "policy_reward_min": {}, "policy_reward_max": {}, "policy_reward_mean": {}, "custom_metrics": {}, "hist_stats": {"episode_reward": [19.0, 12.0, 46.0, 15.0, 15.0, 16.0, 26.0, 42.0, 11.0, 12.0, 15.0, 34.0, 9.0, 16.0, 14.0, 19.0, 12.0, 8.0, 16.0, 16.0, 45.0, 16.0, 13.0, 22.0, 17.0, 19.0, 11.0, 21.0, 35.0, 12.0, 31.0, 13.0, 15.0, 12.0, 27.0, 18.0, 35.0, 20.0, 27.0, 28.0, 18.0, 14.0, 19.0, 55.0, 9.0, 20.0, 13.0, 13.0, 12.0, 15.0, 64.0, 11.0, 14.0, 12.0, 23.0, 17.0, 13.0, 30.0, 19.0, 51.0, 14.0, 9.0, 14.0, 28.0, 29.0, 26.0, 11.0, 20.0, 11.0, 20.0, 23.0, 24.0, 13.0, 12.0, 28.0, 28.0, 12.0, 11.0, 32.0, 18.0, 25.0, 13.0, 11.0, 11.0, 13.0, 49.0, 39.0, 34.0, 16.0, 20.0, 24.0, 13.0, 13.0, 23.0, 32.0, 16.0, 14.0, 12.0, 15.0, 14.0, 11.0, 14.0, 21.0, 15.0, 14.0, 47.0, 11.0, 20.0, 10.0, 15.0, 10.0, 28.0, 16.0, 17.0, 25.0, 23.0, 14.0, 12.0, 25.0, 21.0, 31.0, 23.0, 19.0, 47.0, 37.0, 25.0, 32.0, 18.0, 14.0, 13.0, 46.0, 21.0, 23.0, 27.0, 10.0, 23.0, 14.0, 26.0, 29.0, 13.0, 25.0, 12.0, 29.0, 37.0, 15.0, 25.0, 9.0, 14.0, 22.0, 22.0, 23.0, 12.0, 20.0, 17.0, 13.0, 12.0, 29.0, 21.0, 18.0, 19.0, 15.0, 11.0, 16.0, 19.0, 39.0, 11.0, 12.0, 18.0, 13.0, 37.0, 20.0, 19.0, 43.0, 19.0, 41.0, 18.0, 40.0, 15.0, 15.0, 21.0, 11.0, 26.0, 30.0, 16.0, 15.0, 16.0, 18.0, 18.0, 36.0, 16.0, 10.0, 24.0, 24.0], "episode_lengths": [19, 12, 46, 15, 15, 16, 26, 42, 11, 12, 15, 34, 9, 16, 14, 19, 12, 8, 16, 16, 45, 16, 13, 22, 17, 19, 11, 21, 35, 12, 31, 13, 15, 12, 27, 18, 35, 20, 27, 28, 18, 14, 19, 55, 9, 20, 13, 13, 12, 15, 64, 11, 14, 12, 23, 17, 13, 30, 19, 51, 14, 9, 14, 28, 29, 26, 11, 20, 11, 20, 23, 24, 13, 12, 28, 28, 12, 11, 32, 18, 25, 13, 11, 11, 13, 49, 39, 34, 16, 20, 24, 13, 13, 23, 32, 16, 14, 12, 15, 14, 11, 14, 21, 15, 14, 47, 11, 20, 10, 15, 10, 28, 16, 17, 25, 23, 14, 12, 25, 21, 31, 23, 19, 47, 37, 25, 32, 18, 14, 13, 46, 21, 23, 27, 10, 23, 14, 26, 29, 13, 25, 12, 29, 37, 15, 25, 9, 14, 22, 22, 23, 12, 20, 17, 13, 12, 29, 21, 18, 19, 15, 11, 16, 19, 39, 11, 12, 18, 13, 37, 20, 19, 43, 19, 41, 18, 40, 15, 15, 21, 11, 26, 30, 16, 15, 16, 18, 18, 36, 16, 10, 24, 24]}, "sampler_perf": {"mean_env_wait_ms": 0.059012322686845385, "mean_processing_ms": 0.14678265743927787, "mean_inference_ms": 0.6447734012808749}, "off_policy_estimator": {}, "num_healthy_workers": 1, "timesteps_total": 4000, "timers": {"sample_time_ms": 4564.418, "sample_throughput": 876.344, "load_time_ms": 40.758, "load_throughput": 98139.348, "learn_time_ms": 3911.127, "learn_throughput": 1022.723, "update_time_ms": 2.37}, "info": {"learner": {"default_policy": {"cur_kl_coeff": 0.20000000298023224, "cur_lr": 0.0010000000474974513, "total_loss": 60.24772262573242, "policy_loss": -0.04971420392394066, "vf_loss": 60.289642333984375, "vf_explained_var": 0.317976176738739, "kl": 0.03896641358733177, "entropy": 0.6556060910224915, "entropy_coeff": 0.0, "model": {}}}, "num_steps_sampled": 4000, "num_steps_trained": 4000}, "done": false, "episodes_total": 193, "training_iteration": 1, "experiment_id": "20906ef27b4a42b5b9187e704e71f91f", "date": "2020-08-16_04-44-49", "timestamp": 1597553089, "time_this_iter_s": 8.621899127960205, "time_total_s": 8.621899127960205, "pid": 26836, "hostname": "ntozcc-dv-mlalo-vm", "node_ip": "10.0.0.4", "config": {"num_workers": 1, "num_envs_per_worker": 1, "rollout_fragment_length": 200, "sample_batch_size": -1, "batch_mode": "truncate_episodes", "num_gpus": 0, "train_batch_size": 4000, "model": {"conv_filters": null, "conv_activation": "relu", "fcnet_activation": "tanh", "fcnet_hiddens": [256, 256], "free_log_std": false, "no_final_linear": false, "vf_share_layers": true, "use_lstm": false, "max_seq_len": 20, "lstm_cell_size": 256, "lstm_use_prev_action_reward": false, "state_shape": null, "framestack": true, "dim": 84, "grayscale": false, "zero_mean": true, "custom_model": null, "custom_model_config": {}, "custom_action_dist": null, "custom_preprocessor": null, "custom_options": -1}, "optimizer": {}, "gamma": 0.99, "horizon": null, "soft_horizon": false, "no_done_at_end": false, "env_config": {}, "env": "CartPole-v0", "normalize_actions": false, "clip_rewards": null, "clip_actions": true, "preprocessor_pref": "deepmind", "lr": 0.001, "monitor": false, "log_level": "WARN", "callbacks": "<class 'ray.rllib.agents.callbacks.DefaultCallbacks'>", "ignore_worker_failures": false, "log_sys_usage": true, "fake_sampler": false, "framework": "tf", "eager_tracing": false, "no_eager_on_workers": false, "explore": true, "exploration_config": {"type": "StochasticSampling"}, "evaluation_interval": null, "evaluation_num_episodes": 10, "in_evaluation": false, "evaluation_config": {}, "evaluation_num_workers": 0, "custom_eval_function": null, "sample_async": false, "observation_filter": "NoFilter", "synchronize_filters": true, "tf_session_args": {"intra_op_parallelism_threads": 2, "inter_op_parallelism_threads": 2, "gpu_options": {"allow_growth": true}, "log_device_placement": false, "device_count": {"CPU": 1}, "allow_soft_placement": true}, "local_tf_session_args": {"intra_op_parallelism_threads": 8, "inter_op_parallelism_threads": 8}, "compress_observations": false, "collect_metrics_timeout": 180, "metrics_smoothing_episodes": 100, "remote_worker_envs": false, "remote_env_batch_wait_ms": 0, "min_iter_time_s": 0, "timesteps_per_iteration": 0, "seed": null, "extra_python_environs_for_driver": {}, "extra_python_environs_for_worker": {}, "num_cpus_per_worker": 1, "num_gpus_per_worker": 0, "custom_resources_per_worker": {}, "num_cpus_for_driver": 1, "memory": 0, "object_store_memory": 0, "memory_per_worker": 0, "object_store_memory_per_worker": 0, "input": "sampler", "input_evaluation": ["is", "wis"], "postprocess_inputs": false, "shuffle_buffer_size": 0, "output": null, "output_compress_columns": ["obs", "new_obs"], "output_max_file_size": 67108864, "multiagent": {"policies": {}, "policy_mapping_fn": null, "policies_to_train": null, "observation_fn": null}, "use_pytorch": -1, "use_critic": true, "use_gae": true, "lambda": 1.0, "kl_coeff": 0.2, "sgd_minibatch_size": 128, "shuffle_sequences": true, "num_sgd_iter": 30, "lr_schedule": null, "vf_share_layers": false, "vf_loss_coeff": 1.0, "entropy_coeff": 0.0, "entropy_coeff_schedule": null, "clip_param": 0.3, "vf_clip_param": 10.0, "grad_clip": null, "kl_target": 0.01, "simple_optimizer": false, "_fake_gpus": false}, "time_since_restore": 8.621899127960205, "timesteps_since_restore": 0, "iterations_since_restore": 1, "perf": {"cpu_util_percent": 71.88461538461539, "ram_util_percent": 32.284615384615385}, "trial_id": "1e5b7_00001", "experiment_tag": "1_lr=0.001"}
{"episode_reward_max": 196.0, "episode_reward_min": 10.0, "episode_reward_mean": 45.01, "episode_len_mean": 45.01, "episodes_this_iter": 77, "policy_reward_min": {}, "policy_reward_max": {}, "policy_reward_mean": {}, "custom_metrics": {}, "hist_stats": {"episode_reward": [196.0, 83.0, 82.0, 16.0, 45.0, 17.0, 26.0, 22.0, 68.0, 116.0, 107.0, 35.0, 73.0, 76.0, 57.0, 15.0, 31.0, 53.0, 63.0, 23.0, 104.0, 52.0, 31.0, 100.0, 17.0, 62.0, 62.0, 26.0, 33.0, 54.0, 36.0, 93.0, 60.0, 74.0, 85.0, 17.0, 118.0, 44.0, 23.0, 27.0, 20.0, 18.0, 28.0, 94.0, 41.0, 21.0, 28.0, 52.0, 30.0, 81.0, 47.0, 139.0, 89.0, 76.0, 84.0, 23.0, 63.0, 51.0, 18.0, 10.0, 34.0, 17.0, 34.0, 27.0, 72.0, 35.0, 26.0, 10.0, 25.0, 39.0, 28.0, 29.0, 57.0, 11.0, 68.0, 44.0, 99.0, 20.0, 19.0, 43.0, 19.0, 41.0, 18.0, 40.0, 15.0, 15.0, 21.0, 11.0, 26.0, 30.0, 16.0, 15.0, 16.0, 18.0, 18.0, 36.0, 16.0, 10.0, 24.0, 24.0],