{"episode_reward_max": 62.0, "episode_reward_min": 9.0, "episode_reward_mean": 21.12169312169312, "episode_len_mean": 21.12169312169312, "episodes_this_iter": 189, "policy_reward_min": {}, "policy_reward_max": {}, "policy_reward_mean": {}, "custom_metrics": {}, "hist_stats": {"episode_reward": [27.0, 16.0, 29.0, 19.0, 12.0, 35.0, 46.0, 21.0, 50.0, 12.0, 24.0, 13.0, 15.0, 9.0, 23.0, 20.0, 14.0, 37.0, 14.0, 43.0, 23.0, 19.0, 23.0, 27.0, 10.0, 15.0, 22.0, 14.0, 18.0, 19.0, 21.0, 16.0, 10.0, 11.0, 10.0, 16.0, 48.0, 15.0, 15.0, 39.0, 30.0, 20.0, 13.0, 11.0, 15.0, 18.0, 32.0, 10.0, 33.0, 21.0, 48.0, 13.0, 16.0, 10.0, 15.0, 27.0, 13.0, 14.0, 14.0, 20.0, 13.0, 27.0, 25.0, 29.0, 22.0, 16.0, 14.0, 17.0, 27.0, 20.0, 20.0, 16.0, 19.0, 25.0, 25.0, 15.0, 15.0, 13.0, 15.0, 16.0, 27.0, 13.0, 17.0, 15.0, 11.0, 34.0, 20.0, 33.0, 37.0, 14.0, 45.0, 24.0, 23.0, 25.0, 16.0, 32.0, 23.0, 35.0, 11.0, 38.0, 22.0, 34.0, 28.0, 18.0, 28.0, 11.0, 26.0, 19.0, 19.0, 21.0, 31.0, 12.0, 15.0, 16.0, 51.0, 11.0, 36.0, 11.0, 20.0, 31.0, 14.0, 13.0, 20.0, 10.0, 27.0, 16.0, 18.0, 12.0, 12.0, 13.0, 13.0, 9.0, 11.0, 20.0, 32.0, 17.0, 39.0, 28.0, 12.0, 17.0, 46.0, 18.0, 14.0, 23.0, 16.0, 15.0, 33.0, 23.0, 42.0, 35.0, 25.0, 16.0, 18.0, 62.0, 9.0, 10.0, 20.0, 12.0, 12.0, 22.0, 57.0, 12.0, 38.0, 14.0, 15.0, 12.0, 26.0, 26.0, 19.0, 20.0, 13.0, 14.0, 14.0, 12.0, 23.0, 22.0, 14.0, 13.0, 33.0, 19.0, 29.0, 18.0, 16.0, 15.0, 10.0, 17.0, 11.0, 13.0, 18.0], "episode_lengths": [27, 16, 29, 19, 12, 35, 46, 21, 50, 12, 24, 13, 15, 9, 23, 20, 14, 37, 14, 43, 23, 19, 23, 27, 10, 15, 22, 14, 18, 19, 21, 16, 10, 11, 10, 16, 48, 15, 15, 39, 30, 20, 13, 11, 15, 18, 32, 10, 33, 21, 48, 13, 16, 10, 15, 27, 13, 14, 14, 20, 13, 27, 25, 29, 22, 16, 14, 17, 27, 20, 20, 16, 19, 25, 25, 15, 15, 13, 15, 16, 27, 13, 17, 15, 11, 34, 20, 33, 37, 14, 45, 24, 23, 25, 16, 32, 23, 35, 11, 38, 22, 34, 28, 18, 28, 11, 26, 19, 19, 21, 31, 12, 15, 16, 51, 11, 36, 11, 20, 31, 14, 13, 20, 10, 27, 16, 18, 12, 12, 13, 13, 9, 11, 20, 32, 17, 39, 28, 12, 17, 46, 18, 14, 23, 16, 15, 33, 23, 42, 35, 25, 16, 18, 62, 9, 10, 20, 12, 12, 22, 57, 12, 38, 14, 15, 12, 26, 26, 19, 20, 13, 14, 14, 12, 23, 22, 14, 13, 33, 19, 29, 18, 16, 15, 10, 17, 11, 13, 18]}, "sampler_perf": {"mean_env_wait_ms": 0.07074834465593195, "mean_processing_ms": 0.1803763179116415, "mean_inference_ms": 0.751084549609973}, "off_policy_estimator": {}, "num_healthy_workers": 1, "timesteps_total": 4000, "timers": {"sample_time_ms": 4959.567, "sample_throughput": 806.522, "load_time_ms": 49.896, "load_throughput": 80166.361, "learn_time_ms": 3871.631, "learn_throughput": 1033.156, "update_time_ms": 2.384}, "info": {"learner": {"default_policy": {"cur_kl_coeff": 0.20000000298023224, "cur_lr": 9.999999747378752e-05, "total_loss": 66.4328384399414, "policy_loss": -0.05064164102077484, "vf_loss": 66.47667694091797, "vf_explained_var": 0.24871864914894104, "kl": 0.033988937735557556, "entropy": 0.6600407361984253, "entropy_coeff": 0.0, "model": {}}}, "num_steps_sampled": 4000, "num_steps_trained": 4000}, "done": true, "episodes_total": 189, "training_iteration": 1, "experiment_id": "0f74f61dada541c5815091dbf501a827", "date": "2020-08-18_17-09-02", "timestamp": 1597770542, "time_this_iter_s": 9.009079217910767, "time_total_s": 9.009079217910767, "pid": 9394, "hostname": "terminator-1000", "node_ip": "10.168.0.7", "config": {"num_workers": 1, "num_envs_per_worker": 1, "rollout_fragment_length": 200, "sample_batch_size": -1, "batch_mode": "truncate_episodes", "num_gpus": 0, "train_batch_size": 4000, "model": {"conv_filters": null, "conv_activation": "relu", "fcnet_activation": "tanh", "fcnet_hiddens": [256, 256], "free_log_std": false, "no_final_linear": false, "vf_share_layers": true, "use_lstm": false, "max_seq_len": 20, "lstm_cell_size": 256, "lstm_use_prev_action_reward": false, "state_shape": null, "framestack": true, "dim": 84, "grayscale": false, "zero_mean": true, "custom_model": null, "custom_model_config": {}, "custom_action_dist": null, "custom_preprocessor": null, "custom_options": -1}, "optimizer": {}, "gamma": 0.99, "horizon": null, "soft_horizon": false, "no_done_at_end": false, "env_config": {}, "env": "CartPole-v0", "normalize_actions": false, "clip_rewards": null, "clip_actions": true, "preprocessor_pref": "deepmind", "lr": 0.0001, "monitor": false, "log_level": "WARN", "callbacks": "<class 'ray.rllib.agents.callbacks.DefaultCallbacks'>", "ignore_worker_failures": false, "log_sys_usage": true, "fake_sampler": false, "framework": "tf", "eager_tracing": false, "no_eager_on_workers": false, "explore": true, "exploration_config": {"type": "StochasticSampling"}, "evaluation_interval": null, "evaluation_num_episodes": 10, "in_evaluation": false, "evaluation_config": {}, "evaluation_num_workers": 0, "custom_eval_function": null, "sample_async": false, "observation_filter": "NoFilter", "synchronize_filters": true, "tf_session_args": {"intra_op_parallelism_threads": 2, "inter_op_parallelism_threads": 2, "gpu_options": {"allow_growth": true}, "log_device_placement": false, "device_count": {"CPU": 1}, "allow_soft_placement": true}, "local_tf_session_args": {"intra_op_parallelism_threads": 8, "inter_op_parallelism_threads": 8}, "compress_observations": false, "collect_metrics_timeout": 180, "metrics_smoothing_episodes": 100, "remote_worker_envs": false, "remote_env_batch_wait_ms": 0, "min_iter_time_s": 0, "timesteps_per_iteration": 0, "seed": null, "extra_python_environs_for_driver": {}, "extra_python_environs_for_worker": {}, "num_cpus_per_worker": 1, "num_gpus_per_worker": 0, "custom_resources_per_worker": {}, "num_cpus_for_driver": 1, "memory": 0, "object_store_memory": 0, "memory_per_worker": 0, "object_store_memory_per_worker": 0, "input": "sampler", "input_evaluation": ["is", "wis"], "postprocess_inputs": false, "shuffle_buffer_size": 0, "output": null, "output_compress_columns": ["obs", "new_obs"], "output_max_file_size": 67108864, "multiagent": {"policies": {}, "policy_mapping_fn": null, "policies_to_train": null, "observation_fn": null}, "use_pytorch": -1, "use_critic": true, "use_gae": true, "lambda": 1.0, "kl_coeff": 0.2, "sgd_minibatch_size": 128, "shuffle_sequences": true, "num_sgd_iter": 30, "lr_schedule": null, "vf_share_layers": false, "vf_loss_coeff": 1.0, "entropy_coeff": 0.0, "entropy_coeff_schedule": null, "clip_param": 0.3, "vf_clip_param": 10.0, "grad_clip": null, "kl_target": 0.01, "simple_optimizer": false, "_fake_gpus": false}, "time_since_restore": 9.009079217910767, "timesteps_since_restore": 0, "iterations_since_restore": 1, "perf": {"cpu_util_percent": 36.892307692307696, "ram_util_percent": 3.5153846153846158}, "trial_id": "7b6a4_00002", "experiment_tag": "2_lr=0.0001"}
