{"episode_reward_max": 63.0, "episode_reward_min": 9.0, "episode_reward_mean": 21.86813186813187, "episode_len_mean": 21.86813186813187, "episodes_this_iter": 182, "policy_reward_min": {}, "policy_reward_max": {}, "policy_reward_mean": {}, "custom_metrics": {}, "hist_stats": {"episode_reward": [32.0, 45.0, 23.0, 26.0, 13.0, 36.0, 19.0, 14.0, 15.0, 30.0, 27.0, 10.0, 11.0, 15.0, 51.0, 15.0, 14.0, 14.0, 17.0, 15.0, 10.0, 25.0, 35.0, 13.0, 24.0, 18.0, 13.0, 42.0, 11.0, 36.0, 12.0, 31.0, 23.0, 15.0, 27.0, 54.0, 30.0, 12.0, 24.0, 20.0, 19.0, 12.0, 10.0, 15.0, 10.0, 19.0, 33.0, 27.0, 33.0, 13.0, 28.0, 13.0, 9.0, 16.0, 30.0, 63.0, 12.0, 11.0, 18.0, 28.0, 14.0, 18.0, 32.0, 11.0, 12.0, 11.0, 23.0, 16.0, 16.0, 25.0, 23.0, 19.0, 19.0, 12.0, 20.0, 14.0, 17.0, 15.0, 16.0, 14.0, 29.0, 39.0, 18.0, 41.0, 12.0, 43.0, 13.0, 13.0, 22.0, 22.0, 17.0, 18.0, 20.0, 25.0, 19.0, 21.0, 17.0, 26.0, 24.0, 21.0, 14.0, 25.0, 13.0, 16.0, 22.0, 16.0, 15.0, 14.0, 19.0, 19.0, 34.0, 19.0, 18.0, 24.0, 36.0, 13.0, 12.0, 12.0, 54.0, 18.0, 16.0, 16.0, 24.0, 51.0, 28.0, 18.0, 15.0, 12.0, 45.0, 27.0, 25.0, 15.0, 13.0, 47.0, 12.0, 24.0, 15.0, 15.0, 45.0, 32.0, 11.0, 23.0, 23.0, 33.0, 14.0, 12.0, 32.0, 22.0, 17.0, 14.0, 19.0, 30.0, 29.0, 45.0, 19.0, 28.0, 13.0, 19.0, 40.0, 26.0, 18.0, 58.0, 29.0, 24.0, 16.0, 11.0, 32.0, 17.0, 12.0, 12.0, 13.0, 18.0, 36.0, 16.0, 11.0, 9.0, 15.0, 24.0, 20.0, 15.0, 39.0, 15.0], "episode_lengths": [32, 45, 23, 26, 13, 36, 19, 14, 15, 30, 27, 10, 11, 15, 51, 15, 14, 14, 17, 15, 10, 25, 35, 13, 24, 18, 13, 42, 11, 36, 12, 31, 23, 15, 27, 54, 30, 12, 24, 20, 19, 12, 10, 15, 10, 19, 33, 27, 33, 13, 28, 13, 9, 16, 30, 63, 12, 11, 18, 28, 14, 18, 32, 11, 12, 11, 23, 16, 16, 25, 23, 19, 19, 12, 20, 14, 17, 15, 16, 14, 29, 39, 18, 41, 12, 43, 13, 13, 22, 22, 17, 18, 20, 25, 19, 21, 17, 26, 24, 21, 14, 25, 13, 16, 22, 16, 15, 14, 19, 19, 34, 19, 18, 24, 36, 13, 12, 12, 54, 18, 16, 16, 24, 51, 28, 18, 15, 12, 45, 27, 25, 15, 13, 47, 12, 24, 15, 15, 45, 32, 11, 23, 23, 33, 14, 12, 32, 22, 17, 14, 19, 30, 29, 45, 19, 28, 13, 19, 40, 26, 18, 58, 29, 24, 16, 11, 32, 17, 12, 12, 13, 18, 36, 16, 11, 9, 15, 24, 20, 15, 39, 15]}, "sampler_perf": {"mean_env_wait_ms": 0.07108895965171914, "mean_processing_ms": 0.18446774996390675, "mean_inference_ms": 0.7595434334241755}, "off_policy_estimator": {}, "num_healthy_workers": 1, "timesteps_total": 4000, "timers": {"sample_time_ms": 5067.111, "sample_throughput": 789.404, "load_time_ms": 53.584, "load_throughput": 74649.343, "learn_time_ms": 3868.515, "learn_throughput": 1033.988, "update_time_ms": 2.126}, "info": {"learner": {"default_policy": {"cur_kl_coeff": 0.20000000298023224, "cur_lr": 9.999999747378752e-05, "total_loss": 68.46908569335938, "policy_loss": -0.045378923416137695, "vf_loss": 68.50762939453125, "vf_explained_var": 0.24128833413124084, "kl": 0.0341879203915596, "entropy": 0.660163938999176, "entropy_coeff": 0.0, "model": {}}}, "num_steps_sampled": 4000, "num_steps_trained": 4000}, "done": true, "episodes_total": 182, "training_iteration": 1, "experiment_id": "69846839ec644637b03a98ff29c01d3b", "date": "2020-08-18_18-32-42", "timestamp": 1597775562, "time_this_iter_s": 9.11748218536377, "time_total_s": 9.11748218536377, "pid": 17320, "hostname": "terminator-1000", "node_ip": "10.168.0.7", "config": {"num_workers": 1, "num_envs_per_worker": 1, "rollout_fragment_length": 200, "sample_batch_size": -1, "batch_mode": "truncate_episodes", "num_gpus": 0, "train_batch_size": 4000, "model": {"conv_filters": null, "conv_activation": "relu", "fcnet_activation": "tanh", "fcnet_hiddens": [256, 256], "free_log_std": false, "no_final_linear": false, "vf_share_layers": true, "use_lstm": false, "max_seq_len": 20, "lstm_cell_size": 256, "lstm_use_prev_action_reward": false, "state_shape": null, "framestack": true, "dim": 84, "grayscale": false, "zero_mean": true, "custom_model": null, "custom_model_config": {}, "custom_action_dist": null, "custom_preprocessor": null, "custom_options": -1}, "optimizer": {}, "gamma": 0.99, "horizon": null, "soft_horizon": false, "no_done_at_end": false, "env_config": {}, "env": "CartPole-v0", "normalize_actions": false, "clip_rewards": null, "clip_actions": true, "preprocessor_pref": "deepmind", "lr": 0.0001, "monitor": false, "log_level": "WARN", "callbacks": "<class 'ray.rllib.agents.callbacks.DefaultCallbacks'>", "ignore_worker_failures": false, "log_sys_usage": true, "fake_sampler": false, "framework": "tf", "eager_tracing": false, "no_eager_on_workers": false, "explore": true, "exploration_config": {"type": "StochasticSampling"}, "evaluation_interval": null, "evaluation_num_episodes": 10, "in_evaluation": false, "evaluation_config": {}, "evaluation_num_workers": 0, "custom_eval_function": null, "sample_async": false, "observation_filter": "NoFilter", "synchronize_filters": true, "tf_session_args": {"intra_op_parallelism_threads": 2, "inter_op_parallelism_threads": 2, "gpu_options": {"allow_growth": true}, "log_device_placement": false, "device_count": {"CPU": 1}, "allow_soft_placement": true}, "local_tf_session_args": {"intra_op_parallelism_threads": 8, "inter_op_parallelism_threads": 8}, "compress_observations": false, "collect_metrics_timeout": 180, "metrics_smoothing_episodes": 100, "remote_worker_envs": false, "remote_env_batch_wait_ms": 0, "min_iter_time_s": 0, "timesteps_per_iteration": 0, "seed": null, "extra_python_environs_for_driver": {}, "extra_python_environs_for_worker": {}, "num_cpus_per_worker": 1, "num_gpus_per_worker": 0, "custom_resources_per_worker": {}, "num_cpus_for_driver": 1, "memory": 0, "object_store_memory": 0, "memory_per_worker": 0, "object_store_memory_per_worker": 0, "input": "sampler", "input_evaluation": ["is", "wis"], "postprocess_inputs": false, "shuffle_buffer_size": 0, "output": null, "output_compress_columns": ["obs", "new_obs"], "output_max_file_size": 67108864, "multiagent": {"policies": {}, "policy_mapping_fn": null, "policies_to_train": null, "observation_fn": null}, "use_pytorch": -1, "use_critic": true, "use_gae": true, "lambda": 1.0, "kl_coeff": 0.2, "sgd_minibatch_size": 128, "shuffle_sequences": true, "num_sgd_iter": 30, "lr_schedule": null, "vf_share_layers": false, "vf_loss_coeff": 1.0, "entropy_coeff": 0.0, "entropy_coeff_schedule": null, "clip_param": 0.3, "vf_clip_param": 10.0, "grad_clip": null, "kl_target": 0.01, "simple_optimizer": false, "_fake_gpus": false}, "time_since_restore": 9.11748218536377, "timesteps_since_restore": 0, "iterations_since_restore": 1, "perf": {"cpu_util_percent": 37.36428571428571, "ram_util_percent": 3.535714285714286}, "trial_id": "2b5e3_00002", "experiment_tag": "2_lr=0.0001"}
