{"episode_reward_max": 89.0, "episode_reward_min": 9.0, "episode_reward_mean": 23.615384615384617, "episode_len_mean": 23.615384615384617, "episodes_this_iter": 169, "policy_reward_min": {}, "policy_reward_max": {}, "policy_reward_mean": {}, "custom_metrics": {}, "hist_stats": {"episode_reward": [26.0, 31.0, 23.0, 28.0, 17.0, 29.0, 14.0, 35.0, 15.0, 17.0, 10.0, 15.0, 38.0, 47.0, 14.0, 28.0, 38.0, 27.0, 14.0, 21.0, 23.0, 22.0, 27.0, 22.0, 19.0, 27.0, 18.0, 28.0, 14.0, 40.0, 23.0, 25.0, 12.0, 14.0, 11.0, 18.0, 15.0, 24.0, 26.0, 18.0, 13.0, 15.0, 19.0, 26.0, 20.0, 24.0, 29.0, 23.0, 30.0, 20.0, 21.0, 21.0, 43.0, 41.0, 20.0, 13.0, 28.0, 20.0, 18.0, 23.0, 23.0, 22.0, 20.0, 21.0, 20.0, 9.0, 12.0, 58.0, 34.0, 16.0, 14.0, 24.0, 14.0, 20.0, 29.0, 17.0, 89.0, 15.0, 17.0, 22.0, 37.0, 43.0, 12.0, 22.0, 16.0, 10.0, 13.0, 12.0, 22.0, 14.0, 18.0, 42.0, 18.0, 47.0, 26.0, 16.0, 38.0, 20.0, 26.0, 15.0, 27.0, 11.0, 15.0, 37.0, 19.0, 36.0, 25.0, 49.0, 13.0, 13.0, 11.0, 29.0, 21.0, 36.0, 12.0, 13.0, 41.0, 14.0, 21.0, 15.0, 27.0, 30.0, 28.0, 30.0, 14.0, 27.0, 29.0, 60.0, 32.0, 45.0, 19.0, 19.0, 21.0, 17.0, 62.0, 17.0, 18.0, 19.0, 18.0, 23.0, 32.0, 11.0, 15.0, 48.0, 10.0, 31.0, 11.0, 33.0, 36.0, 9.0, 22.0, 11.0, 10.0, 16.0, 22.0, 14.0, 13.0, 14.0, 16.0, 15.0, 21.0, 14.0, 20.0, 20.0, 60.0, 12.0, 22.0, 9.0, 68.0], "episode_lengths": [26, 31, 23, 28, 17, 29, 14, 35, 15, 17, 10, 15, 38, 47, 14, 28, 38, 27, 14, 21, 23, 22, 27, 22, 19, 27, 18, 28, 14, 40, 23, 25, 12, 14, 11, 18, 15, 24, 26, 18, 13, 15, 19, 26, 20, 24, 29, 23, 30, 20, 21, 21, 43, 41, 20, 13, 28, 20, 18, 23, 23, 22, 20, 21, 20, 9, 12, 58, 34, 16, 14, 24, 14, 20, 29, 17, 89, 15, 17, 22, 37, 43, 12, 22, 16, 10, 13, 12, 22, 14, 18, 42, 18, 47, 26, 16, 38, 20, 26, 15, 27, 11, 15, 37, 19, 36, 25, 49, 13, 13, 11, 29, 21, 36, 12, 13, 41, 14, 21, 15, 27, 30, 28, 30, 14, 27, 29, 60, 32, 45, 19, 19, 21, 17, 62, 17, 18, 19, 18, 23, 32, 11, 15, 48, 10, 31, 11, 33, 36, 9, 22, 11, 10, 16, 22, 14, 13, 14, 16, 15, 21, 14, 20, 20, 60, 12, 22, 9, 68]}, "sampler_perf": {"mean_env_wait_ms": 0.057391362379741975, "mean_processing_ms": 0.13900416936018684, "mean_inference_ms": 0.6144149873710162}, "off_policy_estimator": {}, "num_healthy_workers": 1, "timesteps_total": 4000, "timers": {"sample_time_ms": 4515.712, "sample_throughput": 885.796, "load_time_ms": 36.209, "load_throughput": 110469.448, "learn_time_ms": 3863.049, "learn_throughput": 1035.452, "update_time_ms": 2.14}, "info": {"learner": {"default_policy": {"cur_kl_coeff": 0.20000000298023224, "cur_lr": 9.999999747378752e-05, "total_loss": 91.02640533447266, "policy_loss": -0.044216107577085495, "vf_loss": 91.06468963623047, "vf_explained_var": 0.21731790900230408, "kl": 0.02967427670955658, "entropy": 0.663917064666748, "entropy_coeff": 0.0, "model": {}}}, "num_steps_sampled": 4000, "num_steps_trained": 4000}, "done": true, "episodes_total": 169, "training_iteration": 1, "experiment_id": "eac3197a24fb4fdf9db3720bfe6a6180", "date": "2020-08-16_04-01-51", "timestamp": 1597550511, "time_this_iter_s": 8.518033981323242, "time_total_s": 8.518033981323242, "pid": 22978, "hostname": "ntozcc-dv-mlalo-vm", "node_ip": "10.0.0.4", "config": {"num_workers": 1, "num_envs_per_worker": 1, "rollout_fragment_length": 200, "sample_batch_size": -1, "batch_mode": "truncate_episodes", "num_gpus": 0, "train_batch_size": 4000, "model": {"conv_filters": null, "conv_activation": "relu", "fcnet_activation": "tanh", "fcnet_hiddens": [256, 256], "free_log_std": false, "no_final_linear": false, "vf_share_layers": true, "use_lstm": false, "max_seq_len": 20, "lstm_cell_size": 256, "lstm_use_prev_action_reward": false, "state_shape": null, "framestack": true, "dim": 84, "grayscale": false, "zero_mean": true, "custom_model": null, "custom_model_config": {}, "custom_action_dist": null, "custom_preprocessor": null, "custom_options": -1}, "optimizer": {}, "gamma": 0.99, "horizon": null, "soft_horizon": false, "no_done_at_end": false, "env_config": {}, "env": "CartPole-v0", "normalize_actions": false, "clip_rewards": null, "clip_actions": true, "preprocessor_pref": "deepmind", "lr": 0.0001, "monitor": false, "log_level": "WARN", "callbacks": "<class 'ray.rllib.agents.callbacks.DefaultCallbacks'>", "ignore_worker_failures": false, "log_sys_usage": true, "fake_sampler": false, "framework": "tf", "eager_tracing": false, "no_eager_on_workers": false, "explore": true, "exploration_config": {"type": "StochasticSampling"}, "evaluation_interval": null, "evaluation_num_episodes": 10, "in_evaluation": false, "evaluation_config": {}, "evaluation_num_workers": 0, "custom_eval_function": null, "sample_async": false, "observation_filter": "NoFilter", "synchronize_filters": true, "tf_session_args": {"intra_op_parallelism_threads": 2, "inter_op_parallelism_threads": 2, "gpu_options": {"allow_growth": true}, "log_device_placement": false, "device_count": {"CPU": 1}, "allow_soft_placement": true}, "local_tf_session_args": {"intra_op_parallelism_threads": 8, "inter_op_parallelism_threads": 8}, "compress_observations": false, "collect_metrics_timeout": 180, "metrics_smoothing_episodes": 100, "remote_worker_envs": false, "remote_env_batch_wait_ms": 0, "min_iter_time_s": 0, "timesteps_per_iteration": 0, "seed": null, "extra_python_environs_for_driver": {}, "extra_python_environs_for_worker": {}, "num_cpus_per_worker": 1, "num_gpus_per_worker": 0, "custom_resources_per_worker": {}, "num_cpus_for_driver": 1, "memory": 0, "object_store_memory": 0, "memory_per_worker": 0, "object_store_memory_per_worker": 0, "input": "sampler", "input_evaluation": ["is", "wis"], "postprocess_inputs": false, "shuffle_buffer_size": 0, "output": null, "output_compress_columns": ["obs", "new_obs"], "output_max_file_size": 67108864, "multiagent": {"policies": {}, "policy_mapping_fn": null, "policies_to_train": null, "observation_fn": null}, "use_pytorch": -1, "use_critic": true, "use_gae": true, "lambda": 1.0, "kl_coeff": 0.2, "sgd_minibatch_size": 128, "shuffle_sequences": true, "num_sgd_iter": 30, "lr_schedule": null, "vf_share_layers": false, "vf_loss_coeff": 1.0, "entropy_coeff": 0.0, "entropy_coeff_schedule": null, "clip_param": 0.3, "vf_clip_param": 10.0, "grad_clip": null, "kl_target": 0.01, "simple_optimizer": false, "_fake_gpus": false}, "time_since_restore": 8.518033981323242, "timesteps_since_restore": 0, "iterations_since_restore": 1, "perf": {"cpu_util_percent": 72.18461538461538, "ram_util_percent": 32.207692307692305}, "trial_id": "1daf6_00002", "experiment_tag": "2_lr=0.0001"}
