{"episode_reward_max": 84.0, "episode_reward_min": 8.0, "episode_reward_mean": 21.73913043478261, "episode_len_mean": 21.73913043478261, "episodes_this_iter": 184, "policy_reward_min": {}, "policy_reward_max": {}, "policy_reward_mean": {}, "custom_metrics": {}, "hist_stats": {"episode_reward": [18.0, 21.0, 14.0, 18.0, 15.0, 13.0, 45.0, 8.0, 15.0, 22.0, 21.0, 32.0, 17.0, 13.0, 11.0, 57.0, 18.0, 12.0, 10.0, 14.0, 31.0, 18.0, 21.0, 29.0, 15.0, 23.0, 20.0, 24.0, 16.0, 10.0, 12.0, 11.0, 30.0, 11.0, 35.0, 32.0, 9.0, 11.0, 18.0, 40.0, 24.0, 11.0, 10.0, 11.0, 18.0, 12.0, 30.0, 16.0, 20.0, 31.0, 16.0, 16.0, 25.0, 16.0, 12.0, 17.0, 28.0, 22.0, 32.0, 13.0, 13.0, 30.0, 17.0, 14.0, 19.0, 12.0, 11.0, 12.0, 21.0, 23.0, 59.0, 13.0, 23.0, 12.0, 20.0, 11.0, 19.0, 22.0, 37.0, 19.0, 31.0, 13.0, 26.0, 25.0, 84.0, 82.0, 17.0, 21.0, 48.0, 12.0, 37.0, 25.0, 16.0, 10.0, 12.0, 26.0, 23.0, 19.0, 16.0, 21.0, 11.0, 21.0, 24.0, 15.0, 57.0, 12.0, 13.0, 13.0, 15.0, 20.0, 16.0, 19.0, 20.0, 24.0, 44.0, 41.0, 14.0, 13.0, 10.0, 40.0, 29.0, 21.0, 15.0, 46.0, 43.0, 13.0, 22.0, 9.0, 26.0, 16.0, 17.0, 14.0, 14.0, 27.0, 22.0, 12.0, 26.0, 18.0, 11.0, 20.0, 32.0, 25.0, 26.0, 18.0, 20.0, 15.0, 24.0, 16.0, 30.0, 16.0, 27.0, 13.0, 14.0, 10.0, 11.0, 24.0, 18.0, 14.0, 21.0, 35.0, 15.0, 11.0, 16.0, 21.0, 28.0, 9.0, 37.0, 26.0, 14.0, 17.0, 79.0, 17.0, 16.0, 52.0, 36.0, 29.0, 13.0, 10.0, 26.0, 12.0, 26.0, 14.0, 16.0, 27.0], "episode_lengths": [18, 21, 14, 18, 15, 13, 45, 8, 15, 22, 21, 32, 17, 13, 11, 57, 18, 12, 10, 14, 31, 18, 21, 29, 15, 23, 20, 24, 16, 10, 12, 11, 30, 11, 35, 32, 9, 11, 18, 40, 24, 11, 10, 11, 18, 12, 30, 16, 20, 31, 16, 16, 25, 16, 12, 17, 28, 22, 32, 13, 13, 30, 17, 14, 19, 12, 11, 12, 21, 23, 59, 13, 23, 12, 20, 11, 19, 22, 37, 19, 31, 13, 26, 25, 84, 82, 17, 21, 48, 12, 37, 25, 16, 10, 12, 26, 23, 19, 16, 21, 11, 21, 24, 15, 57, 12, 13, 13, 15, 20, 16, 19, 20, 24, 44, 41, 14, 13, 10, 40, 29, 21, 15, 46, 43, 13, 22, 9, 26, 16, 17, 14, 14, 27, 22, 12, 26, 18, 11, 20, 32, 25, 26, 18, 20, 15, 24, 16, 30, 16, 27, 13, 14, 10, 11, 24, 18, 14, 21, 35, 15, 11, 16, 21, 28, 9, 37, 26, 14, 17, 79, 17, 16, 52, 36, 29, 13, 10, 26, 12, 26, 14, 16, 27]}, "sampler_perf": {"mean_env_wait_ms": 0.07005436245842712, "mean_processing_ms": 0.17940226390164546, "mean_inference_ms": 0.740941540356488}, "off_policy_estimator": {}, "num_healthy_workers": 1, "timesteps_total": 4000, "timers": {"sample_time_ms": 4846.554, "sample_throughput": 825.329, "load_time_ms": 50.206, "load_throughput": 79671.838, "learn_time_ms": 3861.737, "learn_throughput": 1035.803, "update_time_ms": 2.939}, "info": {"learner": {"default_policy": {"cur_kl_coeff": 0.20000000298023224, "cur_lr": 0.0010000000474974513, "total_loss": 90.23241424560547, "policy_loss": -0.04599669575691223, "vf_loss": 90.27189636230469, "vf_explained_var": 0.27917423844337463, "kl": 0.03265964239835739, "entropy": 0.6612136960029602, "entropy_coeff": 0.0, "model": {}}}, "num_steps_sampled": 4000, "num_steps_trained": 4000}, "done": true, "episodes_total": 184, "training_iteration": 1, "experiment_id": "b4aa067b594a4c9285e6d5ec36e260a7", "date": "2020-08-18_17-15-53", "timestamp": 1597770953, "time_this_iter_s": 8.928750991821289, "time_total_s": 8.928750991821289, "pid": 11560, "hostname": "terminator-1000", "node_ip": "10.168.0.7", "config": {"num_workers": 1, "num_envs_per_worker": 1, "rollout_fragment_length": 200, "sample_batch_size": -1, "batch_mode": "truncate_episodes", "num_gpus": 0, "train_batch_size": 4000, "model": {"conv_filters": null, "conv_activation": "relu", "fcnet_activation": "tanh", "fcnet_hiddens": [256, 256], "free_log_std": false, "no_final_linear": false, "vf_share_layers": true, "use_lstm": false, "max_seq_len": 20, "lstm_cell_size": 256, "lstm_use_prev_action_reward": false, "state_shape": null, "framestack": true, "dim": 84, "grayscale": false, "zero_mean": true, "custom_model": null, "custom_model_config": {}, "custom_action_dist": null, "custom_preprocessor": null, "custom_options": -1}, "optimizer": {}, "gamma": 0.99, "horizon": null, "soft_horizon": false, "no_done_at_end": false, "env_config": {}, "env": "CartPole-v0", "normalize_actions": false, "clip_rewards": null, "clip_actions": true, "preprocessor_pref": "deepmind", "lr": 0.001, "monitor": false, "log_level": "WARN", "callbacks": "<class 'ray.rllib.agents.callbacks.DefaultCallbacks'>", "ignore_worker_failures": false, "log_sys_usage": true, "fake_sampler": false, "framework": "tf", "eager_tracing": false, "no_eager_on_workers": false, "explore": true, "exploration_config": {"type": "StochasticSampling"}, "evaluation_interval": null, "evaluation_num_episodes": 10, "in_evaluation": false, "evaluation_config": {}, "evaluation_num_workers": 0, "custom_eval_function": null, "sample_async": false, "observation_filter": "NoFilter", "synchronize_filters": true, "tf_session_args": {"intra_op_parallelism_threads": 2, "inter_op_parallelism_threads": 2, "gpu_options": {"allow_growth": true}, "log_device_placement": false, "device_count": {"CPU": 1}, "allow_soft_placement": true}, "local_tf_session_args": {"intra_op_parallelism_threads": 8, "inter_op_parallelism_threads": 8}, "compress_observations": false, "collect_metrics_timeout": 180, "metrics_smoothing_episodes": 100, "remote_worker_envs": false, "remote_env_batch_wait_ms": 0, "min_iter_time_s": 0, "timesteps_per_iteration": 0, "seed": null, "extra_python_environs_for_driver": {}, "extra_python_environs_for_worker": {}, "num_cpus_per_worker": 1, "num_gpus_per_worker": 0, "custom_resources_per_worker": {}, "num_cpus_for_driver": 1, "memory": 0, "object_store_memory": 0, "memory_per_worker": 0, "object_store_memory_per_worker": 0, "input": "sampler", "input_evaluation": ["is", "wis"], "postprocess_inputs": false, "shuffle_buffer_size": 0, "output": null, "output_compress_columns": ["obs", "new_obs"], "output_max_file_size": 67108864, "multiagent": {"policies": {}, "policy_mapping_fn": null, "policies_to_train": null, "observation_fn": null}, "use_pytorch": -1, "use_critic": true, "use_gae": true, "lambda": 1.0, "kl_coeff": 0.2, "sgd_minibatch_size": 128, "shuffle_sequences": true, "num_sgd_iter": 30, "lr_schedule": null, "vf_share_layers": false, "vf_loss_coeff": 1.0, "entropy_coeff": 0.0, "entropy_coeff_schedule": null, "clip_param": 0.3, "vf_clip_param": 10.0, "grad_clip": null, "kl_target": 0.01, "simple_optimizer": false, "_fake_gpus": false}, "time_since_restore": 8.928750991821289, "timesteps_since_restore": 0, "iterations_since_restore": 1, "perf": {"cpu_util_percent": 36.84615384615385, "ram_util_percent": 3.5230769230769234}, "trial_id": "7064f_00001", "experiment_tag": "1_lr=0.001"}
