{"episode_reward_max": 88.0, "episode_reward_min": 8.0, "episode_reward_mean": 22.879310344827587, "episode_len_mean": 22.879310344827587, "episodes_this_iter": 174, "policy_reward_min": {}, "policy_reward_max": {}, "policy_reward_mean": {}, "custom_metrics": {}, "hist_stats": {"episode_reward": [30.0, 22.0, 15.0, 14.0, 19.0, 13.0, 14.0, 20.0, 20.0, 11.0, 14.0, 24.0, 18.0, 11.0, 12.0, 14.0, 16.0, 13.0, 40.0, 17.0, 18.0, 11.0, 18.0, 37.0, 13.0, 13.0, 16.0, 36.0, 15.0, 27.0, 24.0, 44.0, 16.0, 42.0, 64.0, 88.0, 18.0, 13.0, 14.0, 13.0, 16.0, 33.0, 10.0, 11.0, 30.0, 12.0, 24.0, 11.0, 13.0, 30.0, 42.0, 31.0, 24.0, 28.0, 22.0, 18.0, 16.0, 17.0, 26.0, 18.0, 33.0, 15.0, 33.0, 61.0, 24.0, 16.0, 23.0, 12.0, 25.0, 31.0, 14.0, 23.0, 12.0, 12.0, 30.0, 30.0, 17.0, 26.0, 15.0, 22.0, 13.0, 30.0, 30.0, 24.0, 22.0, 47.0, 68.0, 23.0, 31.0, 19.0, 39.0, 26.0, 17.0, 15.0, 26.0, 12.0, 86.0, 14.0, 21.0, 14.0, 33.0, 28.0, 29.0, 15.0, 23.0, 25.0, 43.0, 19.0, 31.0, 25.0, 8.0, 25.0, 13.0, 20.0, 46.0, 23.0, 12.0, 13.0, 17.0, 25.0, 21.0, 11.0, 10.0, 12.0, 12.0, 50.0, 20.0, 20.0, 17.0, 26.0, 13.0, 17.0, 11.0, 27.0, 14.0, 22.0, 16.0, 36.0, 30.0, 39.0, 38.0, 15.0, 17.0, 21.0, 10.0, 29.0, 10.0, 27.0, 15.0, 28.0, 22.0, 19.0, 30.0, 24.0, 50.0, 23.0, 12.0, 20.0, 28.0, 20.0, 14.0, 37.0, 13.0, 19.0, 15.0, 14.0, 27.0, 12.0, 13.0, 15.0, 14.0, 24.0, 18.0, 11.0], "episode_lengths": [30, 22, 15, 14, 19, 13, 14, 20, 20, 11, 14, 24, 18, 11, 12, 14, 16, 13, 40, 17, 18, 11, 18, 37, 13, 13, 16, 36, 15, 27, 24, 44, 16, 42, 64, 88, 18, 13, 14, 13, 16, 33, 10, 11, 30, 12, 24, 11, 13, 30, 42, 31, 24, 28, 22, 18, 16, 17, 26, 18, 33, 15, 33, 61, 24, 16, 23, 12, 25, 31, 14, 23, 12, 12, 30, 30, 17, 26, 15, 22, 13, 30, 30, 24, 22, 47, 68, 23, 31, 19, 39, 26, 17, 15, 26, 12, 86, 14, 21, 14, 33, 28, 29, 15, 23, 25, 43, 19, 31, 25, 8, 25, 13, 20, 46, 23, 12, 13, 17, 25, 21, 11, 10, 12, 12, 50, 20, 20, 17, 26, 13, 17, 11, 27, 14, 22, 16, 36, 30, 39, 38, 15, 17, 21, 10, 29, 10, 27, 15, 28, 22, 19, 30, 24, 50, 23, 12, 20, 28, 20, 14, 37, 13, 19, 15, 14, 27, 12, 13, 15, 14, 24, 18, 11]}, "sampler_perf": {"mean_env_wait_ms": 0.07325731137787451, "mean_processing_ms": 0.18573498553080847, "mean_inference_ms": 0.8021891936454978}, "off_policy_estimator": {}, "num_healthy_workers": 1, "timesteps_total": 4000, "timers": {"sample_time_ms": 5215.713, "sample_throughput": 766.913, "load_time_ms": 50.142, "load_throughput": 79774.123, "learn_time_ms": 4194.235, "learn_throughput": 953.69, "update_time_ms": 2.078}, "info": {"learner": {"default_policy": {"cur_kl_coeff": 0.20000000298023224, "cur_lr": 9.999999747378752e-05, "total_loss": 85.21845245361328, "policy_loss": -0.04458111897110939, "vf_loss": 85.25712585449219, "vf_explained_var": 0.23537403345108032, "kl": 0.02956722117960453, "entropy": 0.6637974977493286, "entropy_coeff": 0.0, "model": {}}}, "num_steps_sampled": 4000, "num_steps_trained": 4000}, "done": true, "episodes_total": 174, "training_iteration": 1, "experiment_id": "971596931f474fbcba3716a4d89c45c1", "date": "2020-08-18_17-53-09", "timestamp": 1597773189, "time_this_iter_s": 9.591808557510376, "time_total_s": 9.591808557510376, "pid": 14140, "hostname": "terminator-1000", "node_ip": "10.168.0.7", "config": {"num_workers": 1, "num_envs_per_worker": 1, "rollout_fragment_length": 200, "sample_batch_size": -1, "batch_mode": "truncate_episodes", "num_gpus": 0, "train_batch_size": 4000, "model": {"conv_filters": null, "conv_activation": "relu", "fcnet_activation": "tanh", "fcnet_hiddens": [256, 256], "free_log_std": false, "no_final_linear": false, "vf_share_layers": true, "use_lstm": false, "max_seq_len": 20, "lstm_cell_size": 256, "lstm_use_prev_action_reward": false, "state_shape": null, "framestack": true, "dim": 84, "grayscale": false, "zero_mean": true, "custom_model": null, "custom_model_config": {}, "custom_action_dist": null, "custom_preprocessor": null, "custom_options": -1}, "optimizer": {}, "gamma": 0.99, "horizon": null, "soft_horizon": false, "no_done_at_end": false, "env_config": {}, "env": "CartPole-v0", "normalize_actions": false, "clip_rewards": null, "clip_actions": true, "preprocessor_pref": "deepmind", "lr": 0.0001, "monitor": false, "log_level": "WARN", "callbacks": "<class 'ray.rllib.agents.callbacks.DefaultCallbacks'>", "ignore_worker_failures": false, "log_sys_usage": true, "fake_sampler": false, "framework": "tf", "eager_tracing": false, "no_eager_on_workers": false, "explore": true, "exploration_config": {"type": "StochasticSampling"}, "evaluation_interval": null, "evaluation_num_episodes": 10, "in_evaluation": false, "evaluation_config": {}, "evaluation_num_workers": 0, "custom_eval_function": null, "sample_async": false, "observation_filter": "NoFilter", "synchronize_filters": true, "tf_session_args": {"intra_op_parallelism_threads": 2, "inter_op_parallelism_threads": 2, "gpu_options": {"allow_growth": true}, "log_device_placement": false, "device_count": {"CPU": 1}, "allow_soft_placement": true}, "local_tf_session_args": {"intra_op_parallelism_threads": 8, "inter_op_parallelism_threads": 8}, "compress_observations": false, "collect_metrics_timeout": 180, "metrics_smoothing_episodes": 100, "remote_worker_envs": false, "remote_env_batch_wait_ms": 0, "min_iter_time_s": 0, "timesteps_per_iteration": 0, "seed": null, "extra_python_environs_for_driver": {}, "extra_python_environs_for_worker": {}, "num_cpus_per_worker": 1, "num_gpus_per_worker": 0, "custom_resources_per_worker": {}, "num_cpus_for_driver": 1, "memory": 0, "object_store_memory": 0, "memory_per_worker": 0, "object_store_memory_per_worker": 0, "input": "sampler", "input_evaluation": ["is", "wis"], "postprocess_inputs": false, "shuffle_buffer_size": 0, "output": null, "output_compress_columns": ["obs", "new_obs"], "output_max_file_size": 67108864, "multiagent": {"policies": {}, "policy_mapping_fn": null, "policies_to_train": null, "observation_fn": null}, "use_pytorch": -1, "use_critic": true, "use_gae": true, "lambda": 1.0, "kl_coeff": 0.2, "sgd_minibatch_size": 128, "shuffle_sequences": true, "num_sgd_iter": 30, "lr_schedule": null, "vf_share_layers": false, "vf_loss_coeff": 1.0, "entropy_coeff": 0.0, "entropy_coeff_schedule": null, "clip_param": 0.3, "vf_clip_param": 10.0, "grad_clip": null, "kl_target": 0.01, "simple_optimizer": false, "_fake_gpus": false}, "time_since_restore": 9.591808557510376, "timesteps_since_restore": 0, "iterations_since_restore": 1, "perf": {"cpu_util_percent": 36.81428571428571, "ram_util_percent": 3.528571428571429}, "trial_id": "a4b72_00002", "experiment_tag": "2_lr=0.0001"}
