{"episode_reward_max": 73.0, "episode_reward_min": 8.0, "episode_reward_mean": 23.511764705882353, "episode_len_mean": 23.511764705882353, "episodes_this_iter": 170, "policy_reward_min": {}, "policy_reward_max": {}, "policy_reward_mean": {}, "custom_metrics": {}, "hist_stats": {"episode_reward": [10.0, 44.0, 13.0, 24.0, 31.0, 15.0, 26.0, 73.0, 44.0, 10.0, 18.0, 19.0, 22.0, 11.0, 24.0, 33.0, 12.0, 22.0, 23.0, 18.0, 32.0, 13.0, 15.0, 19.0, 14.0, 16.0, 15.0, 43.0, 20.0, 42.0, 12.0, 29.0, 15.0, 16.0, 16.0, 12.0, 14.0, 19.0, 17.0, 25.0, 46.0, 10.0, 33.0, 11.0, 10.0, 26.0, 33.0, 17.0, 11.0, 65.0, 20.0, 17.0, 28.0, 23.0, 9.0, 17.0, 15.0, 19.0, 31.0, 50.0, 20.0, 21.0, 43.0, 16.0, 9.0, 41.0, 16.0, 17.0, 29.0, 12.0, 9.0, 17.0, 19.0, 48.0, 35.0, 18.0, 26.0, 18.0, 24.0, 13.0, 11.0, 23.0, 10.0, 16.0, 15.0, 16.0, 16.0, 11.0, 11.0, 48.0, 21.0, 14.0, 56.0, 31.0, 55.0, 14.0, 24.0, 27.0, 14.0, 8.0, 37.0, 23.0, 41.0, 17.0, 14.0, 21.0, 45.0, 30.0, 26.0, 16.0, 17.0, 14.0, 11.0, 16.0, 41.0, 50.0, 34.0, 35.0, 22.0, 30.0, 33.0, 36.0, 10.0, 14.0, 23.0, 24.0, 42.0, 18.0, 22.0, 30.0, 16.0, 20.0, 47.0, 27.0, 23.0, 16.0, 48.0, 14.0, 18.0, 16.0, 17.0, 27.0, 15.0, 23.0, 19.0, 47.0, 9.0, 15.0, 11.0, 52.0, 19.0, 33.0, 35.0, 25.0, 23.0, 25.0, 24.0, 10.0, 19.0, 19.0, 11.0, 26.0, 35.0, 17.0, 11.0, 22.0, 17.0, 29.0, 32.0, 14.0], "episode_lengths": [10, 44, 13, 24, 31, 15, 26, 73, 44, 10, 18, 19, 22, 11, 24, 33, 12, 22, 23, 18, 32, 13, 15, 19, 14, 16, 15, 43, 20, 42, 12, 29, 15, 16, 16, 12, 14, 19, 17, 25, 46, 10, 33, 11, 10, 26, 33, 17, 11, 65, 20, 17, 28, 23, 9, 17, 15, 19, 31, 50, 20, 21, 43, 16, 9, 41, 16, 17, 29, 12, 9, 17, 19, 48, 35, 18, 26, 18, 24, 13, 11, 23, 10, 16, 15, 16, 16, 11, 11, 48, 21, 14, 56, 31, 55, 14, 24, 27, 14, 8, 37, 23, 41, 17, 14, 21, 45, 30, 26, 16, 17, 14, 11, 16, 41, 50, 34, 35, 22, 30, 33, 36, 10, 14, 23, 24, 42, 18, 22, 30, 16, 20, 47, 27, 23, 16, 48, 14, 18, 16, 17, 27, 15, 23, 19, 47, 9, 15, 11, 52, 19, 33, 35, 25, 23, 25, 24, 10, 19, 19, 11, 26, 35, 17, 11, 22, 17, 29, 32, 14]}, "sampler_perf": {"mean_env_wait_ms": 0.07149512336957876, "mean_processing_ms": 0.18477839131678261, "mean_inference_ms": 0.760050720943269}, "off_policy_estimator": {}, "num_healthy_workers": 1, "timesteps_total": 4000, "timers": {"sample_time_ms": 5038.215, "sample_throughput": 793.932, "load_time_ms": 69.705, "load_throughput": 57385.077, "learn_time_ms": 3967.052, "learn_throughput": 1008.305, "update_time_ms": 2.643}, "info": {"learner": {"default_policy": {"cur_kl_coeff": 0.20000000298023224, "cur_lr": 9.999999747378752e-05, "total_loss": 89.46234130859375, "policy_loss": -0.045379847288131714, "vf_loss": 89.50191497802734, "vf_explained_var": 0.22375667095184326, "kl": 0.02899164892733097, "entropy": 0.6643850207328796, "entropy_coeff": 0.0, "model": {}}}, "num_steps_sampled": 4000, "num_steps_trained": 4000}, "done": true, "episodes_total": 170, "training_iteration": 1, "experiment_id": "b2ef1498215e4f40b25241278056313c", "date": "2020-08-18_17-25-09", "timestamp": 1597771509, "time_this_iter_s": 9.210532426834106, "time_total_s": 9.210532426834106, "pid": 12202, "hostname": "terminator-1000", "node_ip": "10.168.0.7", "config": {"num_workers": 1, "num_envs_per_worker": 1, "rollout_fragment_length": 200, "sample_batch_size": -1, "batch_mode": "truncate_episodes", "num_gpus": 0, "train_batch_size": 4000, "model": {"conv_filters": null, "conv_activation": "relu", "fcnet_activation": "tanh", "fcnet_hiddens": [256, 256], "free_log_std": false, "no_final_linear": false, "vf_share_layers": true, "use_lstm": false, "max_seq_len": 20, "lstm_cell_size": 256, "lstm_use_prev_action_reward": false, "state_shape": null, "framestack": true, "dim": 84, "grayscale": false, "zero_mean": true, "custom_model": null, "custom_model_config": {}, "custom_action_dist": null, "custom_preprocessor": null, "custom_options": -1}, "optimizer": {}, "gamma": 0.99, "horizon": null, "soft_horizon": false, "no_done_at_end": false, "env_config": {}, "env": "CartPole-v0", "normalize_actions": false, "clip_rewards": null, "clip_actions": true, "preprocessor_pref": "deepmind", "lr": 0.0001, "monitor": false, "log_level": "WARN", "callbacks": "<class 'ray.rllib.agents.callbacks.DefaultCallbacks'>", "ignore_worker_failures": false, "log_sys_usage": true, "fake_sampler": false, "framework": "tf", "eager_tracing": false, "no_eager_on_workers": false, "explore": true, "exploration_config": {"type": "StochasticSampling"}, "evaluation_interval": null, "evaluation_num_episodes": 10, "in_evaluation": false, "evaluation_config": {}, "evaluation_num_workers": 0, "custom_eval_function": null, "sample_async": false, "observation_filter": "NoFilter", "synchronize_filters": true, "tf_session_args": {"intra_op_parallelism_threads": 2, "inter_op_parallelism_threads": 2, "gpu_options": {"allow_growth": true}, "log_device_placement": false, "device_count": {"CPU": 1}, "allow_soft_placement": true}, "local_tf_session_args": {"intra_op_parallelism_threads": 8, "inter_op_parallelism_threads": 8}, "compress_observations": false, "collect_metrics_timeout": 180, "metrics_smoothing_episodes": 100, "remote_worker_envs": false, "remote_env_batch_wait_ms": 0, "min_iter_time_s": 0, "timesteps_per_iteration": 0, "seed": null, "extra_python_environs_for_driver": {}, "extra_python_environs_for_worker": {}, "num_cpus_per_worker": 1, "num_gpus_per_worker": 0, "custom_resources_per_worker": {}, "num_cpus_for_driver": 1, "memory": 0, "object_store_memory": 0, "memory_per_worker": 0, "object_store_memory_per_worker": 0, "input": "sampler", "input_evaluation": ["is", "wis"], "postprocess_inputs": false, "shuffle_buffer_size": 0, "output": null, "output_compress_columns": ["obs", "new_obs"], "output_max_file_size": 67108864, "multiagent": {"policies": {}, "policy_mapping_fn": null, "policies_to_train": null, "observation_fn": null}, "use_pytorch": -1, "use_critic": true, "use_gae": true, "lambda": 1.0, "kl_coeff": 0.2, "sgd_minibatch_size": 128, "shuffle_sequences": true, "num_sgd_iter": 30, "lr_schedule": null, "vf_share_layers": false, "vf_loss_coeff": 1.0, "entropy_coeff": 0.0, "entropy_coeff_schedule": null, "clip_param": 0.3, "vf_clip_param": 10.0, "grad_clip": null, "kl_target": 0.01, "simple_optimizer": false, "_fake_gpus": false}, "time_since_restore": 9.210532426834106, "timesteps_since_restore": 0, "iterations_since_restore": 1, "perf": {"cpu_util_percent": 38.385714285714286, "ram_util_percent": 3.528571428571429}, "trial_id": "bbf33_00002", "experiment_tag": "2_lr=0.0001"}
