{"episode_reward_max": 77.0, "episode_reward_min": 9.0, "episode_reward_mean": 22.822857142857142, "episode_len_mean": 22.822857142857142, "episodes_this_iter": 175, "policy_reward_min": {}, "policy_reward_max": {}, "policy_reward_mean": {}, "custom_metrics": {}, "hist_stats": {"episode_reward": [18.0, 28.0, 69.0, 26.0, 12.0, 16.0, 11.0, 31.0, 48.0, 24.0, 35.0, 32.0, 14.0, 23.0, 22.0, 16.0, 15.0, 9.0, 14.0, 22.0, 12.0, 12.0, 50.0, 20.0, 9.0, 33.0, 10.0, 21.0, 34.0, 51.0, 28.0, 18.0, 14.0, 24.0, 43.0, 22.0, 24.0, 11.0, 20.0, 22.0, 20.0, 15.0, 23.0, 9.0, 27.0, 35.0, 19.0, 22.0, 10.0, 9.0, 14.0, 25.0, 32.0, 17.0, 31.0, 20.0, 17.0, 9.0, 17.0, 12.0, 34.0, 19.0, 20.0, 47.0, 26.0, 15.0, 21.0, 15.0, 15.0, 54.0, 10.0, 32.0, 14.0, 14.0, 13.0, 15.0, 16.0, 23.0, 22.0, 33.0, 26.0, 29.0, 19.0, 14.0, 20.0, 33.0, 28.0, 30.0, 22.0, 30.0, 22.0, 36.0, 17.0, 26.0, 12.0, 21.0, 34.0, 23.0, 12.0, 14.0, 12.0, 10.0, 12.0, 24.0, 13.0, 28.0, 34.0, 44.0, 26.0, 10.0, 37.0, 17.0, 23.0, 44.0, 77.0, 46.0, 26.0, 19.0, 33.0, 11.0, 29.0, 15.0, 12.0, 13.0, 16.0, 12.0, 28.0, 28.0, 12.0, 23.0, 24.0, 18.0, 28.0, 16.0, 24.0, 28.0, 25.0, 30.0, 13.0, 11.0, 27.0, 13.0, 60.0, 17.0, 12.0, 11.0, 13.0, 17.0, 22.0, 17.0, 42.0, 20.0, 12.0, 17.0, 25.0, 15.0, 13.0, 44.0, 14.0, 45.0, 14.0, 24.0, 23.0, 25.0, 13.0, 34.0, 14.0, 15.0, 25.0, 31.0, 15.0, 27.0, 30.0, 13.0, 12.0], "episode_lengths": [18, 28, 69, 26, 12, 16, 11, 31, 48, 24, 35, 32, 14, 23, 22, 16, 15, 9, 14, 22, 12, 12, 50, 20, 9, 33, 10, 21, 34, 51, 28, 18, 14, 24, 43, 22, 24, 11, 20, 22, 20, 15, 23, 9, 27, 35, 19, 22, 10, 9, 14, 25, 32, 17, 31, 20, 17, 9, 17, 12, 34, 19, 20, 47, 26, 15, 21, 15, 15, 54, 10, 32, 14, 14, 13, 15, 16, 23, 22, 33, 26, 29, 19, 14, 20, 33, 28, 30, 22, 30, 22, 36, 17, 26, 12, 21, 34, 23, 12, 14, 12, 10, 12, 24, 13, 28, 34, 44, 26, 10, 37, 17, 23, 44, 77, 46, 26, 19, 33, 11, 29, 15, 12, 13, 16, 12, 28, 28, 12, 23, 24, 18, 28, 16, 24, 28, 25, 30, 13, 11, 27, 13, 60, 17, 12, 11, 13, 17, 22, 17, 42, 20, 12, 17, 25, 15, 13, 44, 14, 45, 14, 24, 23, 25, 13, 34, 14, 15, 25, 31, 15, 27, 30, 13, 12]}, "sampler_perf": {"mean_env_wait_ms": 0.07121666048026566, "mean_processing_ms": 0.17893585494922656, "mean_inference_ms": 0.7432703672722262}, "off_policy_estimator": {}, "num_healthy_workers": 1, "timesteps_total": 4000, "timers": {"sample_time_ms": 4913.824, "sample_throughput": 814.03, "load_time_ms": 55.246, "load_throughput": 72403.906, "learn_time_ms": 3848.83, "learn_throughput": 1039.277, "update_time_ms": 3.458}, "info": {"learner": {"default_policy": {"cur_kl_coeff": 0.20000000298023224, "cur_lr": 9.999999747378752e-05, "total_loss": 83.74678802490234, "policy_loss": -0.043895620852708817, "vf_loss": 83.78402709960938, "vf_explained_var": 0.23350544273853302, "kl": 0.03334125876426697, "entropy": 0.6607591509819031, "entropy_coeff": 0.0, "model": {}}}, "num_steps_sampled": 4000, "num_steps_trained": 4000}, "done": true, "episodes_total": 175, "training_iteration": 1, "experiment_id": "f036f36660774e47a84c9b2c58e535a7", "date": "2020-08-18_17-58-18", "timestamp": 1597773498, "time_this_iter_s": 8.995958805084229, "time_total_s": 8.995958805084229, "pid": 15783, "hostname": "terminator-1000", "node_ip": "10.168.0.7", "config": {"num_workers": 1, "num_envs_per_worker": 1, "rollout_fragment_length": 200, "sample_batch_size": -1, "batch_mode": "truncate_episodes", "num_gpus": 0, "train_batch_size": 4000, "model": {"conv_filters": null, "conv_activation": "relu", "fcnet_activation": "tanh", "fcnet_hiddens": [256, 256], "free_log_std": false, "no_final_linear": false, "vf_share_layers": true, "use_lstm": false, "max_seq_len": 20, "lstm_cell_size": 256, "lstm_use_prev_action_reward": false, "state_shape": null, "framestack": true, "dim": 84, "grayscale": false, "zero_mean": true, "custom_model": null, "custom_model_config": {}, "custom_action_dist": null, "custom_preprocessor": null, "custom_options": -1}, "optimizer": {}, "gamma": 0.99, "horizon": null, "soft_horizon": false, "no_done_at_end": false, "env_config": {}, "env": "CartPole-v0", "normalize_actions": false, "clip_rewards": null, "clip_actions": true, "preprocessor_pref": "deepmind", "lr": 0.0001, "monitor": false, "log_level": "WARN", "callbacks": "<class 'ray.rllib.agents.callbacks.DefaultCallbacks'>", "ignore_worker_failures": false, "log_sys_usage": true, "fake_sampler": false, "framework": "tf", "eager_tracing": false, "no_eager_on_workers": false, "explore": true, "exploration_config": {"type": "StochasticSampling"}, "evaluation_interval": null, "evaluation_num_episodes": 10, "in_evaluation": false, "evaluation_config": {}, "evaluation_num_workers": 0, "custom_eval_function": null, "sample_async": false, "observation_filter": "NoFilter", "synchronize_filters": true, "tf_session_args": {"intra_op_parallelism_threads": 2, "inter_op_parallelism_threads": 2, "gpu_options": {"allow_growth": true}, "log_device_placement": false, "device_count": {"CPU": 1}, "allow_soft_placement": true}, "local_tf_session_args": {"intra_op_parallelism_threads": 8, "inter_op_parallelism_threads": 8}, "compress_observations": false, "collect_metrics_timeout": 180, "metrics_smoothing_episodes": 100, "remote_worker_envs": false, "remote_env_batch_wait_ms": 0, "min_iter_time_s": 0, "timesteps_per_iteration": 0, "seed": null, "extra_python_environs_for_driver": {}, "extra_python_environs_for_worker": {}, "num_cpus_per_worker": 1, "num_gpus_per_worker": 0, "custom_resources_per_worker": {}, "num_cpus_for_driver": 1, "memory": 0, "object_store_memory": 0, "memory_per_worker": 0, "object_store_memory_per_worker": 0, "input": "sampler", "input_evaluation": ["is", "wis"], "postprocess_inputs": false, "shuffle_buffer_size": 0, "output": null, "output_compress_columns": ["obs", "new_obs"], "output_max_file_size": 67108864, "multiagent": {"policies": {}, "policy_mapping_fn": null, "policies_to_train": null, "observation_fn": null}, "use_pytorch": -1, "use_critic": true, "use_gae": true, "lambda": 1.0, "kl_coeff": 0.2, "sgd_minibatch_size": 128, "shuffle_sequences": true, "num_sgd_iter": 30, "lr_schedule": null, "vf_share_layers": false, "vf_loss_coeff": 1.0, "entropy_coeff": 0.0, "entropy_coeff_schedule": null, "clip_param": 0.3, "vf_clip_param": 10.0, "grad_clip": null, "kl_target": 0.01, "simple_optimizer": false, "_fake_gpus": false}, "time_since_restore": 8.995958805084229, "timesteps_since_restore": 0, "iterations_since_restore": 1, "perf": {"cpu_util_percent": 36.48461538461539, "ram_util_percent": 3.530769230769231}, "trial_id": "5d483_00002", "experiment_tag": "2_lr=0.0001"}
