{"episode_reward_max": 73.0, "episode_reward_min": 8.0, "episode_reward_mean": 22.178770949720672, "episode_len_mean": 22.178770949720672, "episodes_this_iter": 179, "policy_reward_min": {}, "policy_reward_max": {}, "policy_reward_mean": {}, "custom_metrics": {}, "hist_stats": {"episode_reward": [16.0, 15.0, 11.0, 25.0, 30.0, 15.0, 24.0, 31.0, 21.0, 10.0, 21.0, 24.0, 29.0, 20.0, 9.0, 17.0, 23.0, 15.0, 23.0, 35.0, 10.0, 17.0, 14.0, 18.0, 16.0, 11.0, 16.0, 15.0, 21.0, 12.0, 12.0, 15.0, 18.0, 23.0, 11.0, 17.0, 14.0, 30.0, 28.0, 13.0, 12.0, 42.0, 30.0, 39.0, 19.0, 18.0, 16.0, 21.0, 14.0, 18.0, 16.0, 59.0, 15.0, 38.0, 19.0, 9.0, 23.0, 14.0, 26.0, 14.0, 11.0, 29.0, 17.0, 41.0, 52.0, 13.0, 67.0, 13.0, 13.0, 27.0, 10.0, 33.0, 29.0, 46.0, 28.0, 45.0, 21.0, 16.0, 19.0, 19.0, 15.0, 15.0, 42.0, 49.0, 39.0, 17.0, 14.0, 18.0, 16.0, 11.0, 19.0, 17.0, 22.0, 18.0, 20.0, 13.0, 18.0, 24.0, 13.0, 11.0, 21.0, 24.0, 25.0, 20.0, 17.0, 41.0, 14.0, 12.0, 14.0, 14.0, 24.0, 22.0, 12.0, 33.0, 11.0, 12.0, 16.0, 10.0, 14.0, 13.0, 14.0, 12.0, 26.0, 10.0, 16.0, 17.0, 30.0, 15.0, 16.0, 33.0, 12.0, 9.0, 66.0, 18.0, 12.0, 16.0, 23.0, 64.0, 18.0, 27.0, 12.0, 20.0, 11.0, 11.0, 31.0, 21.0, 17.0, 10.0, 42.0, 9.0, 19.0, 29.0, 8.0, 67.0, 31.0, 12.0, 22.0, 13.0, 62.0, 14.0, 27.0, 71.0, 36.0, 22.0, 20.0, 29.0, 14.0, 14.0, 12.0, 20.0, 36.0, 31.0, 24.0, 73.0, 11.0, 22.0, 14.0, 29.0, 14.0], "episode_lengths": [16, 15, 11, 25, 30, 15, 24, 31, 21, 10, 21, 24, 29, 20, 9, 17, 23, 15, 23, 35, 10, 17, 14, 18, 16, 11, 16, 15, 21, 12, 12, 15, 18, 23, 11, 17, 14, 30, 28, 13, 12, 42, 30, 39, 19, 18, 16, 21, 14, 18, 16, 59, 15, 38, 19, 9, 23, 14, 26, 14, 11, 29, 17, 41, 52, 13, 67, 13, 13, 27, 10, 33, 29, 46, 28, 45, 21, 16, 19, 19, 15, 15, 42, 49, 39, 17, 14, 18, 16, 11, 19, 17, 22, 18, 20, 13, 18, 24, 13, 11, 21, 24, 25, 20, 17, 41, 14, 12, 14, 14, 24, 22, 12, 33, 11, 12, 16, 10, 14, 13, 14, 12, 26, 10, 16, 17, 30, 15, 16, 33, 12, 9, 66, 18, 12, 16, 23, 64, 18, 27, 12, 20, 11, 11, 31, 21, 17, 10, 42, 9, 19, 29, 8, 67, 31, 12, 22, 13, 62, 14, 27, 71, 36, 22, 20, 29, 14, 14, 12, 20, 36, 31, 24, 73, 11, 22, 14, 29, 14]}, "sampler_perf": {"mean_env_wait_ms": 0.07001801271255059, "mean_processing_ms": 0.17895992920715137, "mean_inference_ms": 0.7548858987721939}, "off_policy_estimator": {}, "num_healthy_workers": 1, "timesteps_total": 4000, "timers": {"sample_time_ms": 4960.271, "sample_throughput": 806.408, "load_time_ms": 67.441, "load_throughput": 59311.323, "learn_time_ms": 3908.156, "learn_throughput": 1023.501, "update_time_ms": 3.634}, "info": {"learner": {"default_policy": {"cur_kl_coeff": 0.20000000298023224, "cur_lr": 9.999999747378752e-05, "total_loss": 101.54795837402344, "policy_loss": -0.04904927685856819, "vf_loss": 101.59030151367188, "vf_explained_var": 0.1207956001162529, "kl": 0.033497005701065063, "entropy": 0.6603184342384338, "entropy_coeff": 0.0, "model": {}}}, "num_steps_sampled": 4000, "num_steps_trained": 4000}, "done": true, "episodes_total": 179, "training_iteration": 1, "experiment_id": "cfddf40d26c949dbb13db43f006aab2e", "date": "2020-08-18_17-11-44", "timestamp": 1597770704, "time_this_iter_s": 9.101396799087524, "time_total_s": 9.101396799087524, "pid": 10463, "hostname": "terminator-1000", "node_ip": "10.168.0.7", "config": {"num_workers": 1, "num_envs_per_worker": 1, "rollout_fragment_length": 200, "sample_batch_size": -1, "batch_mode": "truncate_episodes", "num_gpus": 0, "train_batch_size": 4000, "model": {"conv_filters": null, "conv_activation": "relu", "fcnet_activation": "tanh", "fcnet_hiddens": [256, 256], "free_log_std": false, "no_final_linear": false, "vf_share_layers": true, "use_lstm": false, "max_seq_len": 20, "lstm_cell_size": 256, "lstm_use_prev_action_reward": false, "state_shape": null, "framestack": true, "dim": 84, "grayscale": false, "zero_mean": true, "custom_model": null, "custom_model_config": {}, "custom_action_dist": null, "custom_preprocessor": null, "custom_options": -1}, "optimizer": {}, "gamma": 0.99, "horizon": null, "soft_horizon": false, "no_done_at_end": false, "env_config": {}, "env": "CartPole-v0", "normalize_actions": false, "clip_rewards": null, "clip_actions": true, "preprocessor_pref": "deepmind", "lr": 0.0001, "monitor": false, "log_level": "WARN", "callbacks": "<class 'ray.rllib.agents.callbacks.DefaultCallbacks'>", "ignore_worker_failures": false, "log_sys_usage": true, "fake_sampler": false, "framework": "tf", "eager_tracing": false, "no_eager_on_workers": false, "explore": true, "exploration_config": {"type": "StochasticSampling"}, "evaluation_interval": null, "evaluation_num_episodes": 10, "in_evaluation": false, "evaluation_config": {}, "evaluation_num_workers": 0, "custom_eval_function": null, "sample_async": false, "observation_filter": "NoFilter", "synchronize_filters": true, "tf_session_args": {"intra_op_parallelism_threads": 2, "inter_op_parallelism_threads": 2, "gpu_options": {"allow_growth": true}, "log_device_placement": false, "device_count": {"CPU": 1}, "allow_soft_placement": true}, "local_tf_session_args": {"intra_op_parallelism_threads": 8, "inter_op_parallelism_threads": 8}, "compress_observations": false, "collect_metrics_timeout": 180, "metrics_smoothing_episodes": 100, "remote_worker_envs": false, "remote_env_batch_wait_ms": 0, "min_iter_time_s": 0, "timesteps_per_iteration": 0, "seed": null, "extra_python_environs_for_driver": {}, "extra_python_environs_for_worker": {}, "num_cpus_per_worker": 1, "num_gpus_per_worker": 0, "custom_resources_per_worker": {}, "num_cpus_for_driver": 1, "memory": 0, "object_store_memory": 0, "memory_per_worker": 0, "object_store_memory_per_worker": 0, "input": "sampler", "input_evaluation": ["is", "wis"], "postprocess_inputs": false, "shuffle_buffer_size": 0, "output": null, "output_compress_columns": ["obs", "new_obs"], "output_max_file_size": 67108864, "multiagent": {"policies": {}, "policy_mapping_fn": null, "policies_to_train": null, "observation_fn": null}, "use_pytorch": -1, "use_critic": true, "use_gae": true, "lambda": 1.0, "kl_coeff": 0.2, "sgd_minibatch_size": 128, "shuffle_sequences": true, "num_sgd_iter": 30, "lr_schedule": null, "vf_share_layers": false, "vf_loss_coeff": 1.0, "entropy_coeff": 0.0, "entropy_coeff_schedule": null, "clip_param": 0.3, "vf_clip_param": 10.0, "grad_clip": null, "kl_target": 0.01, "simple_optimizer": false, "_fake_gpus": false}, "time_since_restore": 9.101396799087524, "timesteps_since_restore": 0, "iterations_since_restore": 1, "perf": {"cpu_util_percent": 36.43076923076923, "ram_util_percent": 3.5230769230769234}, "trial_id": "dc208_00002", "experiment_tag": "2_lr=0.0001"}
