{"episode_reward_max": 82.0, "episode_reward_min": 8.0, "episode_reward_mean": 22.598870056497177, "episode_len_mean": 22.598870056497177, "episodes_this_iter": 177, "policy_reward_min": {}, "policy_reward_max": {}, "policy_reward_mean": {}, "custom_metrics": {}, "hist_stats": {"episode_reward": [16.0, 22.0, 21.0, 30.0, 13.0, 16.0, 27.0, 44.0, 32.0, 28.0, 17.0, 13.0, 17.0, 18.0, 16.0, 20.0, 16.0, 40.0, 16.0, 10.0, 33.0, 21.0, 20.0, 18.0, 19.0, 64.0, 19.0, 20.0, 16.0, 10.0, 19.0, 28.0, 13.0, 17.0, 24.0, 18.0, 16.0, 44.0, 28.0, 15.0, 64.0, 15.0, 35.0, 38.0, 55.0, 13.0, 22.0, 15.0, 27.0, 18.0, 40.0, 20.0, 16.0, 8.0, 11.0, 15.0, 22.0, 22.0, 18.0, 21.0, 11.0, 54.0, 17.0, 13.0, 21.0, 13.0, 21.0, 13.0, 41.0, 31.0, 54.0, 17.0, 46.0, 15.0, 17.0, 10.0, 15.0, 18.0, 35.0, 17.0, 24.0, 14.0, 24.0, 15.0, 11.0, 18.0, 24.0, 18.0, 21.0, 19.0, 53.0, 29.0, 45.0, 19.0, 18.0, 16.0, 21.0, 20.0, 41.0, 14.0, 18.0, 13.0, 18.0, 13.0, 82.0, 22.0, 18.0, 43.0, 35.0, 29.0, 22.0, 21.0, 17.0, 15.0, 14.0, 12.0, 14.0, 29.0, 10.0, 54.0, 13.0, 12.0, 26.0, 13.0, 18.0, 15.0, 14.0, 37.0, 18.0, 16.0, 15.0, 9.0, 13.0, 20.0, 17.0, 29.0, 10.0, 36.0, 24.0, 17.0, 19.0, 18.0, 19.0, 14.0, 33.0, 40.0, 19.0, 18.0, 16.0, 21.0, 11.0, 22.0, 16.0, 19.0, 25.0, 20.0, 14.0, 11.0, 23.0, 18.0, 45.0, 24.0, 41.0, 23.0, 16.0, 50.0, 17.0, 25.0, 37.0, 21.0, 17.0, 16.0, 11.0, 25.0, 11.0, 12.0, 10.0], "episode_lengths": [16, 22, 21, 30, 13, 16, 27, 44, 32, 28, 17, 13, 17, 18, 16, 20, 16, 40, 16, 10, 33, 21, 20, 18, 19, 64, 19, 20, 16, 10, 19, 28, 13, 17, 24, 18, 16, 44, 28, 15, 64, 15, 35, 38, 55, 13, 22, 15, 27, 18, 40, 20, 16, 8, 11, 15, 22, 22, 18, 21, 11, 54, 17, 13, 21, 13, 21, 13, 41, 31, 54, 17, 46, 15, 17, 10, 15, 18, 35, 17, 24, 14, 24, 15, 11, 18, 24, 18, 21, 19, 53, 29, 45, 19, 18, 16, 21, 20, 41, 14, 18, 13, 18, 13, 82, 22, 18, 43, 35, 29, 22, 21, 17, 15, 14, 12, 14, 29, 10, 54, 13, 12, 26, 13, 18, 15, 14, 37, 18, 16, 15, 9, 13, 20, 17, 29, 10, 36, 24, 17, 19, 18, 19, 14, 33, 40, 19, 18, 16, 21, 11, 22, 16, 19, 25, 20, 14, 11, 23, 18, 45, 24, 41, 23, 16, 50, 17, 25, 37, 21, 17, 16, 11, 25, 11, 12, 10]}, "sampler_perf": {"mean_env_wait_ms": 0.07303331351762889, "mean_processing_ms": 0.18060794325954643, "mean_inference_ms": 0.7987104633753671}, "off_policy_estimator": {}, "num_healthy_workers": 1, "timesteps_total": 4000, "timers": {"sample_time_ms": 5152.407, "sample_throughput": 776.336, "load_time_ms": 50.4, "load_throughput": 79365.801, "learn_time_ms": 4100.997, "learn_throughput": 975.373, "update_time_ms": 2.854}, "info": {"learner": {"default_policy": {"cur_kl_coeff": 0.20000000298023224, "cur_lr": 0.0010000000474974513, "total_loss": 88.12328338623047, "policy_loss": -0.047887738794088364, "vf_loss": 88.16358947753906, "vf_explained_var": 0.27668842673301697, "kl": 0.0378863662481308, "entropy": 0.6557139754295349, "entropy_coeff": 0.0, "model": {}}}, "num_steps_sampled": 4000, "num_steps_trained": 4000}, "done": true, "episodes_total": 177, "training_iteration": 1, "experiment_id": "de98ff047bd9496fbd565989e757e34a", "date": "2020-08-18_17-53-09", "timestamp": 1597773189, "time_this_iter_s": 9.471412658691406, "time_total_s": 9.471412658691406, "pid": 14143, "hostname": "terminator-1000", "node_ip": "10.168.0.7", "config": {"num_workers": 1, "num_envs_per_worker": 1, "rollout_fragment_length": 200, "sample_batch_size": -1, "batch_mode": "truncate_episodes", "num_gpus": 0, "train_batch_size": 4000, "model": {"conv_filters": null, "conv_activation": "relu", "fcnet_activation": "tanh", "fcnet_hiddens": [256, 256], "free_log_std": false, "no_final_linear": false, "vf_share_layers": true, "use_lstm": false, "max_seq_len": 20, "lstm_cell_size": 256, "lstm_use_prev_action_reward": false, "state_shape": null, "framestack": true, "dim": 84, "grayscale": false, "zero_mean": true, "custom_model": null, "custom_model_config": {}, "custom_action_dist": null, "custom_preprocessor": null, "custom_options": -1}, "optimizer": {}, "gamma": 0.99, "horizon": null, "soft_horizon": false, "no_done_at_end": false, "env_config": {}, "env": "CartPole-v0", "normalize_actions": false, "clip_rewards": null, "clip_actions": true, "preprocessor_pref": "deepmind", "lr": 0.001, "monitor": false, "log_level": "WARN", "callbacks": "<class 'ray.rllib.agents.callbacks.DefaultCallbacks'>", "ignore_worker_failures": false, "log_sys_usage": true, "fake_sampler": false, "framework": "tf", "eager_tracing": false, "no_eager_on_workers": false, "explore": true, "exploration_config": {"type": "StochasticSampling"}, "evaluation_interval": null, "evaluation_num_episodes": 10, "in_evaluation": false, "evaluation_config": {}, "evaluation_num_workers": 0, "custom_eval_function": null, "sample_async": false, "observation_filter": "NoFilter", "synchronize_filters": true, "tf_session_args": {"intra_op_parallelism_threads": 2, "inter_op_parallelism_threads": 2, "gpu_options": {"allow_growth": true}, "log_device_placement": false, "device_count": {"CPU": 1}, "allow_soft_placement": true}, "local_tf_session_args": {"intra_op_parallelism_threads": 8, "inter_op_parallelism_threads": 8}, "compress_observations": false, "collect_metrics_timeout": 180, "metrics_smoothing_episodes": 100, "remote_worker_envs": false, "remote_env_batch_wait_ms": 0, "min_iter_time_s": 0, "timesteps_per_iteration": 0, "seed": null, "extra_python_environs_for_driver": {}, "extra_python_environs_for_worker": {}, "num_cpus_per_worker": 1, "num_gpus_per_worker": 0, "custom_resources_per_worker": {}, "num_cpus_for_driver": 1, "memory": 0, "object_store_memory": 0, "memory_per_worker": 0, "object_store_memory_per_worker": 0, "input": "sampler", "input_evaluation": ["is", "wis"], "postprocess_inputs": false, "shuffle_buffer_size": 0, "output": null, "output_compress_columns": ["obs", "new_obs"], "output_max_file_size": 67108864, "multiagent": {"policies": {}, "policy_mapping_fn": null, "policies_to_train": null, "observation_fn": null}, "use_pytorch": -1, "use_critic": true, "use_gae": true, "lambda": 1.0, "kl_coeff": 0.2, "sgd_minibatch_size": 128, "shuffle_sequences": true, "num_sgd_iter": 30, "lr_schedule": null, "vf_share_layers": false, "vf_loss_coeff": 1.0, "entropy_coeff": 0.0, "entropy_coeff_schedule": null, "clip_param": 0.3, "vf_clip_param": 10.0, "grad_clip": null, "kl_target": 0.01, "simple_optimizer": false, "_fake_gpus": false}, "time_since_restore": 9.471412658691406, "timesteps_since_restore": 0, "iterations_since_restore": 1, "perf": {"cpu_util_percent": 36.79285714285714, "ram_util_percent": 3.528571428571429}, "trial_id": "a4b72_00001", "experiment_tag": "1_lr=0.001"}
