{"episode_reward_max": 66.0, "episode_reward_min": 9.0, "episode_reward_mean": 20.253807106598984, "episode_len_mean": 20.253807106598984, "episodes_this_iter": 197, "policy_reward_min": {}, "policy_reward_max": {}, "policy_reward_mean": {}, "custom_metrics": {}, "hist_stats": {"episode_reward": [17.0, 19.0, 15.0, 25.0, 12.0, 29.0, 16.0, 45.0, 27.0, 18.0, 13.0, 15.0, 12.0, 11.0, 18.0, 10.0, 15.0, 26.0, 25.0, 11.0, 25.0, 13.0, 22.0, 26.0, 25.0, 18.0, 12.0, 40.0, 22.0, 22.0, 12.0, 17.0, 35.0, 18.0, 13.0, 16.0, 18.0, 24.0, 10.0, 19.0, 18.0, 19.0, 12.0, 17.0, 20.0, 33.0, 15.0, 13.0, 18.0, 20.0, 13.0, 17.0, 13.0, 28.0, 22.0, 18.0, 12.0, 13.0, 34.0, 14.0, 24.0, 22.0, 38.0, 55.0, 30.0, 12.0, 18.0, 14.0, 28.0, 11.0, 22.0, 36.0, 15.0, 14.0, 27.0, 20.0, 16.0, 23.0, 10.0, 17.0, 11.0, 12.0, 16.0, 24.0, 17.0, 17.0, 23.0, 30.0, 12.0, 15.0, 38.0, 19.0, 12.0, 14.0, 10.0, 19.0, 29.0, 20.0, 15.0, 11.0, 21.0, 13.0, 15.0, 15.0, 15.0, 30.0, 49.0, 18.0, 28.0, 15.0, 9.0, 12.0, 17.0, 26.0, 17.0, 26.0, 13.0, 12.0, 47.0, 20.0, 38.0, 13.0, 14.0, 12.0, 35.0, 16.0, 10.0, 26.0, 19.0, 25.0, 17.0, 36.0, 13.0, 11.0, 22.0, 20.0, 14.0, 27.0, 10.0, 13.0, 10.0, 11.0, 14.0, 12.0, 27.0, 9.0, 17.0, 14.0, 39.0, 10.0, 10.0, 36.0, 12.0, 17.0, 15.0, 43.0, 18.0, 15.0, 15.0, 29.0, 16.0, 33.0, 19.0, 13.0, 16.0, 16.0, 19.0, 11.0, 19.0, 14.0, 17.0, 45.0, 10.0, 15.0, 46.0, 25.0, 66.0, 33.0, 13.0, 11.0, 21.0, 47.0, 12.0, 12.0, 13.0, 28.0, 31.0, 43.0, 14.0, 25.0, 15.0, 20.0, 12.0, 9.0, 22.0, 18.0, 38.0], "episode_lengths": [17, 19, 15, 25, 12, 29, 16, 45, 27, 18, 13, 15, 12, 11, 18, 10, 15, 26, 25, 11, 25, 13, 22, 26, 25, 18, 12, 40, 22, 22, 12, 17, 35, 18, 13, 16, 18, 24, 10, 19, 18, 19, 12, 17, 20, 33, 15, 13, 18, 20, 13, 17, 13, 28, 22, 18, 12, 13, 34, 14, 24, 22, 38, 55, 30, 12, 18, 14, 28, 11, 22, 36, 15, 14, 27, 20, 16, 23, 10, 17, 11, 12, 16, 24, 17, 17, 23, 30, 12, 15, 38, 19, 12, 14, 10, 19, 29, 20, 15, 11, 21, 13, 15, 15, 15, 30, 49, 18, 28, 15, 9, 12, 17, 26, 17, 26, 13, 12, 47, 20, 38, 13, 14, 12, 35, 16, 10, 26, 19, 25, 17, 36, 13, 11, 22, 20, 14, 27, 10, 13, 10, 11, 14, 12, 27, 9, 17, 14, 39, 10, 10, 36, 12, 17, 15, 43, 18, 15, 15, 29, 16, 33, 19, 13, 16, 16, 19, 11, 19, 14, 17, 45, 10, 15, 46, 25, 66, 33, 13, 11, 21, 47, 12, 12, 13, 28, 31, 43, 14, 25, 15, 20, 12, 9, 22, 18, 38]}, "sampler_perf": {"mean_env_wait_ms": 0.05827603176873018, "mean_processing_ms": 0.1431595412113463, "mean_inference_ms": 0.6608053673150928}, "off_policy_estimator": {}, "num_healthy_workers": 1, "timesteps_total": 4000, "timers": {"sample_time_ms": 4274.023, "sample_throughput": 935.886, "load_time_ms": 37.507, "load_throughput": 106647.275, "learn_time_ms": 3848.983, "learn_throughput": 1039.236, "update_time_ms": 2.259}, "info": {"learner": {"default_policy": {"cur_kl_coeff": 0.20000000298023224, "cur_lr": 0.009999999776482582, "total_loss": 58.690494537353516, "policy_loss": -0.04600122570991516, "vf_loss": 58.72932434082031, "vf_explained_var": 0.33637917041778564, "kl": 0.03590701147913933, "entropy": 0.6592203378677368, "entropy_coeff": 0.0, "model": {}}}, "num_steps_sampled": 4000, "num_steps_trained": 4000}, "done": true, "episodes_total": 197, "training_iteration": 1, "experiment_id": "929b127b0f394ce5bc56179240ab2aac", "date": "2020-08-16_03-43-15", "timestamp": 1597549395, "time_this_iter_s": 8.26349949836731, "time_total_s": 8.26349949836731, "pid": 19542, "hostname": "ntozcc-dv-mlalo-vm", "node_ip": "10.0.0.4", "config": {"num_workers": 1, "num_envs_per_worker": 1, "rollout_fragment_length": 200, "sample_batch_size": -1, "batch_mode": "truncate_episodes", "num_gpus": 0, "train_batch_size": 4000, "model": {"conv_filters": null, "conv_activation": "relu", "fcnet_activation": "tanh", "fcnet_hiddens": [256, 256], "free_log_std": false, "no_final_linear": false, "vf_share_layers": true, "use_lstm": false, "max_seq_len": 20, "lstm_cell_size": 256, "lstm_use_prev_action_reward": false, "state_shape": null, "framestack": true, "dim": 84, "grayscale": false, "zero_mean": true, "custom_model": null, "custom_model_config": {}, "custom_action_dist": null, "custom_preprocessor": null, "custom_options": -1}, "optimizer": {}, "gamma": 0.99, "horizon": null, "soft_horizon": false, "no_done_at_end": false, "env_config": {}, "env": "CartPole-v0", "normalize_actions": false, "clip_rewards": null, "clip_actions": true, "preprocessor_pref": "deepmind", "lr": 0.01, "monitor": false, "log_level": "WARN", "callbacks": "<class 'ray.rllib.agents.callbacks.DefaultCallbacks'>", "ignore_worker_failures": false, "log_sys_usage": true, "fake_sampler": false, "framework": "tf", "eager_tracing": false, "no_eager_on_workers": false, "explore": true, "exploration_config": {"type": "StochasticSampling"}, "evaluation_interval": null, "evaluation_num_episodes": 10, "in_evaluation": false, "evaluation_config": {}, "evaluation_num_workers": 0, "custom_eval_function": null, "sample_async": false, "observation_filter": "NoFilter", "synchronize_filters": true, "tf_session_args": {"intra_op_parallelism_threads": 2, "inter_op_parallelism_threads": 2, "gpu_options": {"allow_growth": true}, "log_device_placement": false, "device_count": {"CPU": 1}, "allow_soft_placement": true}, "local_tf_session_args": {"intra_op_parallelism_threads": 8, "inter_op_parallelism_threads": 8}, "compress_observations": false, "collect_metrics_timeout": 180, "metrics_smoothing_episodes": 100, "remote_worker_envs": false, "remote_env_batch_wait_ms": 0, "min_iter_time_s": 0, "timesteps_per_iteration": 0, "seed": null, "extra_python_environs_for_driver": {}, "extra_python_environs_for_worker": {}, "num_cpus_per_worker": 1, "num_gpus_per_worker": 0, "custom_resources_per_worker": {}, "num_cpus_for_driver": 1, "memory": 0, "object_store_memory": 0, "memory_per_worker": 0, "object_store_memory_per_worker": 0, "input": "sampler", "input_evaluation": ["is", "wis"], "postprocess_inputs": false, "shuffle_buffer_size": 0, "output": null, "output_compress_columns": ["obs", "new_obs"], "output_max_file_size": 67108864, "multiagent": {"policies": {}, "policy_mapping_fn": null, "policies_to_train": null, "observation_fn": null}, "use_pytorch": -1, "use_critic": true, "use_gae": true, "lambda": 1.0, "kl_coeff": 0.2, "sgd_minibatch_size": 128, "shuffle_sequences": true, "num_sgd_iter": 30, "lr_schedule": null, "vf_share_layers": false, "vf_loss_coeff": 1.0, "entropy_coeff": 0.0, "entropy_coeff_schedule": null, "clip_param": 0.3, "vf_clip_param": 10.0, "grad_clip": null, "kl_target": 0.01, "simple_optimizer": false, "_fake_gpus": false}, "time_since_restore": 8.26349949836731, "timesteps_since_restore": 0, "iterations_since_restore": 1, "perf": {"cpu_util_percent": 71.84166666666668, "ram_util_percent": 32.34166666666667}, "trial_id": "951be_00000", "experiment_tag": "0_lr=0.01"}
