{"episode_reward_max": 101.0, "episode_reward_min": 9.0, "episode_reward_mean": 22.48587570621469, "episode_len_mean": 22.48587570621469, "episodes_this_iter": 177, "policy_reward_min": {}, "policy_reward_max": {}, "policy_reward_mean": {}, "custom_metrics": {}, "hist_stats": {"episode_reward": [36.0, 35.0, 25.0, 47.0, 14.0, 25.0, 22.0, 22.0, 16.0, 15.0, 10.0, 37.0, 12.0, 20.0, 42.0, 32.0, 17.0, 15.0, 12.0, 27.0, 27.0, 12.0, 22.0, 24.0, 13.0, 30.0, 16.0, 27.0, 12.0, 101.0, 16.0, 17.0, 15.0, 18.0, 11.0, 32.0, 23.0, 44.0, 12.0, 12.0, 9.0, 25.0, 12.0, 10.0, 22.0, 15.0, 11.0, 21.0, 13.0, 32.0, 13.0, 26.0, 24.0, 19.0, 32.0, 35.0, 15.0, 30.0, 16.0, 19.0, 15.0, 15.0, 14.0, 25.0, 17.0, 20.0, 25.0, 15.0, 16.0, 27.0, 39.0, 22.0, 31.0, 29.0, 21.0, 20.0, 14.0, 15.0, 21.0, 25.0, 38.0, 18.0, 22.0, 15.0, 24.0, 34.0, 51.0, 15.0, 14.0, 48.0, 15.0, 22.0, 37.0, 37.0, 17.0, 13.0, 11.0, 23.0, 15.0, 22.0, 21.0, 22.0, 13.0, 12.0, 55.0, 16.0, 38.0, 38.0, 13.0, 15.0, 11.0, 18.0, 30.0, 16.0, 14.0, 10.0, 13.0, 19.0, 12.0, 32.0, 30.0, 13.0, 14.0, 21.0, 42.0, 18.0, 18.0, 27.0, 30.0, 21.0, 19.0, 22.0, 18.0, 13.0, 27.0, 14.0, 11.0, 22.0, 31.0, 27.0, 16.0, 18.0, 12.0, 66.0, 10.0, 16.0, 14.0, 30.0, 18.0, 31.0, 22.0, 23.0, 33.0, 13.0, 13.0, 18.0, 13.0, 41.0, 23.0, 34.0, 32.0, 14.0, 35.0, 17.0, 16.0, 20.0, 18.0, 19.0, 16.0, 20.0, 23.0, 19.0, 15.0, 16.0, 68.0, 15.0, 16.0], "episode_lengths": [36, 35, 25, 47, 14, 25, 22, 22, 16, 15, 10, 37, 12, 20, 42, 32, 17, 15, 12, 27, 27, 12, 22, 24, 13, 30, 16, 27, 12, 101, 16, 17, 15, 18, 11, 32, 23, 44, 12, 12, 9, 25, 12, 10, 22, 15, 11, 21, 13, 32, 13, 26, 24, 19, 32, 35, 15, 30, 16, 19, 15, 15, 14, 25, 17, 20, 25, 15, 16, 27, 39, 22, 31, 29, 21, 20, 14, 15, 21, 25, 38, 18, 22, 15, 24, 34, 51, 15, 14, 48, 15, 22, 37, 37, 17, 13, 11, 23, 15, 22, 21, 22, 13, 12, 55, 16, 38, 38, 13, 15, 11, 18, 30, 16, 14, 10, 13, 19, 12, 32, 30, 13, 14, 21, 42, 18, 18, 27, 30, 21, 19, 22, 18, 13, 27, 14, 11, 22, 31, 27, 16, 18, 12, 66, 10, 16, 14, 30, 18, 31, 22, 23, 33, 13, 13, 18, 13, 41, 23, 34, 32, 14, 35, 17, 16, 20, 18, 19, 16, 20, 23, 19, 15, 16, 68, 15, 16]}, "sampler_perf": {"mean_env_wait_ms": 0.06064746535381537, "mean_processing_ms": 0.14809589629112496, "mean_inference_ms": 0.6583959750609527}, "off_policy_estimator": {}, "num_healthy_workers": 1, "timesteps_total": 4000, "timers": {"sample_time_ms": 4299.015, "sample_throughput": 930.446, "load_time_ms": 37.29, "load_throughput": 107267.773, "learn_time_ms": 3873.769, "learn_throughput": 1032.586, "update_time_ms": 2.592}, "info": {"learner": {"default_policy": {"cur_kl_coeff": 0.20000000298023224, "cur_lr": 0.009999999776482582, "total_loss": 88.81962585449219, "policy_loss": -0.04286923259496689, "vf_loss": 88.8556900024414, "vf_explained_var": 0.28031125664711, "kl": 0.03404267504811287, "entropy": 0.6609567403793335, "entropy_coeff": 0.0, "model": {}}}, "num_steps_sampled": 4000, "num_steps_trained": 4000}, "done": true, "episodes_total": 177, "training_iteration": 1, "experiment_id": "6bbed75cac7e4a0ea801dc37a54387b3", "date": "2020-08-16_03-54-17", "timestamp": 1597550057, "time_this_iter_s": 8.310563087463379, "time_total_s": 8.310563087463379, "pid": 21421, "hostname": "ntozcc-dv-mlalo-vm", "node_ip": "10.0.0.4", "config": {"num_workers": 1, "num_envs_per_worker": 1, "rollout_fragment_length": 200, "sample_batch_size": -1, "batch_mode": "truncate_episodes", "num_gpus": 0, "train_batch_size": 4000, "model": {"conv_filters": null, "conv_activation": "relu", "fcnet_activation": "tanh", "fcnet_hiddens": [256, 256], "free_log_std": false, "no_final_linear": false, "vf_share_layers": true, "use_lstm": false, "max_seq_len": 20, "lstm_cell_size": 256, "lstm_use_prev_action_reward": false, "state_shape": null, "framestack": true, "dim": 84, "grayscale": false, "zero_mean": true, "custom_model": null, "custom_model_config": {}, "custom_action_dist": null, "custom_preprocessor": null, "custom_options": -1}, "optimizer": {}, "gamma": 0.99, "horizon": null, "soft_horizon": false, "no_done_at_end": false, "env_config": {}, "env": "CartPole-v0", "normalize_actions": false, "clip_rewards": null, "clip_actions": true, "preprocessor_pref": "deepmind", "lr": 0.01, "monitor": false, "log_level": "WARN", "callbacks": "<class 'ray.rllib.agents.callbacks.DefaultCallbacks'>", "ignore_worker_failures": false, "log_sys_usage": true, "fake_sampler": false, "framework": "tf", "eager_tracing": false, "no_eager_on_workers": false, "explore": true, "exploration_config": {"type": "StochasticSampling"}, "evaluation_interval": null, "evaluation_num_episodes": 10, "in_evaluation": false, "evaluation_config": {}, "evaluation_num_workers": 0, "custom_eval_function": null, "sample_async": false, "observation_filter": "NoFilter", "synchronize_filters": true, "tf_session_args": {"intra_op_parallelism_threads": 2, "inter_op_parallelism_threads": 2, "gpu_options": {"allow_growth": true}, "log_device_placement": false, "device_count": {"CPU": 1}, "allow_soft_placement": true}, "local_tf_session_args": {"intra_op_parallelism_threads": 8, "inter_op_parallelism_threads": 8}, "compress_observations": false, "collect_metrics_timeout": 180, "metrics_smoothing_episodes": 100, "remote_worker_envs": false, "remote_env_batch_wait_ms": 0, "min_iter_time_s": 0, "timesteps_per_iteration": 0, "seed": null, "extra_python_environs_for_driver": {}, "extra_python_environs_for_worker": {}, "num_cpus_per_worker": 1, "num_gpus_per_worker": 0, "custom_resources_per_worker": {}, "num_cpus_for_driver": 1, "memory": 0, "object_store_memory": 0, "memory_per_worker": 0, "object_store_memory_per_worker": 0, "input": "sampler", "input_evaluation": ["is", "wis"], "postprocess_inputs": false, "shuffle_buffer_size": 0, "output": null, "output_compress_columns": ["obs", "new_obs"], "output_max_file_size": 67108864, "multiagent": {"policies": {}, "policy_mapping_fn": null, "policies_to_train": null, "observation_fn": null}, "use_pytorch": -1, "use_critic": true, "use_gae": true, "lambda": 1.0, "kl_coeff": 0.2, "sgd_minibatch_size": 128, "shuffle_sequences": true, "num_sgd_iter": 30, "lr_schedule": null, "vf_share_layers": false, "vf_loss_coeff": 1.0, "entropy_coeff": 0.0, "entropy_coeff_schedule": null, "clip_param": 0.3, "vf_clip_param": 10.0, "grad_clip": null, "kl_target": 0.01, "simple_optimizer": false, "_fake_gpus": false}, "time_since_restore": 8.310563087463379, "timesteps_since_restore": 0, "iterations_since_restore": 1, "perf": {"cpu_util_percent": 72.03333333333333, "ram_util_percent": 32.266666666666666}, "trial_id": "1fd21_00000", "experiment_tag": "0_lr=0.01"}
