{"episode_reward_max": 72.0, "episode_reward_min": 9.0, "episode_reward_mean": 21.589189189189188, "episode_len_mean": 21.589189189189188, "episodes_this_iter": 185, "policy_reward_min": {}, "policy_reward_max": {}, "policy_reward_mean": {}, "custom_metrics": {}, "hist_stats": {"episode_reward": [20.0, 12.0, 29.0, 15.0, 20.0, 56.0, 13.0, 20.0, 42.0, 17.0, 13.0, 18.0, 28.0, 30.0, 19.0, 13.0, 18.0, 21.0, 10.0, 25.0, 33.0, 27.0, 13.0, 9.0, 19.0, 10.0, 10.0, 13.0, 16.0, 17.0, 13.0, 27.0, 28.0, 43.0, 14.0, 12.0, 25.0, 22.0, 18.0, 40.0, 15.0, 30.0, 67.0, 13.0, 11.0, 22.0, 21.0, 14.0, 19.0, 17.0, 15.0, 29.0, 9.0, 14.0, 19.0, 21.0, 12.0, 17.0, 28.0, 30.0, 14.0, 22.0, 30.0, 17.0, 19.0, 29.0, 14.0, 16.0, 17.0, 27.0, 40.0, 12.0, 14.0, 11.0, 29.0, 25.0, 34.0, 14.0, 13.0, 25.0, 25.0, 28.0, 33.0, 13.0, 31.0, 27.0, 11.0, 18.0, 14.0, 23.0, 17.0, 19.0, 17.0, 10.0, 27.0, 34.0, 18.0, 15.0, 15.0, 12.0, 9.0, 24.0, 14.0, 22.0, 9.0, 48.0, 18.0, 44.0, 15.0, 9.0, 18.0, 57.0, 14.0, 18.0, 13.0, 47.0, 15.0, 19.0, 29.0, 12.0, 31.0, 18.0, 13.0, 29.0, 25.0, 10.0, 32.0, 21.0, 14.0, 12.0, 38.0, 13.0, 50.0, 29.0, 11.0, 15.0, 18.0, 11.0, 17.0, 32.0, 21.0, 24.0, 10.0, 72.0, 12.0, 26.0, 21.0, 64.0, 27.0, 20.0, 11.0, 13.0, 22.0, 11.0, 19.0, 33.0, 13.0, 22.0, 22.0, 21.0, 29.0, 31.0, 15.0, 16.0, 20.0, 15.0, 28.0, 20.0, 12.0, 24.0, 9.0, 18.0, 16.0, 15.0, 10.0, 13.0, 11.0, 37.0, 54.0, 35.0, 23.0, 18.0, 18.0, 17.0, 13.0], "episode_lengths": [20, 12, 29, 15, 20, 56, 13, 20, 42, 17, 13, 18, 28, 30, 19, 13, 18, 21, 10, 25, 33, 27, 13, 9, 19, 10, 10, 13, 16, 17, 13, 27, 28, 43, 14, 12, 25, 22, 18, 40, 15, 30, 67, 13, 11, 22, 21, 14, 19, 17, 15, 29, 9, 14, 19, 21, 12, 17, 28, 30, 14, 22, 30, 17, 19, 29, 14, 16, 17, 27, 40, 12, 14, 11, 29, 25, 34, 14, 13, 25, 25, 28, 33, 13, 31, 27, 11, 18, 14, 23, 17, 19, 17, 10, 27, 34, 18, 15, 15, 12, 9, 24, 14, 22, 9, 48, 18, 44, 15, 9, 18, 57, 14, 18, 13, 47, 15, 19, 29, 12, 31, 18, 13, 29, 25, 10, 32, 21, 14, 12, 38, 13, 50, 29, 11, 15, 18, 11, 17, 32, 21, 24, 10, 72, 12, 26, 21, 64, 27, 20, 11, 13, 22, 11, 19, 33, 13, 22, 22, 21, 29, 31, 15, 16, 20, 15, 28, 20, 12, 24, 9, 18, 16, 15, 10, 13, 11, 37, 54, 35, 23, 18, 18, 17, 13]}, "sampler_perf": {"mean_env_wait_ms": 0.07283583309494891, "mean_processing_ms": 0.1846258415635959, "mean_inference_ms": 0.7656902946313896}, "off_policy_estimator": {}, "num_healthy_workers": 1, "timesteps_total": 4000, "timers": {"sample_time_ms": 5025.285, "sample_throughput": 795.975, "load_time_ms": 46.938, "load_throughput": 85218.904, "learn_time_ms": 3875.613, "learn_throughput": 1032.095, "update_time_ms": 2.208}, "info": {"learner": {"default_policy": {"cur_kl_coeff": 0.20000000298023224, "cur_lr": 9.999999747378752e-05, "total_loss": 76.75550842285156, "policy_loss": -0.05006980150938034, "vf_loss": 76.79872131347656, "vf_explained_var": 0.23755206167697906, "kl": 0.034238435328006744, "entropy": 0.6596113443374634, "entropy_coeff": 0.0, "model": {}}}, "num_steps_sampled": 4000, "num_steps_trained": 4000}, "done": true, "episodes_total": 185, "training_iteration": 1, "experiment_id": "d35f351bde104e7f880518b5883fa293", "date": "2020-08-18_17-56-36", "timestamp": 1597773396, "time_this_iter_s": 9.07430624961853, "time_total_s": 9.07430624961853, "pid": 14712, "hostname": "terminator-1000", "node_ip": "10.168.0.7", "config": {"num_workers": 1, "num_envs_per_worker": 1, "rollout_fragment_length": 200, "sample_batch_size": -1, "batch_mode": "truncate_episodes", "num_gpus": 0, "train_batch_size": 4000, "model": {"conv_filters": null, "conv_activation": "relu", "fcnet_activation": "tanh", "fcnet_hiddens": [256, 256], "free_log_std": false, "no_final_linear": false, "vf_share_layers": true, "use_lstm": false, "max_seq_len": 20, "lstm_cell_size": 256, "lstm_use_prev_action_reward": false, "state_shape": null, "framestack": true, "dim": 84, "grayscale": false, "zero_mean": true, "custom_model": null, "custom_model_config": {}, "custom_action_dist": null, "custom_preprocessor": null, "custom_options": -1}, "optimizer": {}, "gamma": 0.99, "horizon": null, "soft_horizon": false, "no_done_at_end": false, "env_config": {}, "env": "CartPole-v0", "normalize_actions": false, "clip_rewards": null, "clip_actions": true, "preprocessor_pref": "deepmind", "lr": 0.0001, "monitor": false, "log_level": "WARN", "callbacks": "<class 'ray.rllib.agents.callbacks.DefaultCallbacks'>", "ignore_worker_failures": false, "log_sys_usage": true, "fake_sampler": false, "framework": "tf", "eager_tracing": false, "no_eager_on_workers": false, "explore": true, "exploration_config": {"type": "StochasticSampling"}, "evaluation_interval": null, "evaluation_num_episodes": 10, "in_evaluation": false, "evaluation_config": {}, "evaluation_num_workers": 0, "custom_eval_function": null, "sample_async": false, "observation_filter": "NoFilter", "synchronize_filters": true, "tf_session_args": {"intra_op_parallelism_threads": 2, "inter_op_parallelism_threads": 2, "gpu_options": {"allow_growth": true}, "log_device_placement": false, "device_count": {"CPU": 1}, "allow_soft_placement": true}, "local_tf_session_args": {"intra_op_parallelism_threads": 8, "inter_op_parallelism_threads": 8}, "compress_observations": false, "collect_metrics_timeout": 180, "metrics_smoothing_episodes": 100, "remote_worker_envs": false, "remote_env_batch_wait_ms": 0, "min_iter_time_s": 0, "timesteps_per_iteration": 0, "seed": null, "extra_python_environs_for_driver": {}, "extra_python_environs_for_worker": {}, "num_cpus_per_worker": 1, "num_gpus_per_worker": 0, "custom_resources_per_worker": {}, "num_cpus_for_driver": 1, "memory": 0, "object_store_memory": 0, "memory_per_worker": 0, "object_store_memory_per_worker": 0, "input": "sampler", "input_evaluation": ["is", "wis"], "postprocess_inputs": false, "shuffle_buffer_size": 0, "output": null, "output_compress_columns": ["obs", "new_obs"], "output_max_file_size": 67108864, "multiagent": {"policies": {}, "policy_mapping_fn": null, "policies_to_train": null, "observation_fn": null}, "use_pytorch": -1, "use_critic": true, "use_gae": true, "lambda": 1.0, "kl_coeff": 0.2, "sgd_minibatch_size": 128, "shuffle_sequences": true, "num_sgd_iter": 30, "lr_schedule": null, "vf_share_layers": false, "vf_loss_coeff": 1.0, "entropy_coeff": 0.0, "entropy_coeff_schedule": null, "clip_param": 0.3, "vf_clip_param": 10.0, "grad_clip": null, "kl_target": 0.01, "simple_optimizer": false, "_fake_gpus": false}, "time_since_restore": 9.07430624961853, "timesteps_since_restore": 0, "iterations_since_restore": 1, "perf": {"cpu_util_percent": 36.107692307692304, "ram_util_percent": 3.530769230769231}, "trial_id": "20c3f_00002", "experiment_tag": "2_lr=0.0001"}
