{"episode_reward_max": 70.0, "episode_reward_min": 9.0, "episode_reward_mean": 21.483870967741936, "episode_len_mean": 21.483870967741936, "episodes_this_iter": 186, "policy_reward_min": {}, "policy_reward_max": {}, "policy_reward_mean": {}, "custom_metrics": {}, "hist_stats": {"episode_reward": [21.0, 11.0, 9.0, 23.0, 21.0, 20.0, 18.0, 32.0, 18.0, 13.0, 27.0, 17.0, 52.0, 46.0, 54.0, 13.0, 70.0, 22.0, 12.0, 27.0, 14.0, 15.0, 12.0, 23.0, 27.0, 16.0, 16.0, 22.0, 17.0, 23.0, 17.0, 18.0, 14.0, 17.0, 27.0, 17.0, 22.0, 21.0, 22.0, 19.0, 9.0, 23.0, 14.0, 15.0, 24.0, 14.0, 32.0, 21.0, 31.0, 18.0, 27.0, 28.0, 13.0, 11.0, 11.0, 14.0, 49.0, 14.0, 22.0, 15.0, 11.0, 16.0, 18.0, 13.0, 24.0, 16.0, 23.0, 25.0, 13.0, 19.0, 14.0, 9.0, 29.0, 19.0, 29.0, 20.0, 16.0, 14.0, 24.0, 13.0, 11.0, 24.0, 19.0, 37.0, 32.0, 18.0, 22.0, 23.0, 23.0, 34.0, 27.0, 19.0, 24.0, 24.0, 17.0, 32.0, 20.0, 26.0, 10.0, 16.0, 12.0, 13.0, 17.0, 32.0, 15.0, 11.0, 46.0, 12.0, 12.0, 16.0, 22.0, 29.0, 28.0, 16.0, 20.0, 16.0, 13.0, 20.0, 33.0, 15.0, 15.0, 43.0, 26.0, 34.0, 22.0, 13.0, 22.0, 26.0, 29.0, 27.0, 18.0, 18.0, 16.0, 22.0, 19.0, 21.0, 12.0, 34.0, 15.0, 12.0, 17.0, 9.0, 13.0, 29.0, 30.0, 17.0, 22.0, 19.0, 16.0, 32.0, 22.0, 33.0, 13.0, 31.0, 18.0, 16.0, 20.0, 27.0, 12.0, 12.0, 18.0, 29.0, 22.0, 14.0, 15.0, 10.0, 36.0, 34.0, 14.0, 11.0, 17.0, 21.0, 28.0, 10.0, 34.0, 13.0, 16.0, 57.0, 12.0, 40.0, 31.0, 21.0, 12.0, 19.0, 31.0, 48.0], "episode_lengths": [21, 11, 9, 23, 21, 20, 18, 32, 18, 13, 27, 17, 52, 46, 54, 13, 70, 22, 12, 27, 14, 15, 12, 23, 27, 16, 16, 22, 17, 23, 17, 18, 14, 17, 27, 17, 22, 21, 22, 19, 9, 23, 14, 15, 24, 14, 32, 21, 31, 18, 27, 28, 13, 11, 11, 14, 49, 14, 22, 15, 11, 16, 18, 13, 24, 16, 23, 25, 13, 19, 14, 9, 29, 19, 29, 20, 16, 14, 24, 13, 11, 24, 19, 37, 32, 18, 22, 23, 23, 34, 27, 19, 24, 24, 17, 32, 20, 26, 10, 16, 12, 13, 17, 32, 15, 11, 46, 12, 12, 16, 22, 29, 28, 16, 20, 16, 13, 20, 33, 15, 15, 43, 26, 34, 22, 13, 22, 26, 29, 27, 18, 18, 16, 22, 19, 21, 12, 34, 15, 12, 17, 9, 13, 29, 30, 17, 22, 19, 16, 32, 22, 33, 13, 31, 18, 16, 20, 27, 12, 12, 18, 29, 22, 14, 15, 10, 36, 34, 14, 11, 17, 21, 28, 10, 34, 13, 16, 57, 12, 40, 31, 21, 12, 19, 31, 48]}, "sampler_perf": {"mean_env_wait_ms": 0.05831333495056411, "mean_processing_ms": 0.1418053046133303, "mean_inference_ms": 0.6452288457197835}, "off_policy_estimator": {}, "num_healthy_workers": 1, "timesteps_total": 4000, "timers": {"sample_time_ms": 4201.854, "sample_throughput": 951.961, "load_time_ms": 45.079, "load_throughput": 88733.596, "learn_time_ms": 3854.744, "learn_throughput": 1037.682, "update_time_ms": 2.303}, "info": {"learner": {"default_policy": {"cur_kl_coeff": 0.20000000298023224, "cur_lr": 0.009999999776482582, "total_loss": 62.49380111694336, "policy_loss": -0.04826332628726959, "vf_loss": 62.53413009643555, "vf_explained_var": 0.3032175600528717, "kl": 0.039666879922151566, "entropy": 0.6552227139472961, "entropy_coeff": 0.0, "model": {}}}, "num_steps_sampled": 4000, "num_steps_trained": 4000}, "done": true, "episodes_total": 186, "training_iteration": 1, "experiment_id": "672448c85c32407996f120e1257a2ba6", "date": "2020-08-16_03-47-58", "timestamp": 1597549678, "time_this_iter_s": 8.205711841583252, "time_total_s": 8.205711841583252, "pid": 20049, "hostname": "ntozcc-dv-mlalo-vm", "node_ip": "10.0.0.4", "config": {"num_workers": 1, "num_envs_per_worker": 1, "rollout_fragment_length": 200, "sample_batch_size": -1, "batch_mode": "truncate_episodes", "num_gpus": 0, "train_batch_size": 4000, "model": {"conv_filters": null, "conv_activation": "relu", "fcnet_activation": "tanh", "fcnet_hiddens": [256, 256], "free_log_std": false, "no_final_linear": false, "vf_share_layers": true, "use_lstm": false, "max_seq_len": 20, "lstm_cell_size": 256, "lstm_use_prev_action_reward": false, "state_shape": null, "framestack": true, "dim": 84, "grayscale": false, "zero_mean": true, "custom_model": null, "custom_model_config": {}, "custom_action_dist": null, "custom_preprocessor": null, "custom_options": -1}, "optimizer": {}, "gamma": 0.99, "horizon": null, "soft_horizon": false, "no_done_at_end": false, "env_config": {}, "env": "CartPole-v0", "normalize_actions": false, "clip_rewards": null, "clip_actions": true, "preprocessor_pref": "deepmind", "lr": 0.01, "monitor": false, "log_level": "WARN", "callbacks": "<class 'ray.rllib.agents.callbacks.DefaultCallbacks'>", "ignore_worker_failures": false, "log_sys_usage": true, "fake_sampler": false, "framework": "tf", "eager_tracing": false, "no_eager_on_workers": false, "explore": true, "exploration_config": {"type": "StochasticSampling"}, "evaluation_interval": null, "evaluation_num_episodes": 10, "in_evaluation": false, "evaluation_config": {}, "evaluation_num_workers": 0, "custom_eval_function": null, "sample_async": false, "observation_filter": "NoFilter", "synchronize_filters": true, "tf_session_args": {"intra_op_parallelism_threads": 2, "inter_op_parallelism_threads": 2, "gpu_options": {"allow_growth": true}, "log_device_placement": false, "device_count": {"CPU": 1}, "allow_soft_placement": true}, "local_tf_session_args": {"intra_op_parallelism_threads": 8, "inter_op_parallelism_threads": 8}, "compress_observations": false, "collect_metrics_timeout": 180, "metrics_smoothing_episodes": 100, "remote_worker_envs": false, "remote_env_batch_wait_ms": 0, "min_iter_time_s": 0, "timesteps_per_iteration": 0, "seed": null, "extra_python_environs_for_driver": {}, "extra_python_environs_for_worker": {}, "num_cpus_per_worker": 1, "num_gpus_per_worker": 0, "custom_resources_per_worker": {}, "num_cpus_for_driver": 1, "memory": 0, "object_store_memory": 0, "memory_per_worker": 0, "object_store_memory_per_worker": 0, "input": "sampler", "input_evaluation": ["is", "wis"], "postprocess_inputs": false, "shuffle_buffer_size": 0, "output": null, "output_compress_columns": ["obs", "new_obs"], "output_max_file_size": 67108864, "multiagent": {"policies": {}, "policy_mapping_fn": null, "policies_to_train": null, "observation_fn": null}, "use_pytorch": -1, "use_critic": true, "use_gae": true, "lambda": 1.0, "kl_coeff": 0.2, "sgd_minibatch_size": 128, "shuffle_sequences": true, "num_sgd_iter": 30, "lr_schedule": null, "vf_share_layers": false, "vf_loss_coeff": 1.0, "entropy_coeff": 0.0, "entropy_coeff_schedule": null, "clip_param": 0.3, "vf_clip_param": 10.0, "grad_clip": null, "kl_target": 0.01, "simple_optimizer": false, "_fake_gpus": false}, "time_since_restore": 8.205711841583252, "timesteps_since_restore": 0, "iterations_since_restore": 1, "perf": {"cpu_util_percent": 71.9, "ram_util_percent": 32.21666666666666}, "trial_id": "3e903_00000", "experiment_tag": "0_lr=0.01"}
