{"episode_reward_max": 52.0, "episode_reward_min": 8.0, "episode_reward_mean": 21.462365591397848, "episode_len_mean": 21.462365591397848, "episodes_this_iter": 186, "policy_reward_min": {}, "policy_reward_max": {}, "policy_reward_mean": {}, "custom_metrics": {}, "hist_stats": {"episode_reward": [27.0, 11.0, 14.0, 15.0, 39.0, 19.0, 23.0, 13.0, 18.0, 31.0, 24.0, 13.0, 17.0, 16.0, 11.0, 18.0, 22.0, 23.0, 12.0, 17.0, 21.0, 23.0, 37.0, 11.0, 31.0, 23.0, 21.0, 30.0, 13.0, 15.0, 39.0, 12.0, 22.0, 14.0, 25.0, 8.0, 20.0, 12.0, 14.0, 11.0, 25.0, 15.0, 22.0, 17.0, 18.0, 45.0, 22.0, 23.0, 24.0, 18.0, 40.0, 13.0, 13.0, 18.0, 11.0, 11.0, 16.0, 11.0, 15.0, 22.0, 12.0, 21.0, 11.0, 20.0, 12.0, 14.0, 18.0, 33.0, 16.0, 15.0, 17.0, 16.0, 10.0, 22.0, 12.0, 14.0, 39.0, 16.0, 51.0, 16.0, 21.0, 16.0, 15.0, 30.0, 11.0, 17.0, 27.0, 28.0, 21.0, 14.0, 24.0, 18.0, 31.0, 49.0, 23.0, 31.0, 26.0, 52.0, 15.0, 25.0, 19.0, 10.0, 44.0, 13.0, 24.0, 21.0, 31.0, 22.0, 26.0, 11.0, 23.0, 19.0, 19.0, 21.0, 45.0, 25.0, 23.0, 35.0, 14.0, 15.0, 17.0, 37.0, 17.0, 19.0, 14.0, 14.0, 25.0, 24.0, 11.0, 37.0, 21.0, 26.0, 22.0, 19.0, 28.0, 18.0, 22.0, 18.0, 29.0, 17.0, 11.0, 22.0, 13.0, 18.0, 29.0, 39.0, 33.0, 16.0, 15.0, 16.0, 15.0, 18.0, 17.0, 11.0, 23.0, 11.0, 19.0, 10.0, 18.0, 27.0, 22.0, 30.0, 29.0, 23.0, 21.0, 41.0, 48.0, 10.0, 18.0, 35.0, 28.0, 28.0, 18.0, 42.0, 29.0, 18.0, 24.0, 13.0, 14.0, 16.0, 22.0, 38.0, 30.0, 12.0, 27.0, 17.0], "episode_lengths": [27, 11, 14, 15, 39, 19, 23, 13, 18, 31, 24, 13, 17, 16, 11, 18, 22, 23, 12, 17, 21, 23, 37, 11, 31, 23, 21, 30, 13, 15, 39, 12, 22, 14, 25, 8, 20, 12, 14, 11, 25, 15, 22, 17, 18, 45, 22, 23, 24, 18, 40, 13, 13, 18, 11, 11, 16, 11, 15, 22, 12, 21, 11, 20, 12, 14, 18, 33, 16, 15, 17, 16, 10, 22, 12, 14, 39, 16, 51, 16, 21, 16, 15, 30, 11, 17, 27, 28, 21, 14, 24, 18, 31, 49, 23, 31, 26, 52, 15, 25, 19, 10, 44, 13, 24, 21, 31, 22, 26, 11, 23, 19, 19, 21, 45, 25, 23, 35, 14, 15, 17, 37, 17, 19, 14, 14, 25, 24, 11, 37, 21, 26, 22, 19, 28, 18, 22, 18, 29, 17, 11, 22, 13, 18, 29, 39, 33, 16, 15, 16, 15, 18, 17, 11, 23, 11, 19, 10, 18, 27, 22, 30, 29, 23, 21, 41, 48, 10, 18, 35, 28, 28, 18, 42, 29, 18, 24, 13, 14, 16, 22, 38, 30, 12, 27, 17]}, "sampler_perf": {"mean_env_wait_ms": 0.07059889356960689, "mean_processing_ms": 0.18256624112633338, "mean_inference_ms": 0.7570544292675916}, "off_policy_estimator": {}, "num_healthy_workers": 1, "timesteps_total": 4000, "timers": {"sample_time_ms": 4987.96, "sample_throughput": 801.931, "load_time_ms": 46.243, "load_throughput": 86499.667, "learn_time_ms": 3847.731, "learn_throughput": 1039.574, "update_time_ms": 2.031}, "info": {"learner": {"default_policy": {"cur_kl_coeff": 0.20000000298023224, "cur_lr": 0.009999999776482582, "total_loss": 50.599002838134766, "policy_loss": -0.04187572002410889, "vf_loss": 50.6337776184082, "vf_explained_var": 0.3443237245082855, "kl": 0.03547745198011398, "entropy": 0.6589255928993225, "entropy_coeff": 0.0, "model": {}}}, "num_steps_sampled": 4000, "num_steps_trained": 4000}, "done": true, "episodes_total": 186, "training_iteration": 1, "experiment_id": "58af238c5b25420e9812bbfe9e575554", "date": "2020-08-18_18-26-29", "timestamp": 1597775189, "time_this_iter_s": 9.004294395446777, "time_total_s": 9.004294395446777, "pid": 16739, "hostname": "terminator-1000", "node_ip": "10.168.0.7", "config": {"num_workers": 1, "num_envs_per_worker": 1, "rollout_fragment_length": 200, "sample_batch_size": -1, "batch_mode": "truncate_episodes", "num_gpus": 0, "train_batch_size": 4000, "model": {"conv_filters": null, "conv_activation": "relu", "fcnet_activation": "tanh", "fcnet_hiddens": [256, 256], "free_log_std": false, "no_final_linear": false, "vf_share_layers": true, "use_lstm": false, "max_seq_len": 20, "lstm_cell_size": 256, "lstm_use_prev_action_reward": false, "state_shape": null, "framestack": true, "dim": 84, "grayscale": false, "zero_mean": true, "custom_model": null, "custom_model_config": {}, "custom_action_dist": null, "custom_preprocessor": null, "custom_options": -1}, "optimizer": {}, "gamma": 0.99, "horizon": null, "soft_horizon": false, "no_done_at_end": false, "env_config": {}, "env": "CartPole-v0", "normalize_actions": false, "clip_rewards": null, "clip_actions": true, "preprocessor_pref": "deepmind", "lr": 0.01, "monitor": false, "log_level": "WARN", "callbacks": "<class 'ray.rllib.agents.callbacks.DefaultCallbacks'>", "ignore_worker_failures": false, "log_sys_usage": true, "fake_sampler": false, "framework": "tf", "eager_tracing": false, "no_eager_on_workers": false, "explore": true, "exploration_config": {"type": "StochasticSampling"}, "evaluation_interval": null, "evaluation_num_episodes": 10, "in_evaluation": false, "evaluation_config": {}, "evaluation_num_workers": 0, "custom_eval_function": null, "sample_async": false, "observation_filter": "NoFilter", "synchronize_filters": true, "tf_session_args": {"intra_op_parallelism_threads": 2, "inter_op_parallelism_threads": 2, "gpu_options": {"allow_growth": true}, "log_device_placement": false, "device_count": {"CPU": 1}, "allow_soft_placement": true}, "local_tf_session_args": {"intra_op_parallelism_threads": 8, "inter_op_parallelism_threads": 8}, "compress_observations": false, "collect_metrics_timeout": 180, "metrics_smoothing_episodes": 100, "remote_worker_envs": false, "remote_env_batch_wait_ms": 0, "min_iter_time_s": 0, "timesteps_per_iteration": 0, "seed": null, "extra_python_environs_for_driver": {}, "extra_python_environs_for_worker": {}, "num_cpus_per_worker": 1, "num_gpus_per_worker": 0, "custom_resources_per_worker": {}, "num_cpus_for_driver": 1, "memory": 0, "object_store_memory": 0, "memory_per_worker": 0, "object_store_memory_per_worker": 0, "input": "sampler", "input_evaluation": ["is", "wis"], "postprocess_inputs": false, "shuffle_buffer_size": 0, "output": null, "output_compress_columns": ["obs", "new_obs"], "output_max_file_size": 67108864, "multiagent": {"policies": {}, "policy_mapping_fn": null, "policies_to_train": null, "observation_fn": null}, "use_pytorch": -1, "use_critic": true, "use_gae": true, "lambda": 1.0, "kl_coeff": 0.2, "sgd_minibatch_size": 128, "shuffle_sequences": true, "num_sgd_iter": 30, "lr_schedule": null, "vf_share_layers": false, "vf_loss_coeff": 1.0, "entropy_coeff": 0.0, "entropy_coeff_schedule": null, "clip_param": 0.3, "vf_clip_param": 10.0, "grad_clip": null, "kl_target": 0.01, "simple_optimizer": false, "_fake_gpus": false}, "time_since_restore": 9.004294395446777, "timesteps_since_restore": 0, "iterations_since_restore": 1, "perf": {"cpu_util_percent": 36.307692307692314, "ram_util_percent": 3.530769230769231}, "trial_id": "4d856_00000", "experiment_tag": "0_lr=0.01"}
