{"episode_reward_max": 62.0, "episode_reward_min": 9.0, "episode_reward_mean": 22.426966292134832, "episode_len_mean": 22.426966292134832, "episodes_this_iter": 178, "policy_reward_min": {}, "policy_reward_max": {}, "policy_reward_mean": {}, "custom_metrics": {}, "hist_stats": {"episode_reward": [16.0, 14.0, 16.0, 13.0, 50.0, 26.0, 52.0, 21.0, 13.0, 16.0, 23.0, 15.0, 16.0, 33.0, 17.0, 18.0, 17.0, 18.0, 27.0, 15.0, 17.0, 23.0, 21.0, 20.0, 11.0, 15.0, 33.0, 21.0, 18.0, 15.0, 16.0, 23.0, 19.0, 24.0, 45.0, 14.0, 14.0, 13.0, 36.0, 14.0, 31.0, 17.0, 16.0, 15.0, 34.0, 39.0, 21.0, 21.0, 20.0, 19.0, 10.0, 25.0, 21.0, 13.0, 19.0, 22.0, 18.0, 34.0, 15.0, 10.0, 26.0, 23.0, 17.0, 16.0, 12.0, 28.0, 10.0, 13.0, 46.0, 27.0, 19.0, 13.0, 14.0, 21.0, 32.0, 16.0, 18.0, 28.0, 25.0, 36.0, 25.0, 25.0, 16.0, 11.0, 23.0, 11.0, 14.0, 49.0, 17.0, 11.0, 15.0, 17.0, 18.0, 31.0, 16.0, 16.0, 11.0, 33.0, 14.0, 12.0, 30.0, 48.0, 29.0, 27.0, 22.0, 21.0, 15.0, 25.0, 11.0, 26.0, 16.0, 26.0, 13.0, 19.0, 57.0, 25.0, 15.0, 22.0, 13.0, 22.0, 34.0, 38.0, 27.0, 41.0, 11.0, 19.0, 17.0, 24.0, 27.0, 39.0, 30.0, 10.0, 16.0, 44.0, 18.0, 17.0, 34.0, 19.0, 21.0, 62.0, 41.0, 32.0, 18.0, 22.0, 26.0, 27.0, 26.0, 32.0, 13.0, 13.0, 19.0, 12.0, 10.0, 15.0, 10.0, 14.0, 17.0, 16.0, 55.0, 13.0, 9.0, 13.0, 19.0, 13.0, 18.0, 30.0, 22.0, 27.0, 9.0, 29.0, 29.0, 36.0, 40.0, 60.0, 38.0, 9.0, 19.0, 18.0], "episode_lengths": [16, 14, 16, 13, 50, 26, 52, 21, 13, 16, 23, 15, 16, 33, 17, 18, 17, 18, 27, 15, 17, 23, 21, 20, 11, 15, 33, 21, 18, 15, 16, 23, 19, 24, 45, 14, 14, 13, 36, 14, 31, 17, 16, 15, 34, 39, 21, 21, 20, 19, 10, 25, 21, 13, 19, 22, 18, 34, 15, 10, 26, 23, 17, 16, 12, 28, 10, 13, 46, 27, 19, 13, 14, 21, 32, 16, 18, 28, 25, 36, 25, 25, 16, 11, 23, 11, 14, 49, 17, 11, 15, 17, 18, 31, 16, 16, 11, 33, 14, 12, 30, 48, 29, 27, 22, 21, 15, 25, 11, 26, 16, 26, 13, 19, 57, 25, 15, 22, 13, 22, 34, 38, 27, 41, 11, 19, 17, 24, 27, 39, 30, 10, 16, 44, 18, 17, 34, 19, 21, 62, 41, 32, 18, 22, 26, 27, 26, 32, 13, 13, 19, 12, 10, 15, 10, 14, 17, 16, 55, 13, 9, 13, 19, 13, 18, 30, 22, 27, 9, 29, 29, 36, 40, 60, 38, 9, 19, 18]}, "sampler_perf": {"mean_env_wait_ms": 0.05667831146308881, "mean_processing_ms": 0.1403936234988799, "mean_inference_ms": 0.6309773617462945}, "off_policy_estimator": {}, "num_healthy_workers": 1, "timesteps_total": 4000, "timers": {"sample_time_ms": 4542.603, "sample_throughput": 880.552, "load_time_ms": 37.891, "load_throughput": 105564.885, "learn_time_ms": 3927.155, "learn_throughput": 1018.549, "update_time_ms": 2.489}, "info": {"learner": {"default_policy": {"cur_kl_coeff": 0.20000000298023224, "cur_lr": 9.999999747378752e-05, "total_loss": 80.33077239990234, "policy_loss": -0.04521503299474716, "vf_loss": 80.36917877197266, "vf_explained_var": 0.21182937920093536, "kl": 0.034049101173877716, "entropy": 0.6600772142410278, "entropy_coeff": 0.0, "model": {}}}, "num_steps_sampled": 4000, "num_steps_trained": 4000}, "done": true, "episodes_total": 178, "training_iteration": 1, "experiment_id": "da3fc03bdc534777bb5d16c81702d550", "date": "2020-08-16_03-52-57", "timestamp": 1597549977, "time_this_iter_s": 8.61280632019043, "time_total_s": 8.61280632019043, "pid": 21181, "hostname": "ntozcc-dv-mlalo-vm", "node_ip": "10.0.0.4", "config": {"num_workers": 1, "num_envs_per_worker": 1, "rollout_fragment_length": 200, "sample_batch_size": -1, "batch_mode": "truncate_episodes", "num_gpus": 0, "train_batch_size": 4000, "model": {"conv_filters": null, "conv_activation": "relu", "fcnet_activation": "tanh", "fcnet_hiddens": [256, 256], "free_log_std": false, "no_final_linear": false, "vf_share_layers": true, "use_lstm": false, "max_seq_len": 20, "lstm_cell_size": 256, "lstm_use_prev_action_reward": false, "state_shape": null, "framestack": true, "dim": 84, "grayscale": false, "zero_mean": true, "custom_model": null, "custom_model_config": {}, "custom_action_dist": null, "custom_preprocessor": null, "custom_options": -1}, "optimizer": {}, "gamma": 0.99, "horizon": null, "soft_horizon": false, "no_done_at_end": false, "env_config": {}, "env": "CartPole-v0", "normalize_actions": false, "clip_rewards": null, "clip_actions": true, "preprocessor_pref": "deepmind", "lr": 0.0001, "monitor": false, "log_level": "WARN", "callbacks": "<class 'ray.rllib.agents.callbacks.DefaultCallbacks'>", "ignore_worker_failures": false, "log_sys_usage": true, "fake_sampler": false, "framework": "tf", "eager_tracing": false, "no_eager_on_workers": false, "explore": true, "exploration_config": {"type": "StochasticSampling"}, "evaluation_interval": null, "evaluation_num_episodes": 10, "in_evaluation": false, "evaluation_config": {}, "evaluation_num_workers": 0, "custom_eval_function": null, "sample_async": false, "observation_filter": "NoFilter", "synchronize_filters": true, "tf_session_args": {"intra_op_parallelism_threads": 2, "inter_op_parallelism_threads": 2, "gpu_options": {"allow_growth": true}, "log_device_placement": false, "device_count": {"CPU": 1}, "allow_soft_placement": true}, "local_tf_session_args": {"intra_op_parallelism_threads": 8, "inter_op_parallelism_threads": 8}, "compress_observations": false, "collect_metrics_timeout": 180, "metrics_smoothing_episodes": 100, "remote_worker_envs": false, "remote_env_batch_wait_ms": 0, "min_iter_time_s": 0, "timesteps_per_iteration": 0, "seed": null, "extra_python_environs_for_driver": {}, "extra_python_environs_for_worker": {}, "num_cpus_per_worker": 1, "num_gpus_per_worker": 0, "custom_resources_per_worker": {}, "num_cpus_for_driver": 1, "memory": 0, "object_store_memory": 0, "memory_per_worker": 0, "object_store_memory_per_worker": 0, "input": "sampler", "input_evaluation": ["is", "wis"], "postprocess_inputs": false, "shuffle_buffer_size": 0, "output": null, "output_compress_columns": ["obs", "new_obs"], "output_max_file_size": 67108864, "multiagent": {"policies": {}, "policy_mapping_fn": null, "policies_to_train": null, "observation_fn": null}, "use_pytorch": -1, "use_critic": true, "use_gae": true, "lambda": 1.0, "kl_coeff": 0.2, "sgd_minibatch_size": 128, "shuffle_sequences": true, "num_sgd_iter": 30, "lr_schedule": null, "vf_share_layers": false, "vf_loss_coeff": 1.0, "entropy_coeff": 0.0, "entropy_coeff_schedule": null, "clip_param": 0.3, "vf_clip_param": 10.0, "grad_clip": null, "kl_target": 0.01, "simple_optimizer": false, "_fake_gpus": false}, "time_since_restore": 8.61280632019043, "timesteps_since_restore": 0, "iterations_since_restore": 1, "perf": {"cpu_util_percent": 72.03076923076922, "ram_util_percent": 32.26923076923077}, "trial_id": "df958_00002", "experiment_tag": "2_lr=0.0001"}
