{"episode_reward_max": 75.0, "episode_reward_min": 8.0, "episode_reward_mean": 20.8125, "episode_len_mean": 20.8125, "episodes_this_iter": 192, "policy_reward_min": {}, "policy_reward_max": {}, "policy_reward_mean": {}, "custom_metrics": {}, "hist_stats": {"episode_reward": [39.0, 25.0, 30.0, 12.0, 21.0, 15.0, 13.0, 28.0, 13.0, 22.0, 52.0, 19.0, 29.0, 26.0, 14.0, 21.0, 10.0, 24.0, 44.0, 13.0, 8.0, 75.0, 14.0, 19.0, 17.0, 12.0, 70.0, 11.0, 12.0, 21.0, 21.0, 15.0, 19.0, 13.0, 23.0, 17.0, 22.0, 17.0, 14.0, 25.0, 38.0, 18.0, 26.0, 18.0, 11.0, 12.0, 23.0, 33.0, 19.0, 22.0, 18.0, 48.0, 13.0, 11.0, 15.0, 12.0, 23.0, 14.0, 13.0, 24.0, 12.0, 16.0, 26.0, 40.0, 66.0, 24.0, 49.0, 17.0, 25.0, 19.0, 11.0, 18.0, 16.0, 17.0, 30.0, 13.0, 50.0, 13.0, 21.0, 11.0, 26.0, 22.0, 20.0, 25.0, 17.0, 17.0, 21.0, 14.0, 14.0, 11.0, 12.0, 36.0, 12.0, 39.0, 28.0, 24.0, 13.0, 13.0, 14.0, 28.0, 35.0, 10.0, 10.0, 15.0, 18.0, 13.0, 14.0, 14.0, 23.0, 27.0, 9.0, 10.0, 12.0, 16.0, 25.0, 14.0, 17.0, 17.0, 14.0, 27.0, 25.0, 9.0, 25.0, 34.0, 16.0, 30.0, 11.0, 12.0, 11.0, 13.0, 22.0, 50.0, 32.0, 22.0, 22.0, 12.0, 14.0, 11.0, 12.0, 20.0, 23.0, 24.0, 30.0, 12.0, 12.0, 17.0, 15.0, 17.0, 42.0, 10.0, 22.0, 28.0, 10.0, 20.0, 31.0, 26.0, 26.0, 27.0, 29.0, 17.0, 35.0, 18.0, 14.0, 15.0, 18.0, 14.0, 29.0, 20.0, 25.0, 22.0, 11.0, 11.0, 20.0, 15.0, 15.0, 17.0, 15.0, 18.0, 15.0, 13.0, 31.0, 18.0, 13.0, 16.0, 18.0, 33.0, 21.0, 9.0, 23.0, 15.0, 21.0, 11.0], "episode_lengths": [39, 25, 30, 12, 21, 15, 13, 28, 13, 22, 52, 19, 29, 26, 14, 21, 10, 24, 44, 13, 8, 75, 14, 19, 17, 12, 70, 11, 12, 21, 21, 15, 19, 13, 23, 17, 22, 17, 14, 25, 38, 18, 26, 18, 11, 12, 23, 33, 19, 22, 18, 48, 13, 11, 15, 12, 23, 14, 13, 24, 12, 16, 26, 40, 66, 24, 49, 17, 25, 19, 11, 18, 16, 17, 30, 13, 50, 13, 21, 11, 26, 22, 20, 25, 17, 17, 21, 14, 14, 11, 12, 36, 12, 39, 28, 24, 13, 13, 14, 28, 35, 10, 10, 15, 18, 13, 14, 14, 23, 27, 9, 10, 12, 16, 25, 14, 17, 17, 14, 27, 25, 9, 25, 34, 16, 30, 11, 12, 11, 13, 22, 50, 32, 22, 22, 12, 14, 11, 12, 20, 23, 24, 30, 12, 12, 17, 15, 17, 42, 10, 22, 28, 10, 20, 31, 26, 26, 27, 29, 17, 35, 18, 14, 15, 18, 14, 29, 20, 25, 22, 11, 11, 20, 15, 15, 17, 15, 18, 15, 13, 31, 18, 13, 16, 18, 33, 21, 9, 23, 15, 21, 11]}, "sampler_perf": {"mean_env_wait_ms": 0.057956869081984864, "mean_processing_ms": 0.14482471711097492, "mean_inference_ms": 0.6313158315111773}, "off_policy_estimator": {}, "num_healthy_workers": 1, "timesteps_total": 4000, "timers": {"sample_time_ms": 4122.147, "sample_throughput": 970.368, "load_time_ms": 42.438, "load_throughput": 94254.552, "learn_time_ms": 3914.376, "learn_throughput": 1021.874, "update_time_ms": 2.249}, "info": {"learner": {"default_policy": {"cur_kl_coeff": 0.20000000298023224, "cur_lr": 0.009999999776482582, "total_loss": 73.05197143554688, "policy_loss": -0.04232151806354523, "vf_loss": 73.08731079101562, "vf_explained_var": 0.302324503660202, "kl": 0.03494315594434738, "entropy": 0.6590791940689087, "entropy_coeff": 0.0, "model": {}}}, "num_steps_sampled": 4000, "num_steps_trained": 4000}, "done": true, "episodes_total": 192, "training_iteration": 1, "experiment_id": "cdbffd5670694d7ca3a2758e7b749c90", "date": "2020-08-16_03-52-29", "timestamp": 1597549949, "time_this_iter_s": 8.181211471557617, "time_total_s": 8.181211471557617, "pid": 20976, "hostname": "ntozcc-dv-mlalo-vm", "node_ip": "10.0.0.4", "config": {"num_workers": 1, "num_envs_per_worker": 1, "rollout_fragment_length": 200, "sample_batch_size": -1, "batch_mode": "truncate_episodes", "num_gpus": 0, "train_batch_size": 4000, "model": {"conv_filters": null, "conv_activation": "relu", "fcnet_activation": "tanh", "fcnet_hiddens": [256, 256], "free_log_std": false, "no_final_linear": false, "vf_share_layers": true, "use_lstm": false, "max_seq_len": 20, "lstm_cell_size": 256, "lstm_use_prev_action_reward": false, "state_shape": null, "framestack": true, "dim": 84, "grayscale": false, "zero_mean": true, "custom_model": null, "custom_model_config": {}, "custom_action_dist": null, "custom_preprocessor": null, "custom_options": -1}, "optimizer": {}, "gamma": 0.99, "horizon": null, "soft_horizon": false, "no_done_at_end": false, "env_config": {}, "env": "CartPole-v0", "normalize_actions": false, "clip_rewards": null, "clip_actions": true, "preprocessor_pref": "deepmind", "lr": 0.01, "monitor": false, "log_level": "WARN", "callbacks": "<class 'ray.rllib.agents.callbacks.DefaultCallbacks'>", "ignore_worker_failures": false, "log_sys_usage": true, "fake_sampler": false, "framework": "tf", "eager_tracing": false, "no_eager_on_workers": false, "explore": true, "exploration_config": {"type": "StochasticSampling"}, "evaluation_interval": null, "evaluation_num_episodes": 10, "in_evaluation": false, "evaluation_config": {}, "evaluation_num_workers": 0, "custom_eval_function": null, "sample_async": false, "observation_filter": "NoFilter", "synchronize_filters": true, "tf_session_args": {"intra_op_parallelism_threads": 2, "inter_op_parallelism_threads": 2, "gpu_options": {"allow_growth": true}, "log_device_placement": false, "device_count": {"CPU": 1}, "allow_soft_placement": true}, "local_tf_session_args": {"intra_op_parallelism_threads": 8, "inter_op_parallelism_threads": 8}, "compress_observations": false, "collect_metrics_timeout": 180, "metrics_smoothing_episodes": 100, "remote_worker_envs": false, "remote_env_batch_wait_ms": 0, "min_iter_time_s": 0, "timesteps_per_iteration": 0, "seed": null, "extra_python_environs_for_driver": {}, "extra_python_environs_for_worker": {}, "num_cpus_per_worker": 1, "num_gpus_per_worker": 0, "custom_resources_per_worker": {}, "num_cpus_for_driver": 1, "memory": 0, "object_store_memory": 0, "memory_per_worker": 0, "object_store_memory_per_worker": 0, "input": "sampler", "input_evaluation": ["is", "wis"], "postprocess_inputs": false, "shuffle_buffer_size": 0, "output": null, "output_compress_columns": ["obs", "new_obs"], "output_max_file_size": 67108864, "multiagent": {"policies": {}, "policy_mapping_fn": null, "policies_to_train": null, "observation_fn": null}, "use_pytorch": -1, "use_critic": true, "use_gae": true, "lambda": 1.0, "kl_coeff": 0.2, "sgd_minibatch_size": 128, "shuffle_sequences": true, "num_sgd_iter": 30, "lr_schedule": null, "vf_share_layers": false, "vf_loss_coeff": 1.0, "entropy_coeff": 0.0, "entropy_coeff_schedule": null, "clip_param": 0.3, "vf_clip_param": 10.0, "grad_clip": null, "kl_target": 0.01, "simple_optimizer": false, "_fake_gpus": false}, "time_since_restore": 8.181211471557617, "timesteps_since_restore": 0, "iterations_since_restore": 1, "perf": {"cpu_util_percent": 72.77499999999999, "ram_util_percent": 32.21666666666666}, "trial_id": "df958_00000", "experiment_tag": "0_lr=0.01"}
