{"episode_reward_max": 60.0, "episode_reward_min": 9.0, "episode_reward_mean": 22.46629213483146, "episode_len_mean": 22.46629213483146, "episodes_this_iter": 178, "policy_reward_min": {}, "policy_reward_max": {}, "policy_reward_mean": {}, "custom_metrics": {}, "hist_stats": {"episode_reward": [13.0, 15.0, 11.0, 37.0, 14.0, 19.0, 22.0, 37.0, 16.0, 14.0, 12.0, 21.0, 30.0, 44.0, 19.0, 15.0, 21.0, 19.0, 23.0, 58.0, 20.0, 19.0, 11.0, 32.0, 18.0, 12.0, 33.0, 39.0, 16.0, 14.0, 25.0, 31.0, 14.0, 13.0, 11.0, 34.0, 13.0, 29.0, 22.0, 44.0, 34.0, 9.0, 16.0, 12.0, 17.0, 42.0, 30.0, 12.0, 21.0, 19.0, 21.0, 10.0, 15.0, 16.0, 39.0, 13.0, 17.0, 49.0, 15.0, 20.0, 17.0, 57.0, 12.0, 29.0, 12.0, 19.0, 15.0, 16.0, 29.0, 16.0, 18.0, 19.0, 20.0, 15.0, 14.0, 34.0, 23.0, 17.0, 34.0, 19.0, 47.0, 16.0, 14.0, 14.0, 22.0, 10.0, 21.0, 12.0, 17.0, 10.0, 24.0, 26.0, 11.0, 27.0, 13.0, 35.0, 14.0, 32.0, 17.0, 15.0, 13.0, 30.0, 15.0, 11.0, 53.0, 42.0, 19.0, 28.0, 27.0, 19.0, 13.0, 29.0, 33.0, 17.0, 22.0, 45.0, 49.0, 47.0, 10.0, 23.0, 31.0, 9.0, 15.0, 19.0, 51.0, 36.0, 10.0, 11.0, 17.0, 23.0, 13.0, 16.0, 19.0, 25.0, 17.0, 15.0, 11.0, 30.0, 21.0, 43.0, 32.0, 49.0, 17.0, 28.0, 18.0, 15.0, 11.0, 14.0, 53.0, 20.0, 27.0, 60.0, 11.0, 17.0, 10.0, 35.0, 14.0, 33.0, 10.0, 13.0, 9.0, 27.0, 36.0, 9.0, 28.0, 39.0, 21.0, 13.0, 14.0, 23.0, 12.0, 23.0, 11.0, 25.0, 12.0, 24.0, 22.0, 18.0], "episode_lengths": [13, 15, 11, 37, 14, 19, 22, 37, 16, 14, 12, 21, 30, 44, 19, 15, 21, 19, 23, 58, 20, 19, 11, 32, 18, 12, 33, 39, 16, 14, 25, 31, 14, 13, 11, 34, 13, 29, 22, 44, 34, 9, 16, 12, 17, 42, 30, 12, 21, 19, 21, 10, 15, 16, 39, 13, 17, 49, 15, 20, 17, 57, 12, 29, 12, 19, 15, 16, 29, 16, 18, 19, 20, 15, 14, 34, 23, 17, 34, 19, 47, 16, 14, 14, 22, 10, 21, 12, 17, 10, 24, 26, 11, 27, 13, 35, 14, 32, 17, 15, 13, 30, 15, 11, 53, 42, 19, 28, 27, 19, 13, 29, 33, 17, 22, 45, 49, 47, 10, 23, 31, 9, 15, 19, 51, 36, 10, 11, 17, 23, 13, 16, 19, 25, 17, 15, 11, 30, 21, 43, 32, 49, 17, 28, 18, 15, 11, 14, 53, 20, 27, 60, 11, 17, 10, 35, 14, 33, 10, 13, 9, 27, 36, 9, 28, 39, 21, 13, 14, 23, 12, 23, 11, 25, 12, 24, 22, 18]}, "sampler_perf": {"mean_env_wait_ms": 0.05862093722632574, "mean_processing_ms": 0.14058717099823556, "mean_inference_ms": 0.6325653689231194}, "off_policy_estimator": {}, "num_healthy_workers": 1, "timesteps_total": 4000, "timers": {"sample_time_ms": 4550.025, "sample_throughput": 879.116, "load_time_ms": 37.935, "load_throughput": 105444.133, "learn_time_ms": 3881.723, "learn_throughput": 1030.47, "update_time_ms": 2.176}, "info": {"learner": {"default_policy": {"cur_kl_coeff": 0.20000000298023224, "cur_lr": 0.0010000000474974513, "total_loss": 71.53492736816406, "policy_loss": -0.05529958754777908, "vf_loss": 71.58222961425781, "vf_explained_var": 0.30712011456489563, "kl": 0.03995053842663765, "entropy": 0.6542597413063049, "entropy_coeff": 0.0, "model": {}}}, "num_steps_sampled": 4000, "num_steps_trained": 4000}, "done": true, "episodes_total": 178, "training_iteration": 1, "experiment_id": "937b5b82e61647bca22174c756ec0620", "date": "2020-08-16_04-40-57", "timestamp": 1597552857, "time_this_iter_s": 8.574758052825928, "time_total_s": 8.574758052825928, "pid": 26334, "hostname": "ntozcc-dv-mlalo-vm", "node_ip": "10.0.0.4", "config": {"num_workers": 1, "num_envs_per_worker": 1, "rollout_fragment_length": 200, "sample_batch_size": -1, "batch_mode": "truncate_episodes", "num_gpus": 0, "train_batch_size": 4000, "model": {"conv_filters": null, "conv_activation": "relu", "fcnet_activation": "tanh", "fcnet_hiddens": [256, 256], "free_log_std": false, "no_final_linear": false, "vf_share_layers": true, "use_lstm": false, "max_seq_len": 20, "lstm_cell_size": 256, "lstm_use_prev_action_reward": false, "state_shape": null, "framestack": true, "dim": 84, "grayscale": false, "zero_mean": true, "custom_model": null, "custom_model_config": {}, "custom_action_dist": null, "custom_preprocessor": null, "custom_options": -1}, "optimizer": {}, "gamma": 0.99, "horizon": null, "soft_horizon": false, "no_done_at_end": false, "env_config": {}, "env": "CartPole-v0", "normalize_actions": false, "clip_rewards": null, "clip_actions": true, "preprocessor_pref": "deepmind", "lr": 0.001, "monitor": false, "log_level": "WARN", "callbacks": "<class 'ray.rllib.agents.callbacks.DefaultCallbacks'>", "ignore_worker_failures": false, "log_sys_usage": true, "fake_sampler": false, "framework": "tf", "eager_tracing": false, "no_eager_on_workers": false, "explore": true, "exploration_config": {"type": "StochasticSampling"}, "evaluation_interval": null, "evaluation_num_episodes": 10, "in_evaluation": false, "evaluation_config": {}, "evaluation_num_workers": 0, "custom_eval_function": null, "sample_async": false, "observation_filter": "NoFilter", "synchronize_filters": true, "tf_session_args": {"intra_op_parallelism_threads": 2, "inter_op_parallelism_threads": 2, "gpu_options": {"allow_growth": true}, "log_device_placement": false, "device_count": {"CPU": 1}, "allow_soft_placement": true}, "local_tf_session_args": {"intra_op_parallelism_threads": 8, "inter_op_parallelism_threads": 8}, "compress_observations": false, "collect_metrics_timeout": 180, "metrics_smoothing_episodes": 100, "remote_worker_envs": false, "remote_env_batch_wait_ms": 0, "min_iter_time_s": 0, "timesteps_per_iteration": 0, "seed": null, "extra_python_environs_for_driver": {}, "extra_python_environs_for_worker": {}, "num_cpus_per_worker": 1, "num_gpus_per_worker": 0, "custom_resources_per_worker": {}, "num_cpus_for_driver": 1, "memory": 0, "object_store_memory": 0, "memory_per_worker": 0, "object_store_memory_per_worker": 0, "input": "sampler", "input_evaluation": ["is", "wis"], "postprocess_inputs": false, "shuffle_buffer_size": 0, "output": null, "output_compress_columns": ["obs", "new_obs"], "output_max_file_size": 67108864, "multiagent": {"policies": {}, "policy_mapping_fn": null, "policies_to_train": null, "observation_fn": null}, "use_pytorch": -1, "use_critic": true, "use_gae": true, "lambda": 1.0, "kl_coeff": 0.2, "sgd_minibatch_size": 128, "shuffle_sequences": true, "num_sgd_iter": 30, "lr_schedule": null, "vf_share_layers": false, "vf_loss_coeff": 1.0, "entropy_coeff": 0.0, "entropy_coeff_schedule": null, "clip_param": 0.3, "vf_clip_param": 10.0, "grad_clip": null, "kl_target": 0.01, "simple_optimizer": false, "_fake_gpus": false}, "time_since_restore": 8.574758052825928, "timesteps_since_restore": 0, "iterations_since_restore": 1, "perf": {"cpu_util_percent": 71.77692307692308, "ram_util_percent": 32.3}, "trial_id": "9c0b2_00001", "experiment_tag": "1_lr=0.001"}
