{"episode_reward_max": 88.0, "episode_reward_min": 8.0, "episode_reward_mean": 21.57837837837838, "episode_len_mean": 21.57837837837838, "episodes_this_iter": 185, "policy_reward_min": {}, "policy_reward_max": {}, "policy_reward_mean": {}, "custom_metrics": {}, "hist_stats": {"episode_reward": [15.0, 18.0, 59.0, 11.0, 27.0, 12.0, 16.0, 14.0, 56.0, 32.0, 23.0, 12.0, 21.0, 11.0, 16.0, 28.0, 15.0, 12.0, 21.0, 18.0, 13.0, 10.0, 10.0, 12.0, 23.0, 17.0, 19.0, 25.0, 38.0, 16.0, 19.0, 34.0, 12.0, 11.0, 13.0, 18.0, 11.0, 24.0, 12.0, 21.0, 23.0, 33.0, 22.0, 13.0, 18.0, 71.0, 39.0, 16.0, 12.0, 17.0, 17.0, 19.0, 18.0, 18.0, 15.0, 17.0, 28.0, 13.0, 37.0, 51.0, 22.0, 19.0, 16.0, 23.0, 27.0, 16.0, 15.0, 21.0, 14.0, 12.0, 52.0, 18.0, 27.0, 33.0, 31.0, 24.0, 20.0, 11.0, 88.0, 23.0, 43.0, 33.0, 26.0, 35.0, 14.0, 33.0, 24.0, 24.0, 9.0, 18.0, 12.0, 9.0, 13.0, 25.0, 14.0, 75.0, 17.0, 13.0, 22.0, 20.0, 19.0, 17.0, 26.0, 28.0, 17.0, 13.0, 12.0, 20.0, 11.0, 39.0, 12.0, 24.0, 23.0, 15.0, 21.0, 19.0, 15.0, 11.0, 35.0, 38.0, 25.0, 27.0, 65.0, 20.0, 15.0, 14.0, 42.0, 13.0, 14.0, 29.0, 10.0, 20.0, 15.0, 17.0, 23.0, 28.0, 15.0, 50.0, 35.0, 19.0, 12.0, 13.0, 16.0, 11.0, 15.0, 10.0, 23.0, 19.0, 24.0, 12.0, 19.0, 18.0, 8.0, 19.0, 17.0, 14.0, 9.0, 22.0, 24.0, 23.0, 27.0, 14.0, 16.0, 23.0, 31.0, 23.0, 21.0, 11.0, 12.0, 19.0, 13.0, 10.0, 18.0, 12.0, 20.0, 24.0, 28.0, 15.0, 9.0, 17.0, 26.0, 43.0, 9.0, 12.0, 17.0], "episode_lengths": [15, 18, 59, 11, 27, 12, 16, 14, 56, 32, 23, 12, 21, 11, 16, 28, 15, 12, 21, 18, 13, 10, 10, 12, 23, 17, 19, 25, 38, 16, 19, 34, 12, 11, 13, 18, 11, 24, 12, 21, 23, 33, 22, 13, 18, 71, 39, 16, 12, 17, 17, 19, 18, 18, 15, 17, 28, 13, 37, 51, 22, 19, 16, 23, 27, 16, 15, 21, 14, 12, 52, 18, 27, 33, 31, 24, 20, 11, 88, 23, 43, 33, 26, 35, 14, 33, 24, 24, 9, 18, 12, 9, 13, 25, 14, 75, 17, 13, 22, 20, 19, 17, 26, 28, 17, 13, 12, 20, 11, 39, 12, 24, 23, 15, 21, 19, 15, 11, 35, 38, 25, 27, 65, 20, 15, 14, 42, 13, 14, 29, 10, 20, 15, 17, 23, 28, 15, 50, 35, 19, 12, 13, 16, 11, 15, 10, 23, 19, 24, 12, 19, 18, 8, 19, 17, 14, 9, 22, 24, 23, 27, 14, 16, 23, 31, 23, 21, 11, 12, 19, 13, 10, 18, 12, 20, 24, 28, 15, 9, 17, 26, 43, 9, 12, 17]}, "sampler_perf": {"mean_env_wait_ms": 0.07158289906740845, "mean_processing_ms": 0.18297294115191903, "mean_inference_ms": 0.7486812355100618}, "off_policy_estimator": {}, "num_healthy_workers": 1, "timesteps_total": 4000, "timers": {"sample_time_ms": 4983.729, "sample_throughput": 802.612, "load_time_ms": 45.12, "load_throughput": 88652.949, "learn_time_ms": 3830.915, "learn_throughput": 1044.137, "update_time_ms": 2.286}, "info": {"learner": {"default_policy": {"cur_kl_coeff": 0.20000000298023224, "cur_lr": 9.999999747378752e-05, "total_loss": 90.76041412353516, "policy_loss": -0.04231354221701622, "vf_loss": 90.79684448242188, "vf_explained_var": 0.23032574355602264, "kl": 0.029445357620716095, "entropy": 0.6648951172828674, "entropy_coeff": 0.0, "model": {}}}, "num_steps_sampled": 4000, "num_steps_trained": 4000}, "done": true, "episodes_total": 185, "training_iteration": 1, "experiment_id": "635cae5f77e247d188ee7abfc2e02f2e", "date": "2020-08-18_18-26-29", "timestamp": 1597775189, "time_this_iter_s": 8.997799396514893, "time_total_s": 8.997799396514893, "pid": 16740, "hostname": "terminator-1000", "node_ip": "10.168.0.7", "config": {"num_workers": 1, "num_envs_per_worker": 1, "rollout_fragment_length": 200, "sample_batch_size": -1, "batch_mode": "truncate_episodes", "num_gpus": 0, "train_batch_size": 4000, "model": {"conv_filters": null, "conv_activation": "relu", "fcnet_activation": "tanh", "fcnet_hiddens": [256, 256], "free_log_std": false, "no_final_linear": false, "vf_share_layers": true, "use_lstm": false, "max_seq_len": 20, "lstm_cell_size": 256, "lstm_use_prev_action_reward": false, "state_shape": null, "framestack": true, "dim": 84, "grayscale": false, "zero_mean": true, "custom_model": null, "custom_model_config": {}, "custom_action_dist": null, "custom_preprocessor": null, "custom_options": -1}, "optimizer": {}, "gamma": 0.99, "horizon": null, "soft_horizon": false, "no_done_at_end": false, "env_config": {}, "env": "CartPole-v0", "normalize_actions": false, "clip_rewards": null, "clip_actions": true, "preprocessor_pref": "deepmind", "lr": 0.0001, "monitor": false, "log_level": "WARN", "callbacks": "<class 'ray.rllib.agents.callbacks.DefaultCallbacks'>", "ignore_worker_failures": false, "log_sys_usage": true, "fake_sampler": false, "framework": "tf", "eager_tracing": false, "no_eager_on_workers": false, "explore": true, "exploration_config": {"type": "StochasticSampling"}, "evaluation_interval": null, "evaluation_num_episodes": 10, "in_evaluation": false, "evaluation_config": {}, "evaluation_num_workers": 0, "custom_eval_function": null, "sample_async": false, "observation_filter": "NoFilter", "synchronize_filters": true, "tf_session_args": {"intra_op_parallelism_threads": 2, "inter_op_parallelism_threads": 2, "gpu_options": {"allow_growth": true}, "log_device_placement": false, "device_count": {"CPU": 1}, "allow_soft_placement": true}, "local_tf_session_args": {"intra_op_parallelism_threads": 8, "inter_op_parallelism_threads": 8}, "compress_observations": false, "collect_metrics_timeout": 180, "metrics_smoothing_episodes": 100, "remote_worker_envs": false, "remote_env_batch_wait_ms": 0, "min_iter_time_s": 0, "timesteps_per_iteration": 0, "seed": null, "extra_python_environs_for_driver": {}, "extra_python_environs_for_worker": {}, "num_cpus_per_worker": 1, "num_gpus_per_worker": 0, "custom_resources_per_worker": {}, "num_cpus_for_driver": 1, "memory": 0, "object_store_memory": 0, "memory_per_worker": 0, "object_store_memory_per_worker": 0, "input": "sampler", "input_evaluation": ["is", "wis"], "postprocess_inputs": false, "shuffle_buffer_size": 0, "output": null, "output_compress_columns": ["obs", "new_obs"], "output_max_file_size": 67108864, "multiagent": {"policies": {}, "policy_mapping_fn": null, "policies_to_train": null, "observation_fn": null}, "use_pytorch": -1, "use_critic": true, "use_gae": true, "lambda": 1.0, "kl_coeff": 0.2, "sgd_minibatch_size": 128, "shuffle_sequences": true, "num_sgd_iter": 30, "lr_schedule": null, "vf_share_layers": false, "vf_loss_coeff": 1.0, "entropy_coeff": 0.0, "entropy_coeff_schedule": null, "clip_param": 0.3, "vf_clip_param": 10.0, "grad_clip": null, "kl_target": 0.01, "simple_optimizer": false, "_fake_gpus": false}, "time_since_restore": 8.997799396514893, "timesteps_since_restore": 0, "iterations_since_restore": 1, "perf": {"cpu_util_percent": 36.23076923076923, "ram_util_percent": 3.530769230769231}, "trial_id": "4d856_00002", "experiment_tag": "2_lr=0.0001"}
