{"episode_reward_max": 66.0, "episode_reward_min": 9.0, "episode_reward_mean": 20.99473684210526, "episode_len_mean": 20.99473684210526, "episodes_this_iter": 190, "policy_reward_min": {}, "policy_reward_max": {}, "policy_reward_mean": {}, "custom_metrics": {}, "hist_stats": {"episode_reward": [40.0, 14.0, 21.0, 25.0, 13.0, 25.0, 14.0, 12.0, 13.0, 12.0, 22.0, 12.0, 16.0, 14.0, 23.0, 9.0, 26.0, 19.0, 23.0, 21.0, 27.0, 37.0, 35.0, 10.0, 18.0, 13.0, 19.0, 14.0, 25.0, 43.0, 12.0, 14.0, 14.0, 12.0, 44.0, 18.0, 12.0, 23.0, 25.0, 9.0, 11.0, 19.0, 14.0, 19.0, 11.0, 44.0, 12.0, 17.0, 16.0, 21.0, 11.0, 26.0, 15.0, 13.0, 18.0, 25.0, 19.0, 17.0, 28.0, 10.0, 22.0, 12.0, 24.0, 13.0, 31.0, 13.0, 12.0, 21.0, 28.0, 32.0, 51.0, 66.0, 26.0, 11.0, 17.0, 16.0, 44.0, 12.0, 42.0, 20.0, 10.0, 18.0, 36.0, 16.0, 29.0, 11.0, 11.0, 29.0, 15.0, 15.0, 19.0, 40.0, 54.0, 13.0, 18.0, 14.0, 17.0, 43.0, 23.0, 18.0, 22.0, 32.0, 10.0, 40.0, 13.0, 18.0, 40.0, 21.0, 18.0, 17.0, 14.0, 14.0, 14.0, 14.0, 28.0, 38.0, 15.0, 12.0, 39.0, 15.0, 30.0, 15.0, 18.0, 14.0, 26.0, 14.0, 29.0, 14.0, 20.0, 31.0, 15.0, 10.0, 45.0, 23.0, 20.0, 14.0, 18.0, 18.0, 13.0, 33.0, 15.0, 10.0, 10.0, 14.0, 16.0, 19.0, 19.0, 13.0, 20.0, 42.0, 11.0, 25.0, 19.0, 19.0, 29.0, 20.0, 15.0, 13.0, 44.0, 13.0, 21.0, 32.0, 18.0, 30.0, 26.0, 16.0, 15.0, 16.0, 20.0, 11.0, 36.0, 15.0, 18.0, 15.0, 26.0, 24.0, 11.0, 28.0, 10.0, 17.0, 16.0, 12.0, 27.0, 21.0, 28.0, 32.0, 18.0, 24.0, 17.0, 23.0], "episode_lengths": [40, 14, 21, 25, 13, 25, 14, 12, 13, 12, 22, 12, 16, 14, 23, 9, 26, 19, 23, 21, 27, 37, 35, 10, 18, 13, 19, 14, 25, 43, 12, 14, 14, 12, 44, 18, 12, 23, 25, 9, 11, 19, 14, 19, 11, 44, 12, 17, 16, 21, 11, 26, 15, 13, 18, 25, 19, 17, 28, 10, 22, 12, 24, 13, 31, 13, 12, 21, 28, 32, 51, 66, 26, 11, 17, 16, 44, 12, 42, 20, 10, 18, 36, 16, 29, 11, 11, 29, 15, 15, 19, 40, 54, 13, 18, 14, 17, 43, 23, 18, 22, 32, 10, 40, 13, 18, 40, 21, 18, 17, 14, 14, 14, 14, 28, 38, 15, 12, 39, 15, 30, 15, 18, 14, 26, 14, 29, 14, 20, 31, 15, 10, 45, 23, 20, 14, 18, 18, 13, 33, 15, 10, 10, 14, 16, 19, 19, 13, 20, 42, 11, 25, 19, 19, 29, 20, 15, 13, 44, 13, 21, 32, 18, 30, 26, 16, 15, 16, 20, 11, 36, 15, 18, 15, 26, 24, 11, 28, 10, 17, 16, 12, 27, 21, 28, 32, 18, 24, 17, 23]}, "sampler_perf": {"mean_env_wait_ms": 0.0719651672965853, "mean_processing_ms": 0.18800213705805122, "mean_inference_ms": 0.7567008832966319}, "off_policy_estimator": {}, "num_healthy_workers": 1, "timesteps_total": 4000, "timers": {"sample_time_ms": 4998.641, "sample_throughput": 800.218, "load_time_ms": 49.36, "load_throughput": 81037.217, "learn_time_ms": 3986.677, "learn_throughput": 1003.342, "update_time_ms": 2.255}, "info": {"learner": {"default_policy": {"cur_kl_coeff": 0.20000000298023224, "cur_lr": 0.009999999776482582, "total_loss": 57.907718658447266, "policy_loss": -0.04174621403217316, "vf_loss": 57.94306564331055, "vf_explained_var": 0.34431591629981995, "kl": 0.031995952129364014, "entropy": 0.661719799041748, "entropy_coeff": 0.0, "model": {}}}, "num_steps_sampled": 4000, "num_steps_trained": 4000}, "done": true, "episodes_total": 190, "training_iteration": 1, "experiment_id": "92d23007360a42b7ac8935d0e660c508", "date": "2020-08-18_17-25-09", "timestamp": 1597771509, "time_this_iter_s": 9.165536642074585, "time_total_s": 9.165536642074585, "pid": 12203, "hostname": "terminator-1000", "node_ip": "10.168.0.7", "config": {"num_workers": 1, "num_envs_per_worker": 1, "rollout_fragment_length": 200, "sample_batch_size": -1, "batch_mode": "truncate_episodes", "num_gpus": 0, "train_batch_size": 4000, "model": {"conv_filters": null, "conv_activation": "relu", "fcnet_activation": "tanh", "fcnet_hiddens": [256, 256], "free_log_std": false, "no_final_linear": false, "vf_share_layers": true, "use_lstm": false, "max_seq_len": 20, "lstm_cell_size": 256, "lstm_use_prev_action_reward": false, "state_shape": null, "framestack": true, "dim": 84, "grayscale": false, "zero_mean": true, "custom_model": null, "custom_model_config": {}, "custom_action_dist": null, "custom_preprocessor": null, "custom_options": -1}, "optimizer": {}, "gamma": 0.99, "horizon": null, "soft_horizon": false, "no_done_at_end": false, "env_config": {}, "env": "CartPole-v0", "normalize_actions": false, "clip_rewards": null, "clip_actions": true, "preprocessor_pref": "deepmind", "lr": 0.01, "monitor": false, "log_level": "WARN", "callbacks": "<class 'ray.rllib.agents.callbacks.DefaultCallbacks'>", "ignore_worker_failures": false, "log_sys_usage": true, "fake_sampler": false, "framework": "tf", "eager_tracing": false, "no_eager_on_workers": false, "explore": true, "exploration_config": {"type": "StochasticSampling"}, "evaluation_interval": null, "evaluation_num_episodes": 10, "in_evaluation": false, "evaluation_config": {}, "evaluation_num_workers": 0, "custom_eval_function": null, "sample_async": false, "observation_filter": "NoFilter", "synchronize_filters": true, "tf_session_args": {"intra_op_parallelism_threads": 2, "inter_op_parallelism_threads": 2, "gpu_options": {"allow_growth": true}, "log_device_placement": false, "device_count": {"CPU": 1}, "allow_soft_placement": true}, "local_tf_session_args": {"intra_op_parallelism_threads": 8, "inter_op_parallelism_threads": 8}, "compress_observations": false, "collect_metrics_timeout": 180, "metrics_smoothing_episodes": 100, "remote_worker_envs": false, "remote_env_batch_wait_ms": 0, "min_iter_time_s": 0, "timesteps_per_iteration": 0, "seed": null, "extra_python_environs_for_driver": {}, "extra_python_environs_for_worker": {}, "num_cpus_per_worker": 1, "num_gpus_per_worker": 0, "custom_resources_per_worker": {}, "num_cpus_for_driver": 1, "memory": 0, "object_store_memory": 0, "memory_per_worker": 0, "object_store_memory_per_worker": 0, "input": "sampler", "input_evaluation": ["is", "wis"], "postprocess_inputs": false, "shuffle_buffer_size": 0, "output": null, "output_compress_columns": ["obs", "new_obs"], "output_max_file_size": 67108864, "multiagent": {"policies": {}, "policy_mapping_fn": null, "policies_to_train": null, "observation_fn": null}, "use_pytorch": -1, "use_critic": true, "use_gae": true, "lambda": 1.0, "kl_coeff": 0.2, "sgd_minibatch_size": 128, "shuffle_sequences": true, "num_sgd_iter": 30, "lr_schedule": null, "vf_share_layers": false, "vf_loss_coeff": 1.0, "entropy_coeff": 0.0, "entropy_coeff_schedule": null, "clip_param": 0.3, "vf_clip_param": 10.0, "grad_clip": null, "kl_target": 0.01, "simple_optimizer": false, "_fake_gpus": false}, "time_since_restore": 9.165536642074585, "timesteps_since_restore": 0, "iterations_since_restore": 1, "perf": {"cpu_util_percent": 38.300000000000004, "ram_util_percent": 3.528571428571429}, "trial_id": "bbf33_00000", "experiment_tag": "0_lr=0.01"}
