{"episode_reward_max": 72.0, "episode_reward_min": 8.0, "episode_reward_mean": 21.83606557377049, "episode_len_mean": 21.83606557377049, "episodes_this_iter": 183, "policy_reward_min": {}, "policy_reward_max": {}, "policy_reward_mean": {}, "custom_metrics": {}, "hist_stats": {"episode_reward": [12.0, 16.0, 16.0, 13.0, 41.0, 23.0, 11.0, 21.0, 12.0, 18.0, 30.0, 13.0, 26.0, 12.0, 36.0, 15.0, 13.0, 30.0, 34.0, 21.0, 17.0, 14.0, 22.0, 21.0, 11.0, 30.0, 41.0, 18.0, 35.0, 15.0, 28.0, 16.0, 30.0, 28.0, 12.0, 11.0, 14.0, 57.0, 14.0, 15.0, 31.0, 10.0, 11.0, 11.0, 20.0, 11.0, 9.0, 13.0, 12.0, 21.0, 15.0, 10.0, 49.0, 28.0, 21.0, 18.0, 11.0, 17.0, 18.0, 11.0, 28.0, 40.0, 25.0, 37.0, 11.0, 14.0, 21.0, 38.0, 42.0, 25.0, 17.0, 12.0, 32.0, 16.0, 11.0, 22.0, 31.0, 21.0, 22.0, 11.0, 18.0, 22.0, 11.0, 14.0, 28.0, 24.0, 48.0, 12.0, 17.0, 25.0, 33.0, 13.0, 19.0, 23.0, 27.0, 11.0, 13.0, 20.0, 14.0, 19.0, 13.0, 15.0, 14.0, 29.0, 23.0, 50.0, 10.0, 15.0, 14.0, 12.0, 14.0, 9.0, 13.0, 20.0, 11.0, 72.0, 27.0, 20.0, 17.0, 15.0, 14.0, 24.0, 21.0, 37.0, 57.0, 66.0, 25.0, 11.0, 23.0, 15.0, 32.0, 33.0, 19.0, 37.0, 19.0, 41.0, 23.0, 12.0, 19.0, 40.0, 16.0, 14.0, 21.0, 15.0, 15.0, 14.0, 25.0, 27.0, 17.0, 48.0, 17.0, 16.0, 12.0, 22.0, 8.0, 14.0, 46.0, 18.0, 14.0, 48.0, 27.0, 17.0, 9.0, 38.0, 32.0, 17.0, 34.0, 36.0, 14.0, 16.0, 28.0, 18.0, 13.0, 21.0, 24.0, 14.0, 22.0, 26.0, 15.0, 14.0, 15.0, 19.0, 23.0], "episode_lengths": [12, 16, 16, 13, 41, 23, 11, 21, 12, 18, 30, 13, 26, 12, 36, 15, 13, 30, 34, 21, 17, 14, 22, 21, 11, 30, 41, 18, 35, 15, 28, 16, 30, 28, 12, 11, 14, 57, 14, 15, 31, 10, 11, 11, 20, 11, 9, 13, 12, 21, 15, 10, 49, 28, 21, 18, 11, 17, 18, 11, 28, 40, 25, 37, 11, 14, 21, 38, 42, 25, 17, 12, 32, 16, 11, 22, 31, 21, 22, 11, 18, 22, 11, 14, 28, 24, 48, 12, 17, 25, 33, 13, 19, 23, 27, 11, 13, 20, 14, 19, 13, 15, 14, 29, 23, 50, 10, 15, 14, 12, 14, 9, 13, 20, 11, 72, 27, 20, 17, 15, 14, 24, 21, 37, 57, 66, 25, 11, 23, 15, 32, 33, 19, 37, 19, 41, 23, 12, 19, 40, 16, 14, 21, 15, 15, 14, 25, 27, 17, 48, 17, 16, 12, 22, 8, 14, 46, 18, 14, 48, 27, 17, 9, 38, 32, 17, 34, 36, 14, 16, 28, 18, 13, 21, 24, 14, 22, 26, 15, 14, 15, 19, 23]}, "sampler_perf": {"mean_env_wait_ms": 0.07126290212420038, "mean_processing_ms": 0.17952907088398193, "mean_inference_ms": 0.7498069454270343}, "off_policy_estimator": {}, "num_healthy_workers": 1, "timesteps_total": 4000, "timers": {"sample_time_ms": 4956.888, "sample_throughput": 806.958, "load_time_ms": 47.101, "load_throughput": 84922.99, "learn_time_ms": 3936.516, "learn_throughput": 1016.127, "update_time_ms": 2.05}, "info": {"learner": {"default_policy": {"cur_kl_coeff": 0.20000000298023224, "cur_lr": 9.999999747378752e-05, "total_loss": 68.54662322998047, "policy_loss": -0.04604080691933632, "vf_loss": 68.58577728271484, "vf_explained_var": 0.2648802399635315, "kl": 0.03439851850271225, "entropy": 0.6595356464385986, "entropy_coeff": 0.0, "model": {}}}, "num_steps_sampled": 4000, "num_steps_trained": 4000}, "done": true, "episodes_total": 183, "training_iteration": 1, "experiment_id": "10c505ad7e74411b86e1df905e481030", "date": "2020-08-18_17-13-00", "timestamp": 1597770780, "time_this_iter_s": 9.06979489326477, "time_total_s": 9.06979489326477, "pid": 11000, "hostname": "terminator-1000", "node_ip": "10.168.0.7", "config": {"num_workers": 1, "num_envs_per_worker": 1, "rollout_fragment_length": 200, "sample_batch_size": -1, "batch_mode": "truncate_episodes", "num_gpus": 0, "train_batch_size": 4000, "model": {"conv_filters": null, "conv_activation": "relu", "fcnet_activation": "tanh", "fcnet_hiddens": [256, 256], "free_log_std": false, "no_final_linear": false, "vf_share_layers": true, "use_lstm": false, "max_seq_len": 20, "lstm_cell_size": 256, "lstm_use_prev_action_reward": false, "state_shape": null, "framestack": true, "dim": 84, "grayscale": false, "zero_mean": true, "custom_model": null, "custom_model_config": {}, "custom_action_dist": null, "custom_preprocessor": null, "custom_options": -1}, "optimizer": {}, "gamma": 0.99, "horizon": null, "soft_horizon": false, "no_done_at_end": false, "env_config": {}, "env": "CartPole-v0", "normalize_actions": false, "clip_rewards": null, "clip_actions": true, "preprocessor_pref": "deepmind", "lr": 0.0001, "monitor": false, "log_level": "WARN", "callbacks": "<class 'ray.rllib.agents.callbacks.DefaultCallbacks'>", "ignore_worker_failures": false, "log_sys_usage": true, "fake_sampler": false, "framework": "tf", "eager_tracing": false, "no_eager_on_workers": false, "explore": true, "exploration_config": {"type": "StochasticSampling"}, "evaluation_interval": null, "evaluation_num_episodes": 10, "in_evaluation": false, "evaluation_config": {}, "evaluation_num_workers": 0, "custom_eval_function": null, "sample_async": false, "observation_filter": "NoFilter", "synchronize_filters": true, "tf_session_args": {"intra_op_parallelism_threads": 2, "inter_op_parallelism_threads": 2, "gpu_options": {"allow_growth": true}, "log_device_placement": false, "device_count": {"CPU": 1}, "allow_soft_placement": true}, "local_tf_session_args": {"intra_op_parallelism_threads": 8, "inter_op_parallelism_threads": 8}, "compress_observations": false, "collect_metrics_timeout": 180, "metrics_smoothing_episodes": 100, "remote_worker_envs": false, "remote_env_batch_wait_ms": 0, "min_iter_time_s": 0, "timesteps_per_iteration": 0, "seed": null, "extra_python_environs_for_driver": {}, "extra_python_environs_for_worker": {}, "num_cpus_per_worker": 1, "num_gpus_per_worker": 0, "custom_resources_per_worker": {}, "num_cpus_for_driver": 1, "memory": 0, "object_store_memory": 0, "memory_per_worker": 0, "object_store_memory_per_worker": 0, "input": "sampler", "input_evaluation": ["is", "wis"], "postprocess_inputs": false, "shuffle_buffer_size": 0, "output": null, "output_compress_columns": ["obs", "new_obs"], "output_max_file_size": 67108864, "multiagent": {"policies": {}, "policy_mapping_fn": null, "policies_to_train": null, "observation_fn": null}, "use_pytorch": -1, "use_critic": true, "use_gae": true, "lambda": 1.0, "kl_coeff": 0.2, "sgd_minibatch_size": 128, "shuffle_sequences": true, "num_sgd_iter": 30, "lr_schedule": null, "vf_share_layers": false, "vf_loss_coeff": 1.0, "entropy_coeff": 0.0, "entropy_coeff_schedule": null, "clip_param": 0.3, "vf_clip_param": 10.0, "grad_clip": null, "kl_target": 0.01, "simple_optimizer": false, "_fake_gpus": false}, "time_since_restore": 9.06979489326477, "timesteps_since_restore": 0, "iterations_since_restore": 1, "perf": {"cpu_util_percent": 36.45384615384615, "ram_util_percent": 3.5153846153846158}, "trial_id": "09303_00002", "experiment_tag": "2_lr=0.0001"}
