{"episode_reward_max": 98.0, "episode_reward_min": 9.0, "episode_reward_mean": 22.08839779005525, "episode_len_mean": 22.08839779005525, "episodes_this_iter": 181, "policy_reward_min": {}, "policy_reward_max": {}, "policy_reward_mean": {}, "custom_metrics": {}, "hist_stats": {"episode_reward": [9.0, 11.0, 14.0, 16.0, 14.0, 16.0, 12.0, 27.0, 22.0, 29.0, 26.0, 24.0, 13.0, 17.0, 31.0, 21.0, 16.0, 19.0, 17.0, 38.0, 15.0, 22.0, 22.0, 16.0, 28.0, 98.0, 20.0, 17.0, 12.0, 15.0, 15.0, 13.0, 12.0, 27.0, 12.0, 15.0, 12.0, 22.0, 17.0, 19.0, 25.0, 16.0, 18.0, 20.0, 14.0, 20.0, 21.0, 19.0, 21.0, 40.0, 45.0, 21.0, 14.0, 10.0, 12.0, 28.0, 12.0, 12.0, 27.0, 10.0, 17.0, 38.0, 30.0, 19.0, 38.0, 26.0, 21.0, 52.0, 26.0, 15.0, 10.0, 10.0, 43.0, 30.0, 13.0, 22.0, 14.0, 46.0, 17.0, 13.0, 32.0, 21.0, 15.0, 18.0, 18.0, 16.0, 32.0, 29.0, 34.0, 15.0, 20.0, 60.0, 12.0, 14.0, 29.0, 20.0, 15.0, 16.0, 20.0, 11.0, 19.0, 48.0, 21.0, 25.0, 11.0, 11.0, 20.0, 28.0, 14.0, 10.0, 35.0, 27.0, 39.0, 26.0, 29.0, 13.0, 23.0, 18.0, 12.0, 19.0, 18.0, 18.0, 15.0, 9.0, 11.0, 23.0, 13.0, 13.0, 17.0, 20.0, 87.0, 16.0, 18.0, 16.0, 30.0, 13.0, 44.0, 15.0, 24.0, 13.0, 35.0, 30.0, 28.0, 20.0, 19.0, 14.0, 20.0, 52.0, 12.0, 26.0, 30.0, 22.0, 13.0, 17.0, 25.0, 66.0, 11.0, 20.0, 20.0, 11.0, 10.0, 77.0, 11.0, 45.0, 12.0, 11.0, 14.0, 17.0, 14.0, 12.0, 25.0, 18.0, 24.0, 29.0, 9.0, 16.0, 19.0, 29.0, 26.0, 19.0, 16.0], "episode_lengths": [9, 11, 14, 16, 14, 16, 12, 27, 22, 29, 26, 24, 13, 17, 31, 21, 16, 19, 17, 38, 15, 22, 22, 16, 28, 98, 20, 17, 12, 15, 15, 13, 12, 27, 12, 15, 12, 22, 17, 19, 25, 16, 18, 20, 14, 20, 21, 19, 21, 40, 45, 21, 14, 10, 12, 28, 12, 12, 27, 10, 17, 38, 30, 19, 38, 26, 21, 52, 26, 15, 10, 10, 43, 30, 13, 22, 14, 46, 17, 13, 32, 21, 15, 18, 18, 16, 32, 29, 34, 15, 20, 60, 12, 14, 29, 20, 15, 16, 20, 11, 19, 48, 21, 25, 11, 11, 20, 28, 14, 10, 35, 27, 39, 26, 29, 13, 23, 18, 12, 19, 18, 18, 15, 9, 11, 23, 13, 13, 17, 20, 87, 16, 18, 16, 30, 13, 44, 15, 24, 13, 35, 30, 28, 20, 19, 14, 20, 52, 12, 26, 30, 22, 13, 17, 25, 66, 11, 20, 20, 11, 10, 77, 11, 45, 12, 11, 14, 17, 14, 12, 25, 18, 24, 29, 9, 16, 19, 29, 26, 19, 16]}, "sampler_perf": {"mean_env_wait_ms": 0.07198215037457678, "mean_processing_ms": 0.18194138303574128, "mean_inference_ms": 0.7577097377190736}, "off_policy_estimator": {}, "num_healthy_workers": 1, "timesteps_total": 4000, "timers": {"sample_time_ms": 5090.928, "sample_throughput": 785.711, "load_time_ms": 51.034, "load_throughput": 78378.794, "learn_time_ms": 3985.027, "learn_throughput": 1003.757, "update_time_ms": 3.096}, "info": {"learner": {"default_policy": {"cur_kl_coeff": 0.20000000298023224, "cur_lr": 0.0010000000474974513, "total_loss": 92.40303039550781, "policy_loss": -0.05209930241107941, "vf_loss": 92.44718170166016, "vf_explained_var": 0.2351321429014206, "kl": 0.03971708193421364, "entropy": 0.654823362827301, "entropy_coeff": 0.0, "model": {}}}, "num_steps_sampled": 4000, "num_steps_trained": 4000}, "done": true, "episodes_total": 181, "training_iteration": 1, "experiment_id": "71bf74fc06c54bfab1807c1a1eb5bcec", "date": "2020-08-18_17-05-46", "timestamp": 1597770346, "time_this_iter_s": 9.26378607749939, "time_total_s": 9.26378607749939, "pid": 8594, "hostname": "terminator-1000", "node_ip": "10.168.0.7", "config": {"num_workers": 1, "num_envs_per_worker": 1, "rollout_fragment_length": 200, "sample_batch_size": -1, "batch_mode": "truncate_episodes", "num_gpus": 0, "train_batch_size": 4000, "model": {"conv_filters": null, "conv_activation": "relu", "fcnet_activation": "tanh", "fcnet_hiddens": [256, 256], "free_log_std": false, "no_final_linear": false, "vf_share_layers": true, "use_lstm": false, "max_seq_len": 20, "lstm_cell_size": 256, "lstm_use_prev_action_reward": false, "state_shape": null, "framestack": true, "dim": 84, "grayscale": false, "zero_mean": true, "custom_model": null, "custom_model_config": {}, "custom_action_dist": null, "custom_preprocessor": null, "custom_options": -1}, "optimizer": {}, "gamma": 0.99, "horizon": null, "soft_horizon": false, "no_done_at_end": false, "env_config": {}, "env": "CartPole-v0", "normalize_actions": false, "clip_rewards": null, "clip_actions": true, "preprocessor_pref": "deepmind", "lr": 0.001, "monitor": false, "log_level": "WARN", "callbacks": "<class 'ray.rllib.agents.callbacks.DefaultCallbacks'>", "ignore_worker_failures": false, "log_sys_usage": true, "fake_sampler": false, "framework": "tf", "eager_tracing": false, "no_eager_on_workers": false, "explore": true, "exploration_config": {"type": "StochasticSampling"}, "evaluation_interval": null, "evaluation_num_episodes": 10, "in_evaluation": false, "evaluation_config": {}, "evaluation_num_workers": 0, "custom_eval_function": null, "sample_async": false, "observation_filter": "NoFilter", "synchronize_filters": true, "tf_session_args": {"intra_op_parallelism_threads": 2, "inter_op_parallelism_threads": 2, "gpu_options": {"allow_growth": true}, "log_device_placement": false, "device_count": {"CPU": 1}, "allow_soft_placement": true}, "local_tf_session_args": {"intra_op_parallelism_threads": 8, "inter_op_parallelism_threads": 8}, "compress_observations": false, "collect_metrics_timeout": 180, "metrics_smoothing_episodes": 100, "remote_worker_envs": false, "remote_env_batch_wait_ms": 0, "min_iter_time_s": 0, "timesteps_per_iteration": 0, "seed": null, "extra_python_environs_for_driver": {}, "extra_python_environs_for_worker": {}, "num_cpus_per_worker": 1, "num_gpus_per_worker": 0, "custom_resources_per_worker": {}, "num_cpus_for_driver": 1, "memory": 0, "object_store_memory": 0, "memory_per_worker": 0, "object_store_memory_per_worker": 0, "input": "sampler", "input_evaluation": ["is", "wis"], "postprocess_inputs": false, "shuffle_buffer_size": 0, "output": null, "output_compress_columns": ["obs", "new_obs"], "output_max_file_size": 67108864, "multiagent": {"policies": {}, "policy_mapping_fn": null, "policies_to_train": null, "observation_fn": null}, "use_pytorch": -1, "use_critic": true, "use_gae": true, "lambda": 1.0, "kl_coeff": 0.2, "sgd_minibatch_size": 128, "shuffle_sequences": true, "num_sgd_iter": 30, "lr_schedule": null, "vf_share_layers": false, "vf_loss_coeff": 1.0, "entropy_coeff": 0.0, "entropy_coeff_schedule": null, "clip_param": 0.3, "vf_clip_param": 10.0, "grad_clip": null, "kl_target": 0.01, "simple_optimizer": false, "_fake_gpus": false}, "time_since_restore": 9.26378607749939, "timesteps_since_restore": 0, "iterations_since_restore": 1, "perf": {"cpu_util_percent": 37.25714285714286, "ram_util_percent": 3.492857142857143}, "trial_id": "066fb_00001", "experiment_tag": "1_lr=0.001"}
