{"episode_reward_max": 72.0, "episode_reward_min": 9.0, "episode_reward_mean": 22.312849162011172, "episode_len_mean": 22.312849162011172, "episodes_this_iter": 179, "policy_reward_min": {}, "policy_reward_max": {}, "policy_reward_mean": {}, "custom_metrics": {}, "hist_stats": {"episode_reward": [10.0, 13.0, 19.0, 22.0, 16.0, 12.0, 10.0, 12.0, 19.0, 22.0, 32.0, 14.0, 27.0, 16.0, 19.0, 17.0, 21.0, 22.0, 33.0, 21.0, 19.0, 17.0, 15.0, 20.0, 43.0, 13.0, 14.0, 21.0, 16.0, 26.0, 31.0, 20.0, 12.0, 15.0, 18.0, 24.0, 14.0, 16.0, 22.0, 19.0, 17.0, 14.0, 32.0, 13.0, 12.0, 32.0, 13.0, 63.0, 49.0, 9.0, 57.0, 10.0, 29.0, 17.0, 14.0, 11.0, 12.0, 15.0, 26.0, 15.0, 12.0, 26.0, 13.0, 9.0, 16.0, 19.0, 29.0, 26.0, 12.0, 17.0, 23.0, 14.0, 17.0, 26.0, 26.0, 20.0, 14.0, 20.0, 15.0, 11.0, 40.0, 19.0, 46.0, 16.0, 26.0, 26.0, 15.0, 11.0, 24.0, 12.0, 19.0, 21.0, 21.0, 48.0, 21.0, 57.0, 36.0, 21.0, 18.0, 21.0, 14.0, 12.0, 15.0, 72.0, 12.0, 19.0, 10.0, 21.0, 9.0, 23.0, 25.0, 12.0, 11.0, 11.0, 13.0, 15.0, 17.0, 14.0, 16.0, 24.0, 52.0, 27.0, 25.0, 20.0, 69.0, 16.0, 30.0, 24.0, 44.0, 15.0, 15.0, 56.0, 40.0, 14.0, 25.0, 10.0, 21.0, 29.0, 17.0, 21.0, 14.0, 13.0, 33.0, 27.0, 25.0, 15.0, 30.0, 29.0, 56.0, 17.0, 26.0, 17.0, 11.0, 34.0, 20.0, 25.0, 13.0, 31.0, 12.0, 41.0, 12.0, 12.0, 22.0, 30.0, 34.0, 16.0, 13.0, 22.0, 24.0, 19.0, 54.0, 34.0, 20.0, 28.0, 14.0, 33.0, 15.0, 31.0, 22.0], "episode_lengths": [10, 13, 19, 22, 16, 12, 10, 12, 19, 22, 32, 14, 27, 16, 19, 17, 21, 22, 33, 21, 19, 17, 15, 20, 43, 13, 14, 21, 16, 26, 31, 20, 12, 15, 18, 24, 14, 16, 22, 19, 17, 14, 32, 13, 12, 32, 13, 63, 49, 9, 57, 10, 29, 17, 14, 11, 12, 15, 26, 15, 12, 26, 13, 9, 16, 19, 29, 26, 12, 17, 23, 14, 17, 26, 26, 20, 14, 20, 15, 11, 40, 19, 46, 16, 26, 26, 15, 11, 24, 12, 19, 21, 21, 48, 21, 57, 36, 21, 18, 21, 14, 12, 15, 72, 12, 19, 10, 21, 9, 23, 25, 12, 11, 11, 13, 15, 17, 14, 16, 24, 52, 27, 25, 20, 69, 16, 30, 24, 44, 15, 15, 56, 40, 14, 25, 10, 21, 29, 17, 21, 14, 13, 33, 27, 25, 15, 30, 29, 56, 17, 26, 17, 11, 34, 20, 25, 13, 31, 12, 41, 12, 12, 22, 30, 34, 16, 13, 22, 24, 19, 54, 34, 20, 28, 14, 33, 15, 31, 22]}, "sampler_perf": {"mean_env_wait_ms": 0.05783631902311899, "mean_processing_ms": 0.14188438020804858, "mean_inference_ms": 0.6405263208085613}, "off_policy_estimator": {}, "num_healthy_workers": 1, "timesteps_total": 4000, "timers": {"sample_time_ms": 4571.622, "sample_throughput": 874.963, "load_time_ms": 38.89, "load_throughput": 102853.878, "learn_time_ms": 3886.874, "learn_throughput": 1029.105, "update_time_ms": 2.301}, "info": {"learner": {"default_policy": {"cur_kl_coeff": 0.20000000298023224, "cur_lr": 0.0010000000474974513, "total_loss": 79.34404754638672, "policy_loss": -0.049329355359077454, "vf_loss": 79.38621520996094, "vf_explained_var": 0.29052576422691345, "kl": 0.03582333028316498, "entropy": 0.658716082572937, "entropy_coeff": 0.0, "model": {}}}, "num_steps_sampled": 4000, "num_steps_trained": 4000}, "done": true, "episodes_total": 179, "training_iteration": 1, "experiment_id": "cc1be7c1bbd04944a760285231cd1af2", "date": "2020-08-16_04-05-09", "timestamp": 1597550709, "time_this_iter_s": 8.599684953689575, "time_total_s": 8.599684953689575, "pid": 23376, "hostname": "ntozcc-dv-mlalo-vm", "node_ip": "10.0.0.4", "config": {"num_workers": 1, "num_envs_per_worker": 1, "rollout_fragment_length": 200, "sample_batch_size": -1, "batch_mode": "truncate_episodes", "num_gpus": 0, "train_batch_size": 4000, "model": {"conv_filters": null, "conv_activation": "relu", "fcnet_activation": "tanh", "fcnet_hiddens": [256, 256], "free_log_std": false, "no_final_linear": false, "vf_share_layers": true, "use_lstm": false, "max_seq_len": 20, "lstm_cell_size": 256, "lstm_use_prev_action_reward": false, "state_shape": null, "framestack": true, "dim": 84, "grayscale": false, "zero_mean": true, "custom_model": null, "custom_model_config": {}, "custom_action_dist": null, "custom_preprocessor": null, "custom_options": -1}, "optimizer": {}, "gamma": 0.99, "horizon": null, "soft_horizon": false, "no_done_at_end": false, "env_config": {}, "env": "CartPole-v0", "normalize_actions": false, "clip_rewards": null, "clip_actions": true, "preprocessor_pref": "deepmind", "lr": 0.001, "monitor": false, "log_level": "WARN", "callbacks": "<class 'ray.rllib.agents.callbacks.DefaultCallbacks'>", "ignore_worker_failures": false, "log_sys_usage": true, "fake_sampler": false, "framework": "tf", "eager_tracing": false, "no_eager_on_workers": false, "explore": true, "exploration_config": {"type": "StochasticSampling"}, "evaluation_interval": null, "evaluation_num_episodes": 10, "in_evaluation": false, "evaluation_config": {}, "evaluation_num_workers": 0, "custom_eval_function": null, "sample_async": false, "observation_filter": "NoFilter", "synchronize_filters": true, "tf_session_args": {"intra_op_parallelism_threads": 2, "inter_op_parallelism_threads": 2, "gpu_options": {"allow_growth": true}, "log_device_placement": false, "device_count": {"CPU": 1}, "allow_soft_placement": true}, "local_tf_session_args": {"intra_op_parallelism_threads": 8, "inter_op_parallelism_threads": 8}, "compress_observations": false, "collect_metrics_timeout": 180, "metrics_smoothing_episodes": 100, "remote_worker_envs": false, "remote_env_batch_wait_ms": 0, "min_iter_time_s": 0, "timesteps_per_iteration": 0, "seed": null, "extra_python_environs_for_driver": {}, "extra_python_environs_for_worker": {}, "num_cpus_per_worker": 1, "num_gpus_per_worker": 0, "custom_resources_per_worker": {}, "num_cpus_for_driver": 1, "memory": 0, "object_store_memory": 0, "memory_per_worker": 0, "object_store_memory_per_worker": 0, "input": "sampler", "input_evaluation": ["is", "wis"], "postprocess_inputs": false, "shuffle_buffer_size": 0, "output": null, "output_compress_columns": ["obs", "new_obs"], "output_max_file_size": 67108864, "multiagent": {"policies": {}, "policy_mapping_fn": null, "policies_to_train": null, "observation_fn": null}, "use_pytorch": -1, "use_critic": true, "use_gae": true, "lambda": 1.0, "kl_coeff": 0.2, "sgd_minibatch_size": 128, "shuffle_sequences": true, "num_sgd_iter": 30, "lr_schedule": null, "vf_share_layers": false, "vf_loss_coeff": 1.0, "entropy_coeff": 0.0, "entropy_coeff_schedule": null, "clip_param": 0.3, "vf_clip_param": 10.0, "grad_clip": null, "kl_target": 0.01, "simple_optimizer": false, "_fake_gpus": false}, "time_since_restore": 8.599684953689575, "timesteps_since_restore": 0, "iterations_since_restore": 1, "perf": {"cpu_util_percent": 71.88461538461539, "ram_util_percent": 32.30000000000001}, "trial_id": "9c402_00001", "experiment_tag": "1_lr=0.001"}
