{"episode_reward_max": 61.0, "episode_reward_min": 8.0, "episode_reward_mean": 22.251396648044693, "episode_len_mean": 22.251396648044693, "episodes_this_iter": 179, "policy_reward_min": {}, "policy_reward_max": {}, "policy_reward_mean": {}, "custom_metrics": {}, "hist_stats": {"episode_reward": [9.0, 18.0, 35.0, 22.0, 37.0, 17.0, 16.0, 17.0, 19.0, 15.0, 18.0, 9.0, 16.0, 42.0, 16.0, 24.0, 28.0, 13.0, 41.0, 14.0, 16.0, 26.0, 18.0, 9.0, 23.0, 11.0, 15.0, 21.0, 28.0, 26.0, 15.0, 15.0, 18.0, 13.0, 27.0, 39.0, 12.0, 18.0, 20.0, 20.0, 48.0, 59.0, 51.0, 18.0, 43.0, 16.0, 12.0, 17.0, 25.0, 11.0, 11.0, 32.0, 15.0, 21.0, 25.0, 15.0, 10.0, 11.0, 11.0, 11.0, 8.0, 13.0, 15.0, 11.0, 22.0, 46.0, 11.0, 15.0, 17.0, 16.0, 22.0, 19.0, 32.0, 11.0, 16.0, 13.0, 35.0, 18.0, 46.0, 10.0, 11.0, 11.0, 16.0, 24.0, 39.0, 14.0, 23.0, 27.0, 21.0, 13.0, 27.0, 18.0, 21.0, 31.0, 12.0, 22.0, 10.0, 19.0, 30.0, 39.0, 26.0, 38.0, 37.0, 22.0, 17.0, 14.0, 14.0, 24.0, 16.0, 11.0, 25.0, 25.0, 27.0, 11.0, 13.0, 25.0, 61.0, 17.0, 43.0, 51.0, 39.0, 49.0, 17.0, 22.0, 11.0, 11.0, 16.0, 21.0, 40.0, 17.0, 50.0, 15.0, 22.0, 19.0, 23.0, 21.0, 58.0, 18.0, 43.0, 17.0, 27.0, 13.0, 28.0, 11.0, 26.0, 29.0, 17.0, 22.0, 15.0, 10.0, 17.0, 45.0, 10.0, 18.0, 22.0, 21.0, 42.0, 14.0, 12.0, 15.0, 12.0, 14.0, 21.0, 39.0, 28.0, 19.0, 19.0, 14.0, 26.0, 13.0, 15.0, 17.0, 45.0, 19.0, 26.0, 27.0, 35.0, 11.0, 21.0], "episode_lengths": [9, 18, 35, 22, 37, 17, 16, 17, 19, 15, 18, 9, 16, 42, 16, 24, 28, 13, 41, 14, 16, 26, 18, 9, 23, 11, 15, 21, 28, 26, 15, 15, 18, 13, 27, 39, 12, 18, 20, 20, 48, 59, 51, 18, 43, 16, 12, 17, 25, 11, 11, 32, 15, 21, 25, 15, 10, 11, 11, 11, 8, 13, 15, 11, 22, 46, 11, 15, 17, 16, 22, 19, 32, 11, 16, 13, 35, 18, 46, 10, 11, 11, 16, 24, 39, 14, 23, 27, 21, 13, 27, 18, 21, 31, 12, 22, 10, 19, 30, 39, 26, 38, 37, 22, 17, 14, 14, 24, 16, 11, 25, 25, 27, 11, 13, 25, 61, 17, 43, 51, 39, 49, 17, 22, 11, 11, 16, 21, 40, 17, 50, 15, 22, 19, 23, 21, 58, 18, 43, 17, 27, 13, 28, 11, 26, 29, 17, 22, 15, 10, 17, 45, 10, 18, 22, 21, 42, 14, 12, 15, 12, 14, 21, 39, 28, 19, 19, 14, 26, 13, 15, 17, 45, 19, 26, 27, 35, 11, 21]}, "sampler_perf": {"mean_env_wait_ms": 0.0708834346131485, "mean_processing_ms": 0.1812115278103387, "mean_inference_ms": 0.7452635251412064}, "off_policy_estimator": {}, "num_healthy_workers": 1, "timesteps_total": 4000, "timers": {"sample_time_ms": 4930.283, "sample_throughput": 811.313, "load_time_ms": 44.929, "load_throughput": 89029.775, "learn_time_ms": 3800.149, "learn_throughput": 1052.59, "update_time_ms": 4.057}, "info": {"learner": {"default_policy": {"cur_kl_coeff": 0.20000000298023224, "cur_lr": 9.999999747378752e-05, "total_loss": 80.02433013916016, "policy_loss": -0.05040230602025986, "vf_loss": 80.06785583496094, "vf_explained_var": 0.22687292098999023, "kl": 0.0343964621424675, "entropy": 0.6605255007743835, "entropy_coeff": 0.0, "model": {}}}, "num_steps_sampled": 4000, "num_steps_trained": 4000}, "done": true, "episodes_total": 179, "training_iteration": 1, "experiment_id": "beb6a97fca32453b90652ffc4efd6979", "date": "2020-08-18_18-43-56", "timestamp": 1597776236, "time_this_iter_s": 8.925168514251709, "time_total_s": 8.925168514251709, "pid": 19041, "hostname": "terminator-1000", "node_ip": "10.168.0.7", "config": {"num_workers": 1, "num_envs_per_worker": 1, "rollout_fragment_length": 200, "sample_batch_size": -1, "batch_mode": "truncate_episodes", "num_gpus": 0, "train_batch_size": 4000, "model": {"conv_filters": null, "conv_activation": "relu", "fcnet_activation": "tanh", "fcnet_hiddens": [256, 256], "free_log_std": false, "no_final_linear": false, "vf_share_layers": true, "use_lstm": false, "max_seq_len": 20, "lstm_cell_size": 256, "lstm_use_prev_action_reward": false, "state_shape": null, "framestack": true, "dim": 84, "grayscale": false, "zero_mean": true, "custom_model": null, "custom_model_config": {}, "custom_action_dist": null, "custom_preprocessor": null, "custom_options": -1}, "optimizer": {}, "gamma": 0.99, "horizon": null, "soft_horizon": false, "no_done_at_end": false, "env_config": {}, "env": "CartPole-v0", "normalize_actions": false, "clip_rewards": null, "clip_actions": true, "preprocessor_pref": "deepmind", "lr": 0.0001, "monitor": false, "log_level": "WARN", "callbacks": "<class 'ray.rllib.agents.callbacks.DefaultCallbacks'>", "ignore_worker_failures": false, "log_sys_usage": true, "fake_sampler": false, "framework": "tf", "eager_tracing": false, "no_eager_on_workers": false, "explore": true, "exploration_config": {"type": "StochasticSampling"}, "evaluation_interval": null, "evaluation_num_episodes": 10, "in_evaluation": false, "evaluation_config": {}, "evaluation_num_workers": 0, "custom_eval_function": null, "sample_async": false, "observation_filter": "NoFilter", "synchronize_filters": true, "tf_session_args": {"intra_op_parallelism_threads": 2, "inter_op_parallelism_threads": 2, "gpu_options": {"allow_growth": true}, "log_device_placement": false, "device_count": {"CPU": 1}, "allow_soft_placement": true}, "local_tf_session_args": {"intra_op_parallelism_threads": 8, "inter_op_parallelism_threads": 8}, "compress_observations": false, "collect_metrics_timeout": 180, "metrics_smoothing_episodes": 100, "remote_worker_envs": false, "remote_env_batch_wait_ms": 0, "min_iter_time_s": 0, "timesteps_per_iteration": 0, "seed": null, "extra_python_environs_for_driver": {}, "extra_python_environs_for_worker": {}, "num_cpus_per_worker": 1, "num_gpus_per_worker": 0, "custom_resources_per_worker": {}, "num_cpus_for_driver": 1, "memory": 0, "object_store_memory": 0, "memory_per_worker": 0, "object_store_memory_per_worker": 0, "input": "sampler", "input_evaluation": ["is", "wis"], "postprocess_inputs": false, "shuffle_buffer_size": 0, "output": null, "output_compress_columns": ["obs", "new_obs"], "output_max_file_size": 67108864, "multiagent": {"policies": {}, "policy_mapping_fn": null, "policies_to_train": null, "observation_fn": null}, "use_pytorch": -1, "use_critic": true, "use_gae": true, "lambda": 1.0, "kl_coeff": 0.2, "sgd_minibatch_size": 128, "shuffle_sequences": true, "num_sgd_iter": 30, "lr_schedule": null, "vf_share_layers": false, "vf_loss_coeff": 1.0, "entropy_coeff": 0.0, "entropy_coeff_schedule": null, "clip_param": 0.3, "vf_clip_param": 10.0, "grad_clip": null, "kl_target": 0.01, "simple_optimizer": false, "_fake_gpus": false}, "time_since_restore": 8.925168514251709, "timesteps_since_restore": 0, "iterations_since_restore": 1, "perf": {"cpu_util_percent": 36.215384615384615, "ram_util_percent": 3.530769230769231}, "trial_id": "bda13_00002", "experiment_tag": "2_lr=0.0001"}
