{"episode_reward_max": 82.0, "episode_reward_min": 9.0, "episode_reward_mean": 21.462365591397848, "episode_len_mean": 21.462365591397848, "episodes_this_iter": 186, "policy_reward_min": {}, "policy_reward_max": {}, "policy_reward_mean": {}, "custom_metrics": {}, "hist_stats": {"episode_reward": [9.0, 22.0, 22.0, 24.0, 19.0, 12.0, 10.0, 28.0, 14.0, 61.0, 16.0, 12.0, 16.0, 17.0, 20.0, 16.0, 16.0, 13.0, 13.0, 29.0, 19.0, 16.0, 13.0, 18.0, 42.0, 12.0, 16.0, 31.0, 21.0, 11.0, 13.0, 31.0, 15.0, 17.0, 14.0, 9.0, 60.0, 34.0, 18.0, 11.0, 14.0, 14.0, 29.0, 17.0, 14.0, 14.0, 24.0, 17.0, 15.0, 23.0, 12.0, 20.0, 13.0, 19.0, 40.0, 24.0, 21.0, 24.0, 11.0, 36.0, 25.0, 25.0, 19.0, 17.0, 10.0, 42.0, 12.0, 27.0, 11.0, 12.0, 25.0, 17.0, 13.0, 15.0, 12.0, 32.0, 11.0, 25.0, 25.0, 27.0, 56.0, 16.0, 18.0, 30.0, 15.0, 49.0, 20.0, 20.0, 23.0, 16.0, 22.0, 23.0, 23.0, 28.0, 27.0, 16.0, 11.0, 18.0, 10.0, 19.0, 14.0, 11.0, 82.0, 23.0, 12.0, 10.0, 27.0, 25.0, 23.0, 16.0, 28.0, 22.0, 11.0, 12.0, 26.0, 10.0, 43.0, 18.0, 10.0, 31.0, 19.0, 24.0, 17.0, 13.0, 14.0, 25.0, 20.0, 32.0, 16.0, 16.0, 18.0, 11.0, 10.0, 11.0, 36.0, 16.0, 30.0, 14.0, 67.0, 18.0, 20.0, 28.0, 13.0, 13.0, 12.0, 14.0, 18.0, 16.0, 26.0, 39.0, 17.0, 13.0, 24.0, 25.0, 30.0, 20.0, 70.0, 15.0, 22.0, 28.0, 23.0, 12.0, 15.0, 18.0, 14.0, 13.0, 14.0, 21.0, 13.0, 52.0, 13.0, 23.0, 12.0, 31.0, 28.0, 12.0, 38.0, 52.0, 57.0, 15.0, 12.0, 27.0, 11.0, 16.0, 16.0, 17.0], "episode_lengths": [9, 22, 22, 24, 19, 12, 10, 28, 14, 61, 16, 12, 16, 17, 20, 16, 16, 13, 13, 29, 19, 16, 13, 18, 42, 12, 16, 31, 21, 11, 13, 31, 15, 17, 14, 9, 60, 34, 18, 11, 14, 14, 29, 17, 14, 14, 24, 17, 15, 23, 12, 20, 13, 19, 40, 24, 21, 24, 11, 36, 25, 25, 19, 17, 10, 42, 12, 27, 11, 12, 25, 17, 13, 15, 12, 32, 11, 25, 25, 27, 56, 16, 18, 30, 15, 49, 20, 20, 23, 16, 22, 23, 23, 28, 27, 16, 11, 18, 10, 19, 14, 11, 82, 23, 12, 10, 27, 25, 23, 16, 28, 22, 11, 12, 26, 10, 43, 18, 10, 31, 19, 24, 17, 13, 14, 25, 20, 32, 16, 16, 18, 11, 10, 11, 36, 16, 30, 14, 67, 18, 20, 28, 13, 13, 12, 14, 18, 16, 26, 39, 17, 13, 24, 25, 30, 20, 70, 15, 22, 28, 23, 12, 15, 18, 14, 13, 14, 21, 13, 52, 13, 23, 12, 31, 28, 12, 38, 52, 57, 15, 12, 27, 11, 16, 16, 17]}, "sampler_perf": {"mean_env_wait_ms": 0.05867039671661676, "mean_processing_ms": 0.14371771837466657, "mean_inference_ms": 0.626207917548811}, "off_policy_estimator": {}, "num_healthy_workers": 1, "timesteps_total": 4000, "timers": {"sample_time_ms": 4116.061, "sample_throughput": 971.803, "load_time_ms": 41.106, "load_throughput": 97308.865, "learn_time_ms": 3851.762, "learn_throughput": 1038.486, "update_time_ms": 2.596}, "info": {"learner": {"default_policy": {"cur_kl_coeff": 0.20000000298023224, "cur_lr": 0.009999999776482582, "total_loss": 86.64510345458984, "policy_loss": -0.042155519127845764, "vf_loss": 86.68035125732422, "vf_explained_var": 0.26946136355400085, "kl": 0.034577708691358566, "entropy": 0.660214364528656, "entropy_coeff": 0.0, "model": {}}}, "num_steps_sampled": 4000, "num_steps_trained": 4000}, "done": true, "episodes_total": 186, "training_iteration": 1, "experiment_id": "d5f1bc73d39345fbb0def2afbc54f051", "date": "2020-08-16_04-40-43", "timestamp": 1597552843, "time_this_iter_s": 8.110723972320557, "time_total_s": 8.110723972320557, "pid": 26207, "hostname": "ntozcc-dv-mlalo-vm", "node_ip": "10.0.0.4", "config": {"num_workers": 1, "num_envs_per_worker": 1, "rollout_fragment_length": 200, "sample_batch_size": -1, "batch_mode": "truncate_episodes", "num_gpus": 0, "train_batch_size": 4000, "model": {"conv_filters": null, "conv_activation": "relu", "fcnet_activation": "tanh", "fcnet_hiddens": [256, 256], "free_log_std": false, "no_final_linear": false, "vf_share_layers": true, "use_lstm": false, "max_seq_len": 20, "lstm_cell_size": 256, "lstm_use_prev_action_reward": false, "state_shape": null, "framestack": true, "dim": 84, "grayscale": false, "zero_mean": true, "custom_model": null, "custom_model_config": {}, "custom_action_dist": null, "custom_preprocessor": null, "custom_options": -1}, "optimizer": {}, "gamma": 0.99, "horizon": null, "soft_horizon": false, "no_done_at_end": false, "env_config": {}, "env": "CartPole-v0", "normalize_actions": false, "clip_rewards": null, "clip_actions": true, "preprocessor_pref": "deepmind", "lr": 0.01, "monitor": false, "log_level": "WARN", "callbacks": "<class 'ray.rllib.agents.callbacks.DefaultCallbacks'>", "ignore_worker_failures": false, "log_sys_usage": true, "fake_sampler": false, "framework": "tf", "eager_tracing": false, "no_eager_on_workers": false, "explore": true, "exploration_config": {"type": "StochasticSampling"}, "evaluation_interval": null, "evaluation_num_episodes": 10, "in_evaluation": false, "evaluation_config": {}, "evaluation_num_workers": 0, "custom_eval_function": null, "sample_async": false, "observation_filter": "NoFilter", "synchronize_filters": true, "tf_session_args": {"intra_op_parallelism_threads": 2, "inter_op_parallelism_threads": 2, "gpu_options": {"allow_growth": true}, "log_device_placement": false, "device_count": {"CPU": 1}, "allow_soft_placement": true}, "local_tf_session_args": {"intra_op_parallelism_threads": 8, "inter_op_parallelism_threads": 8}, "compress_observations": false, "collect_metrics_timeout": 180, "metrics_smoothing_episodes": 100, "remote_worker_envs": false, "remote_env_batch_wait_ms": 0, "min_iter_time_s": 0, "timesteps_per_iteration": 0, "seed": null, "extra_python_environs_for_driver": {}, "extra_python_environs_for_worker": {}, "num_cpus_per_worker": 1, "num_gpus_per_worker": 0, "custom_resources_per_worker": {}, "num_cpus_for_driver": 1, "memory": 0, "object_store_memory": 0, "memory_per_worker": 0, "object_store_memory_per_worker": 0, "input": "sampler", "input_evaluation": ["is", "wis"], "postprocess_inputs": false, "shuffle_buffer_size": 0, "output": null, "output_compress_columns": ["obs", "new_obs"], "output_max_file_size": 67108864, "multiagent": {"policies": {}, "policy_mapping_fn": null, "policies_to_train": null, "observation_fn": null}, "use_pytorch": -1, "use_critic": true, "use_gae": true, "lambda": 1.0, "kl_coeff": 0.2, "sgd_minibatch_size": 128, "shuffle_sequences": true, "num_sgd_iter": 30, "lr_schedule": null, "vf_share_layers": false, "vf_loss_coeff": 1.0, "entropy_coeff": 0.0, "entropy_coeff_schedule": null, "clip_param": 0.3, "vf_clip_param": 10.0, "grad_clip": null, "kl_target": 0.01, "simple_optimizer": false, "_fake_gpus": false}, "time_since_restore": 8.110723972320557, "timesteps_since_restore": 0, "iterations_since_restore": 1, "perf": {"cpu_util_percent": 72.99166666666666, "ram_util_percent": 32.38333333333334}, "trial_id": "9c0b2_00000", "experiment_tag": "0_lr=0.01"}
