{"episode_reward_max": 70.0, "episode_reward_min": 9.0, "episode_reward_mean": 22.642045454545453, "episode_len_mean": 22.642045454545453, "episodes_this_iter": 176, "policy_reward_min": {}, "policy_reward_max": {}, "policy_reward_mean": {}, "custom_metrics": {}, "hist_stats": {"episode_reward": [11.0, 26.0, 18.0, 12.0, 12.0, 15.0, 35.0, 19.0, 14.0, 22.0, 19.0, 35.0, 27.0, 55.0, 20.0, 16.0, 12.0, 19.0, 27.0, 25.0, 16.0, 15.0, 17.0, 33.0, 14.0, 28.0, 28.0, 46.0, 11.0, 46.0, 24.0, 12.0, 14.0, 11.0, 12.0, 28.0, 44.0, 14.0, 20.0, 10.0, 14.0, 18.0, 30.0, 14.0, 12.0, 19.0, 20.0, 11.0, 13.0, 37.0, 10.0, 13.0, 11.0, 37.0, 33.0, 10.0, 49.0, 27.0, 18.0, 57.0, 21.0, 56.0, 12.0, 27.0, 11.0, 21.0, 14.0, 25.0, 15.0, 16.0, 26.0, 16.0, 13.0, 24.0, 12.0, 27.0, 12.0, 22.0, 16.0, 29.0, 16.0, 27.0, 39.0, 13.0, 33.0, 51.0, 32.0, 9.0, 12.0, 39.0, 29.0, 14.0, 20.0, 19.0, 34.0, 14.0, 11.0, 26.0, 12.0, 15.0, 26.0, 17.0, 20.0, 32.0, 23.0, 15.0, 26.0, 14.0, 15.0, 28.0, 15.0, 23.0, 17.0, 51.0, 16.0, 41.0, 26.0, 36.0, 47.0, 10.0, 12.0, 34.0, 16.0, 18.0, 21.0, 14.0, 14.0, 16.0, 15.0, 13.0, 18.0, 11.0, 20.0, 37.0, 20.0, 17.0, 57.0, 26.0, 29.0, 33.0, 12.0, 16.0, 27.0, 12.0, 21.0, 24.0, 31.0, 21.0, 15.0, 25.0, 12.0, 60.0, 33.0, 17.0, 18.0, 10.0, 13.0, 13.0, 19.0, 18.0, 20.0, 70.0, 39.0, 10.0, 38.0, 17.0, 12.0, 23.0, 33.0, 26.0, 25.0, 21.0, 18.0, 22.0, 26.0, 14.0], "episode_lengths": [11, 26, 18, 12, 12, 15, 35, 19, 14, 22, 19, 35, 27, 55, 20, 16, 12, 19, 27, 25, 16, 15, 17, 33, 14, 28, 28, 46, 11, 46, 24, 12, 14, 11, 12, 28, 44, 14, 20, 10, 14, 18, 30, 14, 12, 19, 20, 11, 13, 37, 10, 13, 11, 37, 33, 10, 49, 27, 18, 57, 21, 56, 12, 27, 11, 21, 14, 25, 15, 16, 26, 16, 13, 24, 12, 27, 12, 22, 16, 29, 16, 27, 39, 13, 33, 51, 32, 9, 12, 39, 29, 14, 20, 19, 34, 14, 11, 26, 12, 15, 26, 17, 20, 32, 23, 15, 26, 14, 15, 28, 15, 23, 17, 51, 16, 41, 26, 36, 47, 10, 12, 34, 16, 18, 21, 14, 14, 16, 15, 13, 18, 11, 20, 37, 20, 17, 57, 26, 29, 33, 12, 16, 27, 12, 21, 24, 31, 21, 15, 25, 12, 60, 33, 17, 18, 10, 13, 13, 19, 18, 20, 70, 39, 10, 38, 17, 12, 23, 33, 26, 25, 21, 18, 22, 26, 14]}, "sampler_perf": {"mean_env_wait_ms": 0.06099278793964229, "mean_processing_ms": 0.14726086516166978, "mean_inference_ms": 0.6691655109179554}, "off_policy_estimator": {}, "num_healthy_workers": 1, "timesteps_total": 4000, "timers": {"sample_time_ms": 4757.79, "sample_throughput": 840.727, "load_time_ms": 37.917, "load_throughput": 105494.523, "learn_time_ms": 3863.153, "learn_throughput": 1035.424, "update_time_ms": 2.294}, "info": {"learner": {"default_policy": {"cur_kl_coeff": 0.20000000298023224, "cur_lr": 9.999999747378752e-05, "total_loss": 75.90303039550781, "policy_loss": -0.04713624343276024, "vf_loss": 75.94364166259766, "vf_explained_var": 0.22149890661239624, "kl": 0.032647762447595596, "entropy": 0.6614570021629333, "entropy_coeff": 0.0, "model": {}}}, "num_steps_sampled": 4000, "num_steps_trained": 4000}, "done": false, "episodes_total": 176, "training_iteration": 1, "experiment_id": "72c4e18acda147c486d10d5870fbdef4", "date": "2020-08-16_04-57-38", "timestamp": 1597553858, "time_this_iter_s": 8.76279091835022, "time_total_s": 8.76279091835022, "pid": 27608, "hostname": "ntozcc-dv-mlalo-vm", "node_ip": "10.0.0.4", "config": {"num_workers": 1, "num_envs_per_worker": 1, "rollout_fragment_length": 200, "sample_batch_size": -1, "batch_mode": "truncate_episodes", "num_gpus": 0, "train_batch_size": 4000, "model": {"conv_filters": null, "conv_activation": "relu", "fcnet_activation": "tanh", "fcnet_hiddens": [256, 256], "free_log_std": false, "no_final_linear": false, "vf_share_layers": true, "use_lstm": false, "max_seq_len": 20, "lstm_cell_size": 256, "lstm_use_prev_action_reward": false, "state_shape": null, "framestack": true, "dim": 84, "grayscale": false, "zero_mean": true, "custom_model": null, "custom_model_config": {}, "custom_action_dist": null, "custom_preprocessor": null, "custom_options": -1}, "optimizer": {}, "gamma": 0.99, "horizon": null, "soft_horizon": false, "no_done_at_end": false, "env_config": {}, "env": "CartPole-v0", "normalize_actions": false, "clip_rewards": null, "clip_actions": true, "preprocessor_pref": "deepmind", "lr": 0.0001, "monitor": false, "log_level": "WARN", "callbacks": "<class 'ray.rllib.agents.callbacks.DefaultCallbacks'>", "ignore_worker_failures": false, "log_sys_usage": true, "fake_sampler": false, "framework": "tf", "eager_tracing": false, "no_eager_on_workers": false, "explore": true, "exploration_config": {"type": "StochasticSampling"}, "evaluation_interval": null, "evaluation_num_episodes": 10, "in_evaluation": false, "evaluation_config": {}, "evaluation_num_workers": 0, "custom_eval_function": null, "sample_async": false, "observation_filter": "NoFilter", "synchronize_filters": true, "tf_session_args": {"intra_op_parallelism_threads": 2, "inter_op_parallelism_threads": 2, "gpu_options": {"allow_growth": true}, "log_device_placement": false, "device_count": {"CPU": 1}, "allow_soft_placement": true}, "local_tf_session_args": {"intra_op_parallelism_threads": 8, "inter_op_parallelism_threads": 8}, "compress_observations": false, "collect_metrics_timeout": 180, "metrics_smoothing_episodes": 100, "remote_worker_envs": false, "remote_env_batch_wait_ms": 0, "min_iter_time_s": 0, "timesteps_per_iteration": 0, "seed": null, "extra_python_environs_for_driver": {}, "extra_python_environs_for_worker": {}, "num_cpus_per_worker": 1, "num_gpus_per_worker": 0, "custom_resources_per_worker": {}, "num_cpus_for_driver": 1, "memory": 0, "object_store_memory": 0, "memory_per_worker": 0, "object_store_memory_per_worker": 0, "input": "sampler", "input_evaluation": ["is", "wis"], "postprocess_inputs": false, "shuffle_buffer_size": 0, "output": null, "output_compress_columns": ["obs", "new_obs"], "output_max_file_size": 67108864, "multiagent": {"policies": {}, "policy_mapping_fn": null, "policies_to_train": null, "observation_fn": null}, "use_pytorch": -1, "use_critic": true, "use_gae": true, "lambda": 1.0, "kl_coeff": 0.2, "sgd_minibatch_size": 128, "shuffle_sequences": true, "num_sgd_iter": 30, "lr_schedule": null, "vf_share_layers": false, "vf_loss_coeff": 1.0, "entropy_coeff": 0.0, "entropy_coeff_schedule": null, "clip_param": 0.3, "vf_clip_param": 10.0, "grad_clip": null, "kl_target": 0.01, "simple_optimizer": false, "_fake_gpus": false}, "time_since_restore": 8.76279091835022, "timesteps_since_restore": 0, "iterations_since_restore": 1, "perf": {"cpu_util_percent": 71.64615384615384, "ram_util_percent": 32.323076923076925}, "trial_id": "d793c_00002", "experiment_tag": "2_lr=0.0001"}
{"episode_reward_max": 176.0, "episode_reward_min": 10.0, "episode_reward_mean": 46.58, "episode_len_mean": 46.58, "episodes_this_iter": 73, "policy_reward_min": {}, "policy_reward_max": {}, "policy_reward_mean": {}, "custom_metrics": {}, "hist_stats": {"episode_reward": [16.0, 24.0, 11.0, 55.0, 48.0, 40.0, 61.0, 63.0, 176.0, 46.0, 30.0, 108.0, 27.0, 51.0, 92.0, 50.0, 27.0, 57.0, 16.0, 16.0, 110.0, 44.0, 17.0, 37.0, 20.0, 56.0, 52.0, 92.0, 29.0, 13.0, 26.0, 46.0, 23.0, 56.0, 77.0, 26.0, 61.0, 22.0, 48.0, 35.0, 30.0, 47.0, 37.0, 55.0, 22.0, 14.0, 18.0, 31.0, 96.0, 77.0, 125.0, 14.0, 27.0, 61.0, 138.0, 89.0, 49.0, 39.0, 116.0, 48.0, 93.0, 149.0, 83.0, 29.0, 26.0, 111.0, 84.0, 19.0, 35.0, 84.0, 130.0, 113.0, 13.0, 25.0, 12.0, 60.0, 33.0, 17.0, 18.0, 10.0, 13.0, 13.0, 19.0, 18.0, 20.0, 70.0, 39.0, 10.0, 38.0, 17.0, 12.0, 23.0, 33.0, 26.0, 25.0, 21.0, 18.0, 22.0, 26.0, 14.0], "episode_lengths": [16, 24, 11, 55, 48, 40, 61, 63, 176, 46, 30, 108, 27, 51, 92, 50, 27, 57, 16, 16, 110, 44, 17, 37, 20, 56, 52, 92, 29, 13, 26, 46, 23, 56, 77, 26, 61, 22, 48, 35, 30, 47, 37, 55, 22, 14, 18, 31, 96, 77, 125, 14, 27, 61, 138, 89, 49, 39, 116, 48, 93, 149, 83, 29, 26, 111, 84, 19, 35, 84, 130, 113, 13, 25, 12, 60, 33, 17, 18, 10, 13, 13, 19, 18, 20, 70, 39, 10, 38, 17, 12, 23, 33, 26, 25, 21, 18, 22, 26, 14]}, "sampler_perf": {"mean_env_wait_ms": 0.06005375159650945, "mean_processing_ms": 0.14110624462866977,