{"episode_reward_max": 86.0, "episode_reward_min": 9.0, "episode_reward_mean": 21.446236559139784, "episode_len_mean": 21.446236559139784, "episodes_this_iter": 186, "policy_reward_min": {}, "policy_reward_max": {}, "policy_reward_mean": {}, "custom_metrics": {}, "hist_stats": {"episode_reward": [38.0, 21.0, 36.0, 23.0, 22.0, 12.0, 15.0, 22.0, 17.0, 15.0, 10.0, 24.0, 18.0, 10.0, 57.0, 14.0, 12.0, 10.0, 19.0, 9.0, 18.0, 12.0, 47.0, 10.0, 24.0, 15.0, 17.0, 12.0, 14.0, 9.0, 11.0, 13.0, 11.0, 11.0, 13.0, 16.0, 24.0, 34.0, 20.0, 14.0, 16.0, 22.0, 23.0, 15.0, 25.0, 14.0, 34.0, 28.0, 32.0, 37.0, 11.0, 19.0, 15.0, 30.0, 12.0, 86.0, 10.0, 18.0, 17.0, 18.0, 9.0, 13.0, 19.0, 21.0, 26.0, 13.0, 16.0, 25.0, 16.0, 15.0, 24.0, 35.0, 23.0, 12.0, 9.0, 25.0, 13.0, 18.0, 31.0, 13.0, 13.0, 26.0, 22.0, 46.0, 22.0, 16.0, 16.0, 25.0, 14.0, 27.0, 15.0, 28.0, 10.0, 29.0, 12.0, 14.0, 14.0, 13.0, 25.0, 43.0, 11.0, 24.0, 52.0, 28.0, 15.0, 27.0, 13.0, 16.0, 13.0, 17.0, 41.0, 27.0, 24.0, 12.0, 16.0, 13.0, 20.0, 51.0, 15.0, 26.0, 14.0, 29.0, 12.0, 14.0, 10.0, 17.0, 13.0, 20.0, 21.0, 27.0, 30.0, 41.0, 35.0, 27.0, 38.0, 16.0, 12.0, 11.0, 41.0, 29.0, 31.0, 26.0, 62.0, 10.0, 47.0, 21.0, 33.0, 48.0, 20.0, 15.0, 18.0, 22.0, 15.0, 12.0, 10.0, 29.0, 15.0, 26.0, 11.0, 11.0, 26.0, 14.0, 16.0, 26.0, 33.0, 9.0, 25.0, 31.0, 18.0, 28.0, 24.0, 16.0, 11.0, 11.0, 16.0, 20.0, 34.0, 44.0, 19.0, 19.0, 11.0, 24.0, 11.0, 27.0, 11.0, 28.0], "episode_lengths": [38, 21, 36, 23, 22, 12, 15, 22, 17, 15, 10, 24, 18, 10, 57, 14, 12, 10, 19, 9, 18, 12, 47, 10, 24, 15, 17, 12, 14, 9, 11, 13, 11, 11, 13, 16, 24, 34, 20, 14, 16, 22, 23, 15, 25, 14, 34, 28, 32, 37, 11, 19, 15, 30, 12, 86, 10, 18, 17, 18, 9, 13, 19, 21, 26, 13, 16, 25, 16, 15, 24, 35, 23, 12, 9, 25, 13, 18, 31, 13, 13, 26, 22, 46, 22, 16, 16, 25, 14, 27, 15, 28, 10, 29, 12, 14, 14, 13, 25, 43, 11, 24, 52, 28, 15, 27, 13, 16, 13, 17, 41, 27, 24, 12, 16, 13, 20, 51, 15, 26, 14, 29, 12, 14, 10, 17, 13, 20, 21, 27, 30, 41, 35, 27, 38, 16, 12, 11, 41, 29, 31, 26, 62, 10, 47, 21, 33, 48, 20, 15, 18, 22, 15, 12, 10, 29, 15, 26, 11, 11, 26, 14, 16, 26, 33, 9, 25, 31, 18, 28, 24, 16, 11, 11, 16, 20, 34, 44, 19, 19, 11, 24, 11, 27, 11, 28]}, "sampler_perf": {"mean_env_wait_ms": 0.056048269064478254, "mean_processing_ms": 0.1428471121660503, "mean_inference_ms": 0.6140149613971325}, "off_policy_estimator": {}, "num_healthy_workers": 1, "timesteps_total": 4000, "timers": {"sample_time_ms": 4464.096, "sample_throughput": 896.038, "load_time_ms": 38.511, "load_throughput": 103867.612, "learn_time_ms": 3907.583, "learn_throughput": 1023.651, "update_time_ms": 2.508}, "info": {"learner": {"default_policy": {"cur_kl_coeff": 0.20000000298023224, "cur_lr": 9.999999747378752e-05, "total_loss": 85.44007873535156, "policy_loss": -0.044052399694919586, "vf_loss": 85.47766876220703, "vf_explained_var": 0.23783370852470398, "kl": 0.032305218279361725, "entropy": 0.6609848737716675, "entropy_coeff": 0.0, "model": {}}}, "num_steps_sampled": 4000, "num_steps_trained": 4000}, "done": true, "episodes_total": 186, "training_iteration": 1, "experiment_id": "1f32f88d87f64ea9b3cde1302772b72b", "date": "2020-08-16_04-38-12", "timestamp": 1597552692, "time_this_iter_s": 8.520238399505615, "time_total_s": 8.520238399505615, "pid": 25903, "hostname": "ntozcc-dv-mlalo-vm", "node_ip": "10.0.0.4", "config": {"num_workers": 1, "num_envs_per_worker": 1, "rollout_fragment_length": 200, "sample_batch_size": -1, "batch_mode": "truncate_episodes", "num_gpus": 0, "train_batch_size": 4000, "model": {"conv_filters": null, "conv_activation": "relu", "fcnet_activation": "tanh", "fcnet_hiddens": [256, 256], "free_log_std": false, "no_final_linear": false, "vf_share_layers": true, "use_lstm": false, "max_seq_len": 20, "lstm_cell_size": 256, "lstm_use_prev_action_reward": false, "state_shape": null, "framestack": true, "dim": 84, "grayscale": false, "zero_mean": true, "custom_model": null, "custom_model_config": {}, "custom_action_dist": null, "custom_preprocessor": null, "custom_options": -1}, "optimizer": {}, "gamma": 0.99, "horizon": null, "soft_horizon": false, "no_done_at_end": false, "env_config": {}, "env": "CartPole-v0", "normalize_actions": false, "clip_rewards": null, "clip_actions": true, "preprocessor_pref": "deepmind", "lr": 0.0001, "monitor": false, "log_level": "WARN", "callbacks": "<class 'ray.rllib.agents.callbacks.DefaultCallbacks'>", "ignore_worker_failures": false, "log_sys_usage": true, "fake_sampler": false, "framework": "tf", "eager_tracing": false, "no_eager_on_workers": false, "explore": true, "exploration_config": {"type": "StochasticSampling"}, "evaluation_interval": null, "evaluation_num_episodes": 10, "in_evaluation": false, "evaluation_config": {}, "evaluation_num_workers": 0, "custom_eval_function": null, "sample_async": false, "observation_filter": "NoFilter", "synchronize_filters": true, "tf_session_args": {"intra_op_parallelism_threads": 2, "inter_op_parallelism_threads": 2, "gpu_options": {"allow_growth": true}, "log_device_placement": false, "device_count": {"CPU": 1}, "allow_soft_placement": true}, "local_tf_session_args": {"intra_op_parallelism_threads": 8, "inter_op_parallelism_threads": 8}, "compress_observations": false, "collect_metrics_timeout": 180, "metrics_smoothing_episodes": 100, "remote_worker_envs": false, "remote_env_batch_wait_ms": 0, "min_iter_time_s": 0, "timesteps_per_iteration": 0, "seed": null, "extra_python_environs_for_driver": {}, "extra_python_environs_for_worker": {}, "num_cpus_per_worker": 1, "num_gpus_per_worker": 0, "custom_resources_per_worker": {}, "num_cpus_for_driver": 1, "memory": 0, "object_store_memory": 0, "memory_per_worker": 0, "object_store_memory_per_worker": 0, "input": "sampler", "input_evaluation": ["is", "wis"], "postprocess_inputs": false, "shuffle_buffer_size": 0, "output": null, "output_compress_columns": ["obs", "new_obs"], "output_max_file_size": 67108864, "multiagent": {"policies": {}, "policy_mapping_fn": null, "policies_to_train": null, "observation_fn": null}, "use_pytorch": -1, "use_critic": true, "use_gae": true, "lambda": 1.0, "kl_coeff": 0.2, "sgd_minibatch_size": 128, "shuffle_sequences": true, "num_sgd_iter": 30, "lr_schedule": null, "vf_share_layers": false, "vf_loss_coeff": 1.0, "entropy_coeff": 0.0, "entropy_coeff_schedule": null, "clip_param": 0.3, "vf_clip_param": 10.0, "grad_clip": null, "kl_target": 0.01, "simple_optimizer": false, "_fake_gpus": false}, "time_since_restore": 8.520238399505615, "timesteps_since_restore": 0, "iterations_since_restore": 1, "perf": {"cpu_util_percent": 72.53846153846153, "ram_util_percent": 32.26923076923077}, "trial_id": "31a1b_00002", "experiment_tag": "2_lr=0.0001"}
