{"episode_reward_max": 72.0, "episode_reward_min": 9.0, "episode_reward_mean": 22.77906976744186, "episode_len_mean": 22.77906976744186, "episodes_this_iter": 172, "policy_reward_min": {}, "policy_reward_max": {}, "policy_reward_mean": {}, "custom_metrics": {}, "hist_stats": {"episode_reward": [31.0, 15.0, 40.0, 32.0, 35.0, 40.0, 15.0, 26.0, 72.0, 23.0, 17.0, 15.0, 24.0, 32.0, 28.0, 28.0, 33.0, 36.0, 13.0, 29.0, 36.0, 12.0, 21.0, 42.0, 18.0, 11.0, 31.0, 20.0, 26.0, 24.0, 19.0, 15.0, 25.0, 14.0, 29.0, 21.0, 43.0, 21.0, 29.0, 21.0, 65.0, 14.0, 21.0, 20.0, 22.0, 9.0, 36.0, 12.0, 18.0, 36.0, 22.0, 39.0, 15.0, 38.0, 26.0, 14.0, 31.0, 20.0, 30.0, 14.0, 18.0, 19.0, 16.0, 13.0, 28.0, 16.0, 17.0, 13.0, 12.0, 9.0, 14.0, 19.0, 15.0, 17.0, 34.0, 12.0, 12.0, 14.0, 58.0, 31.0, 15.0, 13.0, 18.0, 15.0, 22.0, 17.0, 17.0, 20.0, 15.0, 25.0, 30.0, 29.0, 18.0, 15.0, 21.0, 18.0, 18.0, 38.0, 57.0, 27.0, 33.0, 22.0, 18.0, 23.0, 12.0, 22.0, 13.0, 18.0, 22.0, 11.0, 18.0, 13.0, 21.0, 15.0, 15.0, 13.0, 13.0, 15.0, 30.0, 11.0, 15.0, 17.0, 19.0, 20.0, 37.0, 18.0, 13.0, 39.0, 20.0, 27.0, 39.0, 10.0, 16.0, 19.0, 40.0, 21.0, 37.0, 10.0, 25.0, 15.0, 57.0, 20.0, 10.0, 26.0, 27.0, 16.0, 24.0, 35.0, 21.0, 17.0, 16.0, 14.0, 15.0, 18.0, 17.0, 27.0, 19.0, 19.0, 26.0, 19.0, 19.0, 24.0, 30.0, 12.0, 28.0, 19.0, 36.0, 25.0, 23.0, 16.0, 10.0, 19.0], "episode_lengths": [31, 15, 40, 32, 35, 40, 15, 26, 72, 23, 17, 15, 24, 32, 28, 28, 33, 36, 13, 29, 36, 12, 21, 42, 18, 11, 31, 20, 26, 24, 19, 15, 25, 14, 29, 21, 43, 21, 29, 21, 65, 14, 21, 20, 22, 9, 36, 12, 18, 36, 22, 39, 15, 38, 26, 14, 31, 20, 30, 14, 18, 19, 16, 13, 28, 16, 17, 13, 12, 9, 14, 19, 15, 17, 34, 12, 12, 14, 58, 31, 15, 13, 18, 15, 22, 17, 17, 20, 15, 25, 30, 29, 18, 15, 21, 18, 18, 38, 57, 27, 33, 22, 18, 23, 12, 22, 13, 18, 22, 11, 18, 13, 21, 15, 15, 13, 13, 15, 30, 11, 15, 17, 19, 20, 37, 18, 13, 39, 20, 27, 39, 10, 16, 19, 40, 21, 37, 10, 25, 15, 57, 20, 10, 26, 27, 16, 24, 35, 21, 17, 16, 14, 15, 18, 17, 27, 19, 19, 26, 19, 19, 24, 30, 12, 28, 19, 36, 25, 23, 16, 10, 19]}, "sampler_perf": {"mean_env_wait_ms": 0.0714146772106717, "mean_processing_ms": 0.1775365089124752, "mean_inference_ms": 0.7425114322501224}, "off_policy_estimator": {}, "num_healthy_workers": 1, "timesteps_total": 4000, "timers": {"sample_time_ms": 4945.087, "sample_throughput": 808.884, "load_time_ms": 47.246, "load_throughput": 84663.289, "learn_time_ms": 3891.739, "learn_throughput": 1027.818, "update_time_ms": 2.175}, "info": {"learner": {"default_policy": {"cur_kl_coeff": 0.20000000298023224, "cur_lr": 0.009999999776482582, "total_loss": 89.34358215332031, "policy_loss": -0.04526872560381889, "vf_loss": 89.38153076171875, "vf_explained_var": 0.25053468346595764, "kl": 0.03669436275959015, "entropy": 0.6575680375099182, "entropy_coeff": 0.0, "model": {}}}, "num_steps_sampled": 4000, "num_steps_trained": 4000}, "done": true, "episodes_total": 172, "training_iteration": 1, "experiment_id": "d676767682974e4b9034796667c2b386", "date": "2020-08-18_17-13-00", "timestamp": 1597770780, "time_this_iter_s": 9.048063278198242, "time_total_s": 9.048063278198242, "pid": 11004, "hostname": "terminator-1000", "node_ip": "10.168.0.7", "config": {"num_workers": 1, "num_envs_per_worker": 1, "rollout_fragment_length": 200, "sample_batch_size": -1, "batch_mode": "truncate_episodes", "num_gpus": 0, "train_batch_size": 4000, "model": {"conv_filters": null, "conv_activation": "relu", "fcnet_activation": "tanh", "fcnet_hiddens": [256, 256], "free_log_std": false, "no_final_linear": false, "vf_share_layers": true, "use_lstm": false, "max_seq_len": 20, "lstm_cell_size": 256, "lstm_use_prev_action_reward": false, "state_shape": null, "framestack": true, "dim": 84, "grayscale": false, "zero_mean": true, "custom_model": null, "custom_model_config": {}, "custom_action_dist": null, "custom_preprocessor": null, "custom_options": -1}, "optimizer": {}, "gamma": 0.99, "horizon": null, "soft_horizon": false, "no_done_at_end": false, "env_config": {}, "env": "CartPole-v0", "normalize_actions": false, "clip_rewards": null, "clip_actions": true, "preprocessor_pref": "deepmind", "lr": 0.01, "monitor": false, "log_level": "WARN", "callbacks": "<class 'ray.rllib.agents.callbacks.DefaultCallbacks'>", "ignore_worker_failures": false, "log_sys_usage": true, "fake_sampler": false, "framework": "tf", "eager_tracing": false, "no_eager_on_workers": false, "explore": true, "exploration_config": {"type": "StochasticSampling"}, "evaluation_interval": null, "evaluation_num_episodes": 10, "in_evaluation": false, "evaluation_config": {}, "evaluation_num_workers": 0, "custom_eval_function": null, "sample_async": false, "observation_filter": "NoFilter", "synchronize_filters": true, "tf_session_args": {"intra_op_parallelism_threads": 2, "inter_op_parallelism_threads": 2, "gpu_options": {"allow_growth": true}, "log_device_placement": false, "device_count": {"CPU": 1}, "allow_soft_placement": true}, "local_tf_session_args": {"intra_op_parallelism_threads": 8, "inter_op_parallelism_threads": 8}, "compress_observations": false, "collect_metrics_timeout": 180, "metrics_smoothing_episodes": 100, "remote_worker_envs": false, "remote_env_batch_wait_ms": 0, "min_iter_time_s": 0, "timesteps_per_iteration": 0, "seed": null, "extra_python_environs_for_driver": {}, "extra_python_environs_for_worker": {}, "num_cpus_per_worker": 1, "num_gpus_per_worker": 0, "custom_resources_per_worker": {}, "num_cpus_for_driver": 1, "memory": 0, "object_store_memory": 0, "memory_per_worker": 0, "object_store_memory_per_worker": 0, "input": "sampler", "input_evaluation": ["is", "wis"], "postprocess_inputs": false, "shuffle_buffer_size": 0, "output": null, "output_compress_columns": ["obs", "new_obs"], "output_max_file_size": 67108864, "multiagent": {"policies": {}, "policy_mapping_fn": null, "policies_to_train": null, "observation_fn": null}, "use_pytorch": -1, "use_critic": true, "use_gae": true, "lambda": 1.0, "kl_coeff": 0.2, "sgd_minibatch_size": 128, "shuffle_sequences": true, "num_sgd_iter": 30, "lr_schedule": null, "vf_share_layers": false, "vf_loss_coeff": 1.0, "entropy_coeff": 0.0, "entropy_coeff_schedule": null, "clip_param": 0.3, "vf_clip_param": 10.0, "grad_clip": null, "kl_target": 0.01, "simple_optimizer": false, "_fake_gpus": false}, "time_since_restore": 9.048063278198242, "timesteps_since_restore": 0, "iterations_since_restore": 1, "perf": {"cpu_util_percent": 36.184615384615384, "ram_util_percent": 3.5153846153846158}, "trial_id": "09303_00000", "experiment_tag": "0_lr=0.01"}
