{"episode_reward_max": 78.0, "episode_reward_min": 9.0, "episode_reward_mean": 22.55367231638418, "episode_len_mean": 22.55367231638418, "episodes_this_iter": 177, "policy_reward_min": {}, "policy_reward_max": {}, "policy_reward_mean": {}, "custom_metrics": {}, "hist_stats": {"episode_reward": [20.0, 30.0, 23.0, 20.0, 48.0, 22.0, 16.0, 26.0, 13.0, 11.0, 16.0, 23.0, 17.0, 20.0, 22.0, 55.0, 15.0, 31.0, 51.0, 15.0, 10.0, 11.0, 21.0, 13.0, 29.0, 17.0, 22.0, 19.0, 22.0, 11.0, 15.0, 37.0, 33.0, 48.0, 24.0, 22.0, 26.0, 19.0, 25.0, 31.0, 15.0, 44.0, 11.0, 15.0, 14.0, 25.0, 22.0, 15.0, 32.0, 16.0, 32.0, 16.0, 47.0, 22.0, 9.0, 50.0, 20.0, 13.0, 26.0, 13.0, 15.0, 63.0, 26.0, 11.0, 20.0, 31.0, 20.0, 78.0, 47.0, 15.0, 12.0, 15.0, 17.0, 21.0, 24.0, 17.0, 23.0, 62.0, 20.0, 32.0, 17.0, 38.0, 13.0, 13.0, 19.0, 24.0, 13.0, 22.0, 13.0, 32.0, 34.0, 30.0, 32.0, 26.0, 12.0, 15.0, 15.0, 21.0, 26.0, 28.0, 16.0, 30.0, 17.0, 20.0, 13.0, 15.0, 18.0, 12.0, 19.0, 23.0, 12.0, 21.0, 12.0, 12.0, 16.0, 15.0, 16.0, 18.0, 26.0, 11.0, 19.0, 11.0, 35.0, 32.0, 12.0, 42.0, 10.0, 14.0, 32.0, 15.0, 29.0, 11.0, 33.0, 14.0, 16.0, 19.0, 19.0, 29.0, 37.0, 29.0, 36.0, 12.0, 10.0, 27.0, 17.0, 13.0, 17.0, 52.0, 54.0, 18.0, 15.0, 12.0, 23.0, 11.0, 13.0, 15.0, 19.0, 35.0, 21.0, 14.0, 11.0, 41.0, 22.0, 24.0, 12.0, 19.0, 16.0, 22.0, 9.0, 23.0, 17.0, 18.0, 16.0, 18.0, 25.0, 16.0, 31.0], "episode_lengths": [20, 30, 23, 20, 48, 22, 16, 26, 13, 11, 16, 23, 17, 20, 22, 55, 15, 31, 51, 15, 10, 11, 21, 13, 29, 17, 22, 19, 22, 11, 15, 37, 33, 48, 24, 22, 26, 19, 25, 31, 15, 44, 11, 15, 14, 25, 22, 15, 32, 16, 32, 16, 47, 22, 9, 50, 20, 13, 26, 13, 15, 63, 26, 11, 20, 31, 20, 78, 47, 15, 12, 15, 17, 21, 24, 17, 23, 62, 20, 32, 17, 38, 13, 13, 19, 24, 13, 22, 13, 32, 34, 30, 32, 26, 12, 15, 15, 21, 26, 28, 16, 30, 17, 20, 13, 15, 18, 12, 19, 23, 12, 21, 12, 12, 16, 15, 16, 18, 26, 11, 19, 11, 35, 32, 12, 42, 10, 14, 32, 15, 29, 11, 33, 14, 16, 19, 19, 29, 37, 29, 36, 12, 10, 27, 17, 13, 17, 52, 54, 18, 15, 12, 23, 11, 13, 15, 19, 35, 21, 14, 11, 41, 22, 24, 12, 19, 16, 22, 9, 23, 17, 18, 16, 18, 25, 16, 31]}, "sampler_perf": {"mean_env_wait_ms": 0.07258478148941161, "mean_processing_ms": 0.18408041660620614, "mean_inference_ms": 0.7558914757585322}, "off_policy_estimator": {}, "num_healthy_workers": 1, "timesteps_total": 4000, "timers": {"sample_time_ms": 5001.702, "sample_throughput": 799.728, "load_time_ms": 64.976, "load_throughput": 61561.214, "learn_time_ms": 3876.776, "learn_throughput": 1031.785, "update_time_ms": 2.419}, "info": {"learner": {"default_policy": {"cur_kl_coeff": 0.20000000298023224, "cur_lr": 9.999999747378752e-05, "total_loss": 84.44329833984375, "policy_loss": -0.041710566729307175, "vf_loss": 84.4789810180664, "vf_explained_var": 0.2138250172138214, "kl": 0.03006954863667488, "entropy": 0.6639453172683716, "entropy_coeff": 0.0, "model": {}}}, "num_steps_sampled": 4000, "num_steps_trained": 4000}, "done": true, "episodes_total": 177, "training_iteration": 1, "experiment_id": "3576110a613e4404abe27accd23394f6", "date": "2020-08-18_17-49-30", "timestamp": 1597772970, "time_this_iter_s": 9.07415246963501, "time_total_s": 9.07415246963501, "pid": 13566, "hostname": "terminator-1000", "node_ip": "10.168.0.7", "config": {"num_workers": 1, "num_envs_per_worker": 1, "rollout_fragment_length": 200, "sample_batch_size": -1, "batch_mode": "truncate_episodes", "num_gpus": 0, "train_batch_size": 4000, "model": {"conv_filters": null, "conv_activation": "relu", "fcnet_activation": "tanh", "fcnet_hiddens": [256, 256], "free_log_std": false, "no_final_linear": false, "vf_share_layers": true, "use_lstm": false, "max_seq_len": 20, "lstm_cell_size": 256, "lstm_use_prev_action_reward": false, "state_shape": null, "framestack": true, "dim": 84, "grayscale": false, "zero_mean": true, "custom_model": null, "custom_model_config": {}, "custom_action_dist": null, "custom_preprocessor": null, "custom_options": -1}, "optimizer": {}, "gamma": 0.99, "horizon": null, "soft_horizon": false, "no_done_at_end": false, "env_config": {}, "env": "CartPole-v0", "normalize_actions": false, "clip_rewards": null, "clip_actions": true, "preprocessor_pref": "deepmind", "lr": 0.0001, "monitor": false, "log_level": "WARN", "callbacks": "<class 'ray.rllib.agents.callbacks.DefaultCallbacks'>", "ignore_worker_failures": false, "log_sys_usage": true, "fake_sampler": false, "framework": "tf", "eager_tracing": false, "no_eager_on_workers": false, "explore": true, "exploration_config": {"type": "StochasticSampling"}, "evaluation_interval": null, "evaluation_num_episodes": 10, "in_evaluation": false, "evaluation_config": {}, "evaluation_num_workers": 0, "custom_eval_function": null, "sample_async": false, "observation_filter": "NoFilter", "synchronize_filters": true, "tf_session_args": {"intra_op_parallelism_threads": 2, "inter_op_parallelism_threads": 2, "gpu_options": {"allow_growth": true}, "log_device_placement": false, "device_count": {"CPU": 1}, "allow_soft_placement": true}, "local_tf_session_args": {"intra_op_parallelism_threads": 8, "inter_op_parallelism_threads": 8}, "compress_observations": false, "collect_metrics_timeout": 180, "metrics_smoothing_episodes": 100, "remote_worker_envs": false, "remote_env_batch_wait_ms": 0, "min_iter_time_s": 0, "timesteps_per_iteration": 0, "seed": null, "extra_python_environs_for_driver": {}, "extra_python_environs_for_worker": {}, "num_cpus_per_worker": 1, "num_gpus_per_worker": 0, "custom_resources_per_worker": {}, "num_cpus_for_driver": 1, "memory": 0, "object_store_memory": 0, "memory_per_worker": 0, "object_store_memory_per_worker": 0, "input": "sampler", "input_evaluation": ["is", "wis"], "postprocess_inputs": false, "shuffle_buffer_size": 0, "output": null, "output_compress_columns": ["obs", "new_obs"], "output_max_file_size": 67108864, "multiagent": {"policies": {}, "policy_mapping_fn": null, "policies_to_train": null, "observation_fn": null}, "use_pytorch": -1, "use_critic": true, "use_gae": true, "lambda": 1.0, "kl_coeff": 0.2, "sgd_minibatch_size": 128, "shuffle_sequences": true, "num_sgd_iter": 30, "lr_schedule": null, "vf_share_layers": false, "vf_loss_coeff": 1.0, "entropy_coeff": 0.0, "entropy_coeff_schedule": null, "clip_param": 0.3, "vf_clip_param": 10.0, "grad_clip": null, "kl_target": 0.01, "simple_optimizer": false, "_fake_gpus": false}, "time_since_restore": 9.07415246963501, "timesteps_since_restore": 0, "iterations_since_restore": 1, "perf": {"cpu_util_percent": 36.90769230769231, "ram_util_percent": 3.5230769230769234}, "trial_id": "22e8e_00002", "experiment_tag": "2_lr=0.0001"}
