{"episode_reward_max": 101.0, "episode_reward_min": 8.0, "episode_reward_mean": 23.880239520958085, "episode_len_mean": 23.880239520958085, "episodes_this_iter": 167, "policy_reward_min": {}, "policy_reward_max": {}, "policy_reward_mean": {}, "custom_metrics": {}, "hist_stats": {"episode_reward": [36.0, 16.0, 22.0, 19.0, 15.0, 14.0, 34.0, 18.0, 27.0, 24.0, 29.0, 19.0, 15.0, 18.0, 50.0, 66.0, 26.0, 16.0, 19.0, 24.0, 18.0, 17.0, 19.0, 22.0, 34.0, 23.0, 101.0, 34.0, 15.0, 21.0, 10.0, 68.0, 32.0, 15.0, 15.0, 20.0, 26.0, 17.0, 12.0, 17.0, 15.0, 47.0, 43.0, 32.0, 32.0, 12.0, 13.0, 32.0, 34.0, 15.0, 11.0, 18.0, 30.0, 16.0, 35.0, 14.0, 11.0, 20.0, 17.0, 13.0, 13.0, 18.0, 18.0, 10.0, 16.0, 22.0, 19.0, 24.0, 26.0, 12.0, 22.0, 11.0, 14.0, 11.0, 15.0, 30.0, 31.0, 16.0, 15.0, 39.0, 22.0, 23.0, 13.0, 15.0, 27.0, 65.0, 48.0, 21.0, 12.0, 15.0, 40.0, 15.0, 22.0, 26.0, 32.0, 22.0, 13.0, 55.0, 12.0, 29.0, 16.0, 31.0, 36.0, 13.0, 15.0, 26.0, 11.0, 33.0, 16.0, 23.0, 48.0, 17.0, 14.0, 39.0, 16.0, 15.0, 13.0, 46.0, 20.0, 23.0, 30.0, 10.0, 74.0, 14.0, 14.0, 25.0, 21.0, 49.0, 33.0, 57.0, 18.0, 12.0, 41.0, 19.0, 10.0, 12.0, 40.0, 11.0, 8.0, 11.0, 12.0, 14.0, 18.0, 28.0, 23.0, 10.0, 21.0, 12.0, 22.0, 14.0, 25.0, 12.0, 32.0, 19.0, 16.0, 19.0, 15.0, 27.0, 12.0, 25.0, 49.0, 20.0, 59.0, 18.0, 13.0, 35.0, 26.0], "episode_lengths": [36, 16, 22, 19, 15, 14, 34, 18, 27, 24, 29, 19, 15, 18, 50, 66, 26, 16, 19, 24, 18, 17, 19, 22, 34, 23, 101, 34, 15, 21, 10, 68, 32, 15, 15, 20, 26, 17, 12, 17, 15, 47, 43, 32, 32, 12, 13, 32, 34, 15, 11, 18, 30, 16, 35, 14, 11, 20, 17, 13, 13, 18, 18, 10, 16, 22, 19, 24, 26, 12, 22, 11, 14, 11, 15, 30, 31, 16, 15, 39, 22, 23, 13, 15, 27, 65, 48, 21, 12, 15, 40, 15, 22, 26, 32, 22, 13, 55, 12, 29, 16, 31, 36, 13, 15, 26, 11, 33, 16, 23, 48, 17, 14, 39, 16, 15, 13, 46, 20, 23, 30, 10, 74, 14, 14, 25, 21, 49, 33, 57, 18, 12, 41, 19, 10, 12, 40, 11, 8, 11, 12, 14, 18, 28, 23, 10, 21, 12, 22, 14, 25, 12, 32, 19, 16, 19, 15, 27, 12, 25, 49, 20, 59, 18, 13, 35, 26]}, "sampler_perf": {"mean_env_wait_ms": 0.07210532238232559, "mean_processing_ms": 0.18180337318090523, "mean_inference_ms": 0.7561110639774749}, "off_policy_estimator": {}, "num_healthy_workers": 1, "timesteps_total": 4000, "timers": {"sample_time_ms": 4988.526, "sample_throughput": 801.84, "load_time_ms": 48.28, "load_throughput": 82850.04, "learn_time_ms": 3820.529, "learn_throughput": 1046.975, "update_time_ms": 3.621}, "info": {"learner": {"default_policy": {"cur_kl_coeff": 0.20000000298023224, "cur_lr": 9.999999747378752e-05, "total_loss": 119.42092895507812, "policy_loss": -0.046550557017326355, "vf_loss": 119.46111297607422, "vf_explained_var": 0.17947664856910706, "kl": 0.03174201399087906, "entropy": 0.6616383194923401, "entropy_coeff": 0.0, "model": {}}}, "num_steps_sampled": 4000, "num_steps_trained": 4000}, "done": true, "episodes_total": 167, "training_iteration": 1, "experiment_id": "06b71e9793854e6887fad38eaa5c3328", "date": "2020-08-18_18-35-51", "timestamp": 1597775751, "time_this_iter_s": 9.01897931098938, "time_total_s": 9.01897931098938, "pid": 17898, "hostname": "terminator-1000", "node_ip": "10.168.0.7", "config": {"num_workers": 1, "num_envs_per_worker": 1, "rollout_fragment_length": 200, "sample_batch_size": -1, "batch_mode": "truncate_episodes", "num_gpus": 0, "train_batch_size": 4000, "model": {"conv_filters": null, "conv_activation": "relu", "fcnet_activation": "tanh", "fcnet_hiddens": [256, 256], "free_log_std": false, "no_final_linear": false, "vf_share_layers": true, "use_lstm": false, "max_seq_len": 20, "lstm_cell_size": 256, "lstm_use_prev_action_reward": false, "state_shape": null, "framestack": true, "dim": 84, "grayscale": false, "zero_mean": true, "custom_model": null, "custom_model_config": {}, "custom_action_dist": null, "custom_preprocessor": null, "custom_options": -1}, "optimizer": {}, "gamma": 0.99, "horizon": null, "soft_horizon": false, "no_done_at_end": false, "env_config": {}, "env": "CartPole-v0", "normalize_actions": false, "clip_rewards": null, "clip_actions": true, "preprocessor_pref": "deepmind", "lr": 0.0001, "monitor": false, "log_level": "WARN", "callbacks": "<class 'ray.rllib.agents.callbacks.DefaultCallbacks'>", "ignore_worker_failures": false, "log_sys_usage": true, "fake_sampler": false, "framework": "tf", "eager_tracing": false, "no_eager_on_workers": false, "explore": true, "exploration_config": {"type": "StochasticSampling"}, "evaluation_interval": null, "evaluation_num_episodes": 10, "in_evaluation": false, "evaluation_config": {}, "evaluation_num_workers": 0, "custom_eval_function": null, "sample_async": false, "observation_filter": "NoFilter", "synchronize_filters": true, "tf_session_args": {"intra_op_parallelism_threads": 2, "inter_op_parallelism_threads": 2, "gpu_options": {"allow_growth": true}, "log_device_placement": false, "device_count": {"CPU": 1}, "allow_soft_placement": true}, "local_tf_session_args": {"intra_op_parallelism_threads": 8, "inter_op_parallelism_threads": 8}, "compress_observations": false, "collect_metrics_timeout": 180, "metrics_smoothing_episodes": 100, "remote_worker_envs": false, "remote_env_batch_wait_ms": 0, "min_iter_time_s": 0, "timesteps_per_iteration": 0, "seed": null, "extra_python_environs_for_driver": {}, "extra_python_environs_for_worker": {}, "num_cpus_per_worker": 1, "num_gpus_per_worker": 0, "custom_resources_per_worker": {}, "num_cpus_for_driver": 1, "memory": 0, "object_store_memory": 0, "memory_per_worker": 0, "object_store_memory_per_worker": 0, "input": "sampler", "input_evaluation": ["is", "wis"], "postprocess_inputs": false, "shuffle_buffer_size": 0, "output": null, "output_compress_columns": ["obs", "new_obs"], "output_max_file_size": 67108864, "multiagent": {"policies": {}, "policy_mapping_fn": null, "policies_to_train": null, "observation_fn": null}, "use_pytorch": -1, "use_critic": true, "use_gae": true, "lambda": 1.0, "kl_coeff": 0.2, "sgd_minibatch_size": 128, "shuffle_sequences": true, "num_sgd_iter": 30, "lr_schedule": null, "vf_share_layers": false, "vf_loss_coeff": 1.0, "entropy_coeff": 0.0, "entropy_coeff_schedule": null, "clip_param": 0.3, "vf_clip_param": 10.0, "grad_clip": null, "kl_target": 0.01, "simple_optimizer": false, "_fake_gpus": false}, "time_since_restore": 9.01897931098938, "timesteps_since_restore": 0, "iterations_since_restore": 1, "perf": {"cpu_util_percent": 36.407692307692315, "ram_util_percent": 3.530769230769231}, "trial_id": "9c03b_00002", "experiment_tag": "2_lr=0.0001"}
