{"episode_reward_max": 74.0, "episode_reward_min": 9.0, "episode_reward_mean": 21.917582417582416, "episode_len_mean": 21.917582417582416, "episodes_this_iter": 182, "policy_reward_min": {}, "policy_reward_max": {}, "policy_reward_mean": {}, "custom_metrics": {}, "hist_stats": {"episode_reward": [15.0, 27.0, 24.0, 13.0, 18.0, 21.0, 24.0, 9.0, 12.0, 68.0, 12.0, 15.0, 12.0, 27.0, 11.0, 38.0, 20.0, 22.0, 22.0, 59.0, 10.0, 30.0, 13.0, 14.0, 23.0, 39.0, 16.0, 42.0, 11.0, 35.0, 33.0, 11.0, 32.0, 45.0, 30.0, 11.0, 32.0, 12.0, 15.0, 23.0, 17.0, 36.0, 21.0, 22.0, 26.0, 28.0, 11.0, 34.0, 13.0, 46.0, 16.0, 20.0, 33.0, 32.0, 18.0, 16.0, 21.0, 38.0, 13.0, 16.0, 19.0, 13.0, 18.0, 13.0, 21.0, 30.0, 11.0, 74.0, 49.0, 12.0, 11.0, 21.0, 16.0, 41.0, 15.0, 20.0, 14.0, 21.0, 13.0, 12.0, 19.0, 10.0, 11.0, 12.0, 15.0, 27.0, 18.0, 17.0, 29.0, 13.0, 10.0, 17.0, 40.0, 26.0, 12.0, 20.0, 31.0, 18.0, 10.0, 11.0, 16.0, 15.0, 22.0, 25.0, 15.0, 28.0, 16.0, 12.0, 15.0, 13.0, 17.0, 18.0, 29.0, 24.0, 14.0, 33.0, 14.0, 31.0, 12.0, 11.0, 52.0, 24.0, 16.0, 11.0, 17.0, 13.0, 31.0, 18.0, 35.0, 14.0, 22.0, 45.0, 21.0, 10.0, 22.0, 13.0, 19.0, 10.0, 14.0, 13.0, 22.0, 32.0, 14.0, 18.0, 16.0, 10.0, 27.0, 19.0, 16.0, 25.0, 18.0, 52.0, 19.0, 23.0, 44.0, 36.0, 17.0, 14.0, 13.0, 39.0, 29.0, 17.0, 14.0, 28.0, 25.0, 12.0, 25.0, 20.0, 32.0, 16.0, 26.0, 20.0, 18.0, 12.0, 10.0, 22.0, 36.0, 34.0, 16.0, 16.0, 44.0, 10.0], "episode_lengths": [15, 27, 24, 13, 18, 21, 24, 9, 12, 68, 12, 15, 12, 27, 11, 38, 20, 22, 22, 59, 10, 30, 13, 14, 23, 39, 16, 42, 11, 35, 33, 11, 32, 45, 30, 11, 32, 12, 15, 23, 17, 36, 21, 22, 26, 28, 11, 34, 13, 46, 16, 20, 33, 32, 18, 16, 21, 38, 13, 16, 19, 13, 18, 13, 21, 30, 11, 74, 49, 12, 11, 21, 16, 41, 15, 20, 14, 21, 13, 12, 19, 10, 11, 12, 15, 27, 18, 17, 29, 13, 10, 17, 40, 26, 12, 20, 31, 18, 10, 11, 16, 15, 22, 25, 15, 28, 16, 12, 15, 13, 17, 18, 29, 24, 14, 33, 14, 31, 12, 11, 52, 24, 16, 11, 17, 13, 31, 18, 35, 14, 22, 45, 21, 10, 22, 13, 19, 10, 14, 13, 22, 32, 14, 18, 16, 10, 27, 19, 16, 25, 18, 52, 19, 23, 44, 36, 17, 14, 13, 39, 29, 17, 14, 28, 25, 12, 25, 20, 32, 16, 26, 20, 18, 12, 10, 22, 36, 34, 16, 16, 44, 10]}, "sampler_perf": {"mean_env_wait_ms": 0.05732378760626006, "mean_processing_ms": 0.14144842161651972, "mean_inference_ms": 0.6361094691460801}, "off_policy_estimator": {}, "num_healthy_workers": 1, "timesteps_total": 4000, "timers": {"sample_time_ms": 4504.528, "sample_throughput": 887.995, "load_time_ms": 37.735, "load_throughput": 106002.426, "learn_time_ms": 3796.376, "learn_throughput": 1053.636, "update_time_ms": 2.154}, "info": {"learner": {"default_policy": {"cur_kl_coeff": 0.20000000298023224, "cur_lr": 9.999999747378752e-05, "total_loss": 69.95942687988281, "policy_loss": -0.04460618644952774, "vf_loss": 69.99847412109375, "vf_explained_var": 0.25854286551475525, "kl": 0.027774646878242493, "entropy": 0.6668769121170044, "entropy_coeff": 0.0, "model": {}}}, "num_steps_sampled": 4000, "num_steps_trained": 4000}, "done": true, "episodes_total": 182, "training_iteration": 1, "experiment_id": "4da36ab5128240239a3a6ff90551c3d0", "date": "2020-08-16_04-18-13", "timestamp": 1597551493, "time_this_iter_s": 8.450749635696411, "time_total_s": 8.450749635696411, "pid": 24993, "hostname": "ntozcc-dv-mlalo-vm", "node_ip": "10.0.0.4", "config": {"num_workers": 1, "num_envs_per_worker": 1, "rollout_fragment_length": 200, "sample_batch_size": -1, "batch_mode": "truncate_episodes", "num_gpus": 0, "train_batch_size": 4000, "model": {"conv_filters": null, "conv_activation": "relu", "fcnet_activation": "tanh", "fcnet_hiddens": [256, 256], "free_log_std": false, "no_final_linear": false, "vf_share_layers": true, "use_lstm": false, "max_seq_len": 20, "lstm_cell_size": 256, "lstm_use_prev_action_reward": false, "state_shape": null, "framestack": true, "dim": 84, "grayscale": false, "zero_mean": true, "custom_model": null, "custom_model_config": {}, "custom_action_dist": null, "custom_preprocessor": null, "custom_options": -1}, "optimizer": {}, "gamma": 0.99, "horizon": null, "soft_horizon": false, "no_done_at_end": false, "env_config": {}, "env": "CartPole-v0", "normalize_actions": false, "clip_rewards": null, "clip_actions": true, "preprocessor_pref": "deepmind", "lr": 0.0001, "monitor": false, "log_level": "WARN", "callbacks": "<class 'ray.rllib.agents.callbacks.DefaultCallbacks'>", "ignore_worker_failures": false, "log_sys_usage": true, "fake_sampler": false, "framework": "tf", "eager_tracing": false, "no_eager_on_workers": false, "explore": true, "exploration_config": {"type": "StochasticSampling"}, "evaluation_interval": null, "evaluation_num_episodes": 10, "in_evaluation": false, "evaluation_config": {}, "evaluation_num_workers": 0, "custom_eval_function": null, "sample_async": false, "observation_filter": "NoFilter", "synchronize_filters": true, "tf_session_args": {"intra_op_parallelism_threads": 2, "inter_op_parallelism_threads": 2, "gpu_options": {"allow_growth": true}, "log_device_placement": false, "device_count": {"CPU": 1}, "allow_soft_placement": true}, "local_tf_session_args": {"intra_op_parallelism_threads": 8, "inter_op_parallelism_threads": 8}, "compress_observations": false, "collect_metrics_timeout": 180, "metrics_smoothing_episodes": 100, "remote_worker_envs": false, "remote_env_batch_wait_ms": 0, "min_iter_time_s": 0, "timesteps_per_iteration": 0, "seed": null, "extra_python_environs_for_driver": {}, "extra_python_environs_for_worker": {}, "num_cpus_per_worker": 1, "num_gpus_per_worker": 0, "custom_resources_per_worker": {}, "num_cpus_for_driver": 1, "memory": 0, "object_store_memory": 0, "memory_per_worker": 0, "object_store_memory_per_worker": 0, "input": "sampler", "input_evaluation": ["is", "wis"], "postprocess_inputs": false, "shuffle_buffer_size": 0, "output": null, "output_compress_columns": ["obs", "new_obs"], "output_max_file_size": 67108864, "multiagent": {"policies": {}, "policy_mapping_fn": null, "policies_to_train": null, "observation_fn": null}, "use_pytorch": -1, "use_critic": true, "use_gae": true, "lambda": 1.0, "kl_coeff": 0.2, "sgd_minibatch_size": 128, "shuffle_sequences": true, "num_sgd_iter": 30, "lr_schedule": null, "vf_share_layers": false, "vf_loss_coeff": 1.0, "entropy_coeff": 0.0, "entropy_coeff_schedule": null, "clip_param": 0.3, "vf_clip_param": 10.0, "grad_clip": null, "kl_target": 0.01, "simple_optimizer": false, "_fake_gpus": false}, "time_since_restore": 8.450749635696411, "timesteps_since_restore": 0, "iterations_since_restore": 1, "perf": {"cpu_util_percent": 72.17692307692309, "ram_util_percent": 32.31538461538462}, "trial_id": "67450_00002", "experiment_tag": "2_lr=0.0001"}
