{"episode_reward_max": 80.0, "episode_reward_min": 9.0, "episode_reward_mean": 20.279187817258883, "episode_len_mean": 20.279187817258883, "episodes_this_iter": 197, "policy_reward_min": {}, "policy_reward_max": {}, "policy_reward_mean": {}, "custom_metrics": {}, "hist_stats": {"episode_reward": [30.0, 27.0, 17.0, 21.0, 24.0, 16.0, 46.0, 16.0, 12.0, 13.0, 10.0, 22.0, 23.0, 22.0, 13.0, 11.0, 27.0, 11.0, 10.0, 22.0, 12.0, 12.0, 23.0, 12.0, 20.0, 16.0, 26.0, 22.0, 18.0, 16.0, 34.0, 17.0, 20.0, 22.0, 30.0, 29.0, 21.0, 36.0, 24.0, 30.0, 14.0, 14.0, 22.0, 13.0, 36.0, 16.0, 23.0, 9.0, 55.0, 12.0, 19.0, 19.0, 12.0, 13.0, 10.0, 17.0, 24.0, 20.0, 13.0, 9.0, 20.0, 28.0, 18.0, 31.0, 12.0, 9.0, 12.0, 16.0, 38.0, 42.0, 13.0, 21.0, 27.0, 13.0, 29.0, 19.0, 11.0, 12.0, 13.0, 15.0, 57.0, 18.0, 16.0, 11.0, 23.0, 27.0, 12.0, 14.0, 27.0, 12.0, 13.0, 32.0, 15.0, 12.0, 27.0, 20.0, 21.0, 18.0, 11.0, 12.0, 23.0, 80.0, 22.0, 29.0, 21.0, 15.0, 16.0, 12.0, 10.0, 11.0, 10.0, 14.0, 14.0, 45.0, 23.0, 10.0, 27.0, 19.0, 19.0, 11.0, 24.0, 30.0, 20.0, 36.0, 12.0, 14.0, 15.0, 10.0, 11.0, 11.0, 10.0, 21.0, 16.0, 15.0, 13.0, 31.0, 20.0, 21.0, 10.0, 22.0, 17.0, 42.0, 14.0, 15.0, 14.0, 13.0, 21.0, 17.0, 11.0, 18.0, 33.0, 19.0, 27.0, 15.0, 19.0, 20.0, 20.0, 11.0, 16.0, 25.0, 14.0, 17.0, 50.0, 15.0, 15.0, 14.0, 28.0, 30.0, 17.0, 24.0, 18.0, 23.0, 28.0, 22.0, 18.0, 16.0, 14.0, 17.0, 33.0, 39.0, 23.0, 41.0, 14.0, 24.0, 29.0, 15.0, 18.0, 16.0, 23.0, 22.0, 28.0, 17.0, 24.0, 36.0, 11.0, 13.0, 9.0], "episode_lengths": [30, 27, 17, 21, 24, 16, 46, 16, 12, 13, 10, 22, 23, 22, 13, 11, 27, 11, 10, 22, 12, 12, 23, 12, 20, 16, 26, 22, 18, 16, 34, 17, 20, 22, 30, 29, 21, 36, 24, 30, 14, 14, 22, 13, 36, 16, 23, 9, 55, 12, 19, 19, 12, 13, 10, 17, 24, 20, 13, 9, 20, 28, 18, 31, 12, 9, 12, 16, 38, 42, 13, 21, 27, 13, 29, 19, 11, 12, 13, 15, 57, 18, 16, 11, 23, 27, 12, 14, 27, 12, 13, 32, 15, 12, 27, 20, 21, 18, 11, 12, 23, 80, 22, 29, 21, 15, 16, 12, 10, 11, 10, 14, 14, 45, 23, 10, 27, 19, 19, 11, 24, 30, 20, 36, 12, 14, 15, 10, 11, 11, 10, 21, 16, 15, 13, 31, 20, 21, 10, 22, 17, 42, 14, 15, 14, 13, 21, 17, 11, 18, 33, 19, 27, 15, 19, 20, 20, 11, 16, 25, 14, 17, 50, 15, 15, 14, 28, 30, 17, 24, 18, 23, 28, 22, 18, 16, 14, 17, 33, 39, 23, 41, 14, 24, 29, 15, 18, 16, 23, 22, 28, 17, 24, 36, 11, 13, 9]}, "sampler_perf": {"mean_env_wait_ms": 0.07270419934307804, "mean_processing_ms": 0.18749610092365218, "mean_inference_ms": 0.7631362780604591}, "off_policy_estimator": {}, "num_healthy_workers": 1, "timesteps_total": 4000, "timers": {"sample_time_ms": 5088.04, "sample_throughput": 786.157, "load_time_ms": 47.036, "load_throughput": 85041.798, "learn_time_ms": 3872.321, "learn_throughput": 1032.972, "update_time_ms": 2.356}, "info": {"learner": {"default_policy": {"cur_kl_coeff": 0.20000000298023224, "cur_lr": 0.009999999776482582, "total_loss": 58.115013122558594, "policy_loss": -0.04251677542924881, "vf_loss": 58.15021896362305, "vf_explained_var": 0.3427183926105499, "kl": 0.036586493253707886, "entropy": 0.6576917171478271, "entropy_coeff": 0.0, "model": {}}}, "num_steps_sampled": 4000, "num_steps_trained": 4000}, "done": true, "episodes_total": 197, "training_iteration": 1, "experiment_id": "a0ea8da2faa54b22886be1677b866d12", "date": "2020-08-18_18-35-51", "timestamp": 1597775751, "time_this_iter_s": 9.13330626487732, "time_total_s": 9.13330626487732, "pid": 17893, "hostname": "terminator-1000", "node_ip": "10.168.0.7", "config": {"num_workers": 1, "num_envs_per_worker": 1, "rollout_fragment_length": 200, "sample_batch_size": -1, "batch_mode": "truncate_episodes", "num_gpus": 0, "train_batch_size": 4000, "model": {"conv_filters": null, "conv_activation": "relu", "fcnet_activation": "tanh", "fcnet_hiddens": [256, 256], "free_log_std": false, "no_final_linear": false, "vf_share_layers": true, "use_lstm": false, "max_seq_len": 20, "lstm_cell_size": 256, "lstm_use_prev_action_reward": false, "state_shape": null, "framestack": true, "dim": 84, "grayscale": false, "zero_mean": true, "custom_model": null, "custom_model_config": {}, "custom_action_dist": null, "custom_preprocessor": null, "custom_options": -1}, "optimizer": {}, "gamma": 0.99, "horizon": null, "soft_horizon": false, "no_done_at_end": false, "env_config": {}, "env": "CartPole-v0", "normalize_actions": false, "clip_rewards": null, "clip_actions": true, "preprocessor_pref": "deepmind", "lr": 0.01, "monitor": false, "log_level": "WARN", "callbacks": "<class 'ray.rllib.agents.callbacks.DefaultCallbacks'>", "ignore_worker_failures": false, "log_sys_usage": true, "fake_sampler": false, "framework": "tf", "eager_tracing": false, "no_eager_on_workers": false, "explore": true, "exploration_config": {"type": "StochasticSampling"}, "evaluation_interval": null, "evaluation_num_episodes": 10, "in_evaluation": false, "evaluation_config": {}, "evaluation_num_workers": 0, "custom_eval_function": null, "sample_async": false, "observation_filter": "NoFilter", "synchronize_filters": true, "tf_session_args": {"intra_op_parallelism_threads": 2, "inter_op_parallelism_threads": 2, "gpu_options": {"allow_growth": true}, "log_device_placement": false, "device_count": {"CPU": 1}, "allow_soft_placement": true}, "local_tf_session_args": {"intra_op_parallelism_threads": 8, "inter_op_parallelism_threads": 8}, "compress_observations": false, "collect_metrics_timeout": 180, "metrics_smoothing_episodes": 100, "remote_worker_envs": false, "remote_env_batch_wait_ms": 0, "min_iter_time_s": 0, "timesteps_per_iteration": 0, "seed": null, "extra_python_environs_for_driver": {}, "extra_python_environs_for_worker": {}, "num_cpus_per_worker": 1, "num_gpus_per_worker": 0, "custom_resources_per_worker": {}, "num_cpus_for_driver": 1, "memory": 0, "object_store_memory": 0, "memory_per_worker": 0, "object_store_memory_per_worker": 0, "input": "sampler", "input_evaluation": ["is", "wis"], "postprocess_inputs": false, "shuffle_buffer_size": 0, "output": null, "output_compress_columns": ["obs", "new_obs"], "output_max_file_size": 67108864, "multiagent": {"policies": {}, "policy_mapping_fn": null, "policies_to_train": null, "observation_fn": null}, "use_pytorch": -1, "use_critic": true, "use_gae": true, "lambda": 1.0, "kl_coeff": 0.2, "sgd_minibatch_size": 128, "shuffle_sequences": true, "num_sgd_iter": 30, "lr_schedule": null, "vf_share_layers": false, "vf_loss_coeff": 1.0, "entropy_coeff": 0.0, "entropy_coeff_schedule": null, "clip_param": 0.3, "vf_clip_param": 10.0, "grad_clip": null, "kl_target": 0.01, "simple_optimizer": false, "_fake_gpus": false}, "time_since_restore": 9.13330626487732, "timesteps_since_restore": 0, "iterations_since_restore": 1, "perf": {"cpu_util_percent": 37.364285714285714, "ram_util_percent": 3.535714285714286}, "trial_id": "9c03b_00000", "experiment_tag": "0_lr=0.01"}
