{"episode_reward_max": 68.0, "episode_reward_min": 8.0, "episode_reward_mean": 23.17543859649123, "episode_len_mean": 23.17543859649123, "episodes_this_iter": 171, "policy_reward_min": {}, "policy_reward_max": {}, "policy_reward_mean": {}, "custom_metrics": {}, "hist_stats": {"episode_reward": [12.0, 13.0, 21.0, 27.0, 19.0, 68.0, 26.0, 14.0, 31.0, 13.0, 19.0, 49.0, 19.0, 27.0, 17.0, 15.0, 18.0, 10.0, 12.0, 25.0, 21.0, 25.0, 33.0, 47.0, 28.0, 24.0, 53.0, 22.0, 16.0, 21.0, 29.0, 19.0, 26.0, 67.0, 32.0, 20.0, 21.0, 42.0, 10.0, 23.0, 14.0, 39.0, 14.0, 27.0, 14.0, 11.0, 19.0, 24.0, 22.0, 15.0, 25.0, 13.0, 25.0, 47.0, 17.0, 15.0, 15.0, 24.0, 13.0, 64.0, 9.0, 30.0, 10.0, 31.0, 16.0, 15.0, 21.0, 27.0, 23.0, 42.0, 23.0, 23.0, 47.0, 56.0, 15.0, 17.0, 52.0, 13.0, 25.0, 16.0, 25.0, 11.0, 12.0, 30.0, 15.0, 16.0, 29.0, 29.0, 13.0, 11.0, 32.0, 16.0, 34.0, 25.0, 12.0, 25.0, 20.0, 14.0, 12.0, 13.0, 44.0, 22.0, 9.0, 22.0, 10.0, 27.0, 27.0, 13.0, 19.0, 12.0, 15.0, 34.0, 28.0, 24.0, 20.0, 9.0, 21.0, 12.0, 18.0, 13.0, 12.0, 19.0, 19.0, 18.0, 12.0, 16.0, 13.0, 20.0, 29.0, 30.0, 14.0, 12.0, 28.0, 15.0, 36.0, 29.0, 17.0, 12.0, 15.0, 21.0, 10.0, 28.0, 44.0, 21.0, 31.0, 10.0, 33.0, 18.0, 9.0, 17.0, 40.0, 10.0, 58.0, 19.0, 41.0, 16.0, 23.0, 39.0, 44.0, 14.0, 18.0, 33.0, 16.0, 8.0, 40.0, 17.0, 28.0, 20.0, 15.0, 45.0, 16.0], "episode_lengths": [12, 13, 21, 27, 19, 68, 26, 14, 31, 13, 19, 49, 19, 27, 17, 15, 18, 10, 12, 25, 21, 25, 33, 47, 28, 24, 53, 22, 16, 21, 29, 19, 26, 67, 32, 20, 21, 42, 10, 23, 14, 39, 14, 27, 14, 11, 19, 24, 22, 15, 25, 13, 25, 47, 17, 15, 15, 24, 13, 64, 9, 30, 10, 31, 16, 15, 21, 27, 23, 42, 23, 23, 47, 56, 15, 17, 52, 13, 25, 16, 25, 11, 12, 30, 15, 16, 29, 29, 13, 11, 32, 16, 34, 25, 12, 25, 20, 14, 12, 13, 44, 22, 9, 22, 10, 27, 27, 13, 19, 12, 15, 34, 28, 24, 20, 9, 21, 12, 18, 13, 12, 19, 19, 18, 12, 16, 13, 20, 29, 30, 14, 12, 28, 15, 36, 29, 17, 12, 15, 21, 10, 28, 44, 21, 31, 10, 33, 18, 9, 17, 40, 10, 58, 19, 41, 16, 23, 39, 44, 14, 18, 33, 16, 8, 40, 17, 28, 20, 15, 45, 16]}, "sampler_perf": {"mean_env_wait_ms": 0.058798872211878676, "mean_processing_ms": 0.14510776841083306, "mean_inference_ms": 0.6430808736872179}, "off_policy_estimator": {}, "num_healthy_workers": 1, "timesteps_total": 4000, "timers": {"sample_time_ms": 4709.31, "sample_throughput": 849.381, "load_time_ms": 37.973, "load_throughput": 105337.544, "learn_time_ms": 3894.942, "learn_throughput": 1026.973, "update_time_ms": 2.215}, "info": {"learner": {"default_policy": {"cur_kl_coeff": 0.20000000298023224, "cur_lr": 0.0010000000474974513, "total_loss": 93.62423706054688, "policy_loss": -0.04606856778264046, "vf_loss": 93.6627426147461, "vf_explained_var": 0.25330454111099243, "kl": 0.037835583090782166, "entropy": 0.6568022966384888, "entropy_coeff": 0.0, "model": {}}}, "num_steps_sampled": 4000, "num_steps_trained": 4000}, "done": true, "episodes_total": 171, "training_iteration": 1, "experiment_id": "c8c9289226f24b42a8b2243bc69c2a36", "date": "2020-08-16_04-00-29", "timestamp": 1597550429, "time_this_iter_s": 8.751815795898438, "time_total_s": 8.751815795898438, "pid": 22482, "hostname": "ntozcc-dv-mlalo-vm", "node_ip": "10.0.0.4", "config": {"num_workers": 1, "num_envs_per_worker": 1, "rollout_fragment_length": 200, "sample_batch_size": -1, "batch_mode": "truncate_episodes", "num_gpus": 0, "train_batch_size": 4000, "model": {"conv_filters": null, "conv_activation": "relu", "fcnet_activation": "tanh", "fcnet_hiddens": [256, 256], "free_log_std": false, "no_final_linear": false, "vf_share_layers": true, "use_lstm": false, "max_seq_len": 20, "lstm_cell_size": 256, "lstm_use_prev_action_reward": false, "state_shape": null, "framestack": true, "dim": 84, "grayscale": false, "zero_mean": true, "custom_model": null, "custom_model_config": {}, "custom_action_dist": null, "custom_preprocessor": null, "custom_options": -1}, "optimizer": {}, "gamma": 0.99, "horizon": null, "soft_horizon": false, "no_done_at_end": false, "env_config": {}, "env": "CartPole-v0", "normalize_actions": false, "clip_rewards": null, "clip_actions": true, "preprocessor_pref": "deepmind", "lr": 0.001, "monitor": false, "log_level": "WARN", "callbacks": "<class 'ray.rllib.agents.callbacks.DefaultCallbacks'>", "ignore_worker_failures": false, "log_sys_usage": true, "fake_sampler": false, "framework": "tf", "eager_tracing": false, "no_eager_on_workers": false, "explore": true, "exploration_config": {"type": "StochasticSampling"}, "evaluation_interval": null, "evaluation_num_episodes": 10, "in_evaluation": false, "evaluation_config": {}, "evaluation_num_workers": 0, "custom_eval_function": null, "sample_async": false, "observation_filter": "NoFilter", "synchronize_filters": true, "tf_session_args": {"intra_op_parallelism_threads": 2, "inter_op_parallelism_threads": 2, "gpu_options": {"allow_growth": true}, "log_device_placement": false, "device_count": {"CPU": 1}, "allow_soft_placement": true}, "local_tf_session_args": {"intra_op_parallelism_threads": 8, "inter_op_parallelism_threads": 8}, "compress_observations": false, "collect_metrics_timeout": 180, "metrics_smoothing_episodes": 100, "remote_worker_envs": false, "remote_env_batch_wait_ms": 0, "min_iter_time_s": 0, "timesteps_per_iteration": 0, "seed": null, "extra_python_environs_for_driver": {}, "extra_python_environs_for_worker": {}, "num_cpus_per_worker": 1, "num_gpus_per_worker": 0, "custom_resources_per_worker": {}, "num_cpus_for_driver": 1, "memory": 0, "object_store_memory": 0, "memory_per_worker": 0, "object_store_memory_per_worker": 0, "input": "sampler", "input_evaluation": ["is", "wis"], "postprocess_inputs": false, "shuffle_buffer_size": 0, "output": null, "output_compress_columns": ["obs", "new_obs"], "output_max_file_size": 67108864, "multiagent": {"policies": {}, "policy_mapping_fn": null, "policies_to_train": null, "observation_fn": null}, "use_pytorch": -1, "use_critic": true, "use_gae": true, "lambda": 1.0, "kl_coeff": 0.2, "sgd_minibatch_size": 128, "shuffle_sequences": true, "num_sgd_iter": 30, "lr_schedule": null, "vf_share_layers": false, "vf_loss_coeff": 1.0, "entropy_coeff": 0.0, "entropy_coeff_schedule": null, "clip_param": 0.3, "vf_clip_param": 10.0, "grad_clip": null, "kl_target": 0.01, "simple_optimizer": false, "_fake_gpus": false}, "time_since_restore": 8.751815795898438, "timesteps_since_restore": 0, "iterations_since_restore": 1, "perf": {"cpu_util_percent": 71.69230769230771, "ram_util_percent": 32.346153846153854}, "trial_id": "f4f23_00001", "experiment_tag": "1_lr=0.001"}
