{"episode_reward_max": 93.0, "episode_reward_min": 9.0, "episode_reward_mean": 22.11111111111111, "episode_len_mean": 22.11111111111111, "episodes_this_iter": 180, "policy_reward_min": {}, "policy_reward_max": {}, "policy_reward_mean": {}, "custom_metrics": {}, "hist_stats": {"episode_reward": [16.0, 15.0, 16.0, 13.0, 16.0, 30.0, 12.0, 17.0, 11.0, 41.0, 15.0, 39.0, 17.0, 11.0, 18.0, 13.0, 28.0, 31.0, 13.0, 36.0, 53.0, 25.0, 34.0, 19.0, 42.0, 9.0, 21.0, 16.0, 12.0, 18.0, 19.0, 20.0, 14.0, 13.0, 11.0, 33.0, 11.0, 28.0, 10.0, 12.0, 17.0, 31.0, 11.0, 17.0, 13.0, 10.0, 27.0, 18.0, 17.0, 14.0, 26.0, 14.0, 11.0, 37.0, 14.0, 26.0, 45.0, 12.0, 32.0, 25.0, 27.0, 14.0, 23.0, 15.0, 22.0, 58.0, 15.0, 93.0, 26.0, 15.0, 23.0, 21.0, 19.0, 27.0, 15.0, 35.0, 41.0, 22.0, 26.0, 14.0, 19.0, 23.0, 11.0, 23.0, 23.0, 30.0, 16.0, 26.0, 17.0, 23.0, 20.0, 26.0, 29.0, 23.0, 42.0, 15.0, 14.0, 11.0, 13.0, 13.0, 15.0, 23.0, 13.0, 16.0, 12.0, 27.0, 39.0, 11.0, 11.0, 48.0, 18.0, 9.0, 28.0, 32.0, 42.0, 12.0, 23.0, 11.0, 19.0, 27.0, 31.0, 11.0, 46.0, 20.0, 19.0, 43.0, 24.0, 29.0, 11.0, 19.0, 14.0, 12.0, 33.0, 23.0, 23.0, 26.0, 38.0, 18.0, 13.0, 21.0, 20.0, 14.0, 10.0, 18.0, 14.0, 63.0, 19.0, 25.0, 28.0, 29.0, 12.0, 29.0, 17.0, 13.0, 15.0, 12.0, 14.0, 14.0, 20.0, 23.0, 15.0, 26.0, 13.0, 13.0, 37.0, 14.0, 20.0, 12.0, 27.0, 24.0, 57.0, 28.0, 13.0, 12.0, 18.0, 64.0, 14.0, 17.0, 14.0, 10.0], "episode_lengths": [16, 15, 16, 13, 16, 30, 12, 17, 11, 41, 15, 39, 17, 11, 18, 13, 28, 31, 13, 36, 53, 25, 34, 19, 42, 9, 21, 16, 12, 18, 19, 20, 14, 13, 11, 33, 11, 28, 10, 12, 17, 31, 11, 17, 13, 10, 27, 18, 17, 14, 26, 14, 11, 37, 14, 26, 45, 12, 32, 25, 27, 14, 23, 15, 22, 58, 15, 93, 26, 15, 23, 21, 19, 27, 15, 35, 41, 22, 26, 14, 19, 23, 11, 23, 23, 30, 16, 26, 17, 23, 20, 26, 29, 23, 42, 15, 14, 11, 13, 13, 15, 23, 13, 16, 12, 27, 39, 11, 11, 48, 18, 9, 28, 32, 42, 12, 23, 11, 19, 27, 31, 11, 46, 20, 19, 43, 24, 29, 11, 19, 14, 12, 33, 23, 23, 26, 38, 18, 13, 21, 20, 14, 10, 18, 14, 63, 19, 25, 28, 29, 12, 29, 17, 13, 15, 12, 14, 14, 20, 23, 15, 26, 13, 13, 37, 14, 20, 12, 27, 24, 57, 28, 13, 12, 18, 64, 14, 17, 14, 10]}, "sampler_perf": {"mean_env_wait_ms": 0.070973117182893, "mean_processing_ms": 0.1812310136577184, "mean_inference_ms": 0.7475434884641265}, "off_policy_estimator": {}, "num_healthy_workers": 1, "timesteps_total": 4000, "timers": {"sample_time_ms": 4919.349, "sample_throughput": 813.116, "load_time_ms": 49.033, "load_throughput": 81577.835, "learn_time_ms": 3904.257, "learn_throughput": 1024.523, "update_time_ms": 3.059}, "info": {"learner": {"default_policy": {"cur_kl_coeff": 0.20000000298023224, "cur_lr": 0.0010000000474974513, "total_loss": 90.2554702758789, "policy_loss": -0.05522671341896057, "vf_loss": 90.30279541015625, "vf_explained_var": 0.28191515803337097, "kl": 0.0396244116127491, "entropy": 0.6549863219261169, "entropy_coeff": 0.0, "model": {}}}, "num_steps_sampled": 4000, "num_steps_trained": 4000}, "done": true, "episodes_total": 180, "training_iteration": 1, "experiment_id": "e892cb9a08974691a41ab371df2ede75", "date": "2020-08-18_17-09-02", "timestamp": 1597770542, "time_this_iter_s": 9.011117696762085, "time_total_s": 9.011117696762085, "pid": 9382, "hostname": "terminator-1000", "node_ip": "10.168.0.7", "config": {"num_workers": 1, "num_envs_per_worker": 1, "rollout_fragment_length": 200, "sample_batch_size": -1, "batch_mode": "truncate_episodes", "num_gpus": 0, "train_batch_size": 4000, "model": {"conv_filters": null, "conv_activation": "relu", "fcnet_activation": "tanh", "fcnet_hiddens": [256, 256], "free_log_std": false, "no_final_linear": false, "vf_share_layers": true, "use_lstm": false, "max_seq_len": 20, "lstm_cell_size": 256, "lstm_use_prev_action_reward": false, "state_shape": null, "framestack": true, "dim": 84, "grayscale": false, "zero_mean": true, "custom_model": null, "custom_model_config": {}, "custom_action_dist": null, "custom_preprocessor": null, "custom_options": -1}, "optimizer": {}, "gamma": 0.99, "horizon": null, "soft_horizon": false, "no_done_at_end": false, "env_config": {}, "env": "CartPole-v0", "normalize_actions": false, "clip_rewards": null, "clip_actions": true, "preprocessor_pref": "deepmind", "lr": 0.001, "monitor": false, "log_level": "WARN", "callbacks": "<class 'ray.rllib.agents.callbacks.DefaultCallbacks'>", "ignore_worker_failures": false, "log_sys_usage": true, "fake_sampler": false, "framework": "tf", "eager_tracing": false, "no_eager_on_workers": false, "explore": true, "exploration_config": {"type": "StochasticSampling"}, "evaluation_interval": null, "evaluation_num_episodes": 10, "in_evaluation": false, "evaluation_config": {}, "evaluation_num_workers": 0, "custom_eval_function": null, "sample_async": false, "observation_filter": "NoFilter", "synchronize_filters": true, "tf_session_args": {"intra_op_parallelism_threads": 2, "inter_op_parallelism_threads": 2, "gpu_options": {"allow_growth": true}, "log_device_placement": false, "device_count": {"CPU": 1}, "allow_soft_placement": true}, "local_tf_session_args": {"intra_op_parallelism_threads": 8, "inter_op_parallelism_threads": 8}, "compress_observations": false, "collect_metrics_timeout": 180, "metrics_smoothing_episodes": 100, "remote_worker_envs": false, "remote_env_batch_wait_ms": 0, "min_iter_time_s": 0, "timesteps_per_iteration": 0, "seed": null, "extra_python_environs_for_driver": {}, "extra_python_environs_for_worker": {}, "num_cpus_per_worker": 1, "num_gpus_per_worker": 0, "custom_resources_per_worker": {}, "num_cpus_for_driver": 1, "memory": 0, "object_store_memory": 0, "memory_per_worker": 0, "object_store_memory_per_worker": 0, "input": "sampler", "input_evaluation": ["is", "wis"], "postprocess_inputs": false, "shuffle_buffer_size": 0, "output": null, "output_compress_columns": ["obs", "new_obs"], "output_max_file_size": 67108864, "multiagent": {"policies": {}, "policy_mapping_fn": null, "policies_to_train": null, "observation_fn": null}, "use_pytorch": -1, "use_critic": true, "use_gae": true, "lambda": 1.0, "kl_coeff": 0.2, "sgd_minibatch_size": 128, "shuffle_sequences": true, "num_sgd_iter": 30, "lr_schedule": null, "vf_share_layers": false, "vf_loss_coeff": 1.0, "entropy_coeff": 0.0, "entropy_coeff_schedule": null, "clip_param": 0.3, "vf_clip_param": 10.0, "grad_clip": null, "kl_target": 0.01, "simple_optimizer": false, "_fake_gpus": false}, "time_since_restore": 9.011117696762085, "timesteps_since_restore": 0, "iterations_since_restore": 1, "perf": {"cpu_util_percent": 36.738461538461536, "ram_util_percent": 3.5153846153846158}, "trial_id": "7b6a4_00001", "experiment_tag": "1_lr=0.001"}
