{"episode_reward_max": 56.0, "episode_reward_min": 10.0, "episode_reward_mean": 21.818681318681318, "episode_len_mean": 21.818681318681318, "episodes_this_iter": 182, "policy_reward_min": {}, "policy_reward_max": {}, "policy_reward_mean": {}, "custom_metrics": {}, "hist_stats": {"episode_reward": [20.0, 20.0, 24.0, 35.0, 17.0, 16.0, 28.0, 18.0, 29.0, 36.0, 16.0, 10.0, 23.0, 13.0, 26.0, 16.0, 38.0, 29.0, 32.0, 29.0, 21.0, 14.0, 11.0, 16.0, 19.0, 10.0, 18.0, 19.0, 17.0, 26.0, 15.0, 26.0, 17.0, 38.0, 41.0, 25.0, 26.0, 13.0, 28.0, 12.0, 28.0, 29.0, 17.0, 11.0, 12.0, 17.0, 18.0, 16.0, 14.0, 23.0, 21.0, 37.0, 18.0, 17.0, 29.0, 19.0, 18.0, 52.0, 13.0, 38.0, 11.0, 31.0, 13.0, 10.0, 31.0, 22.0, 14.0, 26.0, 17.0, 14.0, 12.0, 17.0, 15.0, 24.0, 31.0, 13.0, 16.0, 23.0, 20.0, 25.0, 16.0, 20.0, 14.0, 17.0, 20.0, 17.0, 19.0, 23.0, 23.0, 16.0, 18.0, 15.0, 18.0, 17.0, 13.0, 38.0, 16.0, 17.0, 10.0, 14.0, 11.0, 15.0, 31.0, 13.0, 23.0, 16.0, 18.0, 31.0, 17.0, 19.0, 38.0, 20.0, 29.0, 22.0, 18.0, 55.0, 53.0, 17.0, 15.0, 12.0, 20.0, 11.0, 24.0, 15.0, 47.0, 16.0, 14.0, 29.0, 33.0, 43.0, 14.0, 17.0, 16.0, 10.0, 20.0, 20.0, 16.0, 11.0, 25.0, 24.0, 12.0, 16.0, 10.0, 17.0, 34.0, 56.0, 26.0, 20.0, 25.0, 15.0, 14.0, 33.0, 16.0, 17.0, 28.0, 34.0, 43.0, 36.0, 11.0, 28.0, 35.0, 34.0, 21.0, 19.0, 24.0, 16.0, 17.0, 24.0, 15.0, 44.0, 18.0, 17.0, 12.0, 12.0, 37.0, 14.0, 22.0, 11.0, 16.0, 30.0, 42.0, 22.0], "episode_lengths": [20, 20, 24, 35, 17, 16, 28, 18, 29, 36, 16, 10, 23, 13, 26, 16, 38, 29, 32, 29, 21, 14, 11, 16, 19, 10, 18, 19, 17, 26, 15, 26, 17, 38, 41, 25, 26, 13, 28, 12, 28, 29, 17, 11, 12, 17, 18, 16, 14, 23, 21, 37, 18, 17, 29, 19, 18, 52, 13, 38, 11, 31, 13, 10, 31, 22, 14, 26, 17, 14, 12, 17, 15, 24, 31, 13, 16, 23, 20, 25, 16, 20, 14, 17, 20, 17, 19, 23, 23, 16, 18, 15, 18, 17, 13, 38, 16, 17, 10, 14, 11, 15, 31, 13, 23, 16, 18, 31, 17, 19, 38, 20, 29, 22, 18, 55, 53, 17, 15, 12, 20, 11, 24, 15, 47, 16, 14, 29, 33, 43, 14, 17, 16, 10, 20, 20, 16, 11, 25, 24, 12, 16, 10, 17, 34, 56, 26, 20, 25, 15, 14, 33, 16, 17, 28, 34, 43, 36, 11, 28, 35, 34, 21, 19, 24, 16, 17, 24, 15, 44, 18, 17, 12, 12, 37, 14, 22, 11, 16, 30, 42, 22]}, "sampler_perf": {"mean_env_wait_ms": 0.05788893677001893, "mean_processing_ms": 0.14373470145265804, "mean_inference_ms": 0.6415349964617609}, "off_policy_estimator": {}, "num_healthy_workers": 1, "timesteps_total": 4000, "timers": {"sample_time_ms": 4507.045, "sample_throughput": 887.5, "load_time_ms": 39.809, "load_throughput": 100480.422, "learn_time_ms": 3777.871, "learn_throughput": 1058.797, "update_time_ms": 2.118}, "info": {"learner": {"default_policy": {"cur_kl_coeff": 0.20000000298023224, "cur_lr": 0.0010000000474974513, "total_loss": 60.239376068115234, "policy_loss": -0.046971216797828674, "vf_loss": 60.27852249145508, "vf_explained_var": 0.3251742422580719, "kl": 0.03913835063576698, "entropy": 0.6549745202064514, "entropy_coeff": 0.0, "model": {}}}, "num_steps_sampled": 4000, "num_steps_trained": 4000}, "done": true, "episodes_total": 182, "training_iteration": 1, "experiment_id": "33121df06fdb413db317bffba4729506", "date": "2020-08-16_03-54-31", "timestamp": 1597550071, "time_this_iter_s": 8.424651384353638, "time_total_s": 8.424651384353638, "pid": 21555, "hostname": "ntozcc-dv-mlalo-vm", "node_ip": "10.0.0.4", "config": {"num_workers": 1, "num_envs_per_worker": 1, "rollout_fragment_length": 200, "sample_batch_size": -1, "batch_mode": "truncate_episodes", "num_gpus": 0, "train_batch_size": 4000, "model": {"conv_filters": null, "conv_activation": "relu", "fcnet_activation": "tanh", "fcnet_hiddens": [256, 256], "free_log_std": false, "no_final_linear": false, "vf_share_layers": true, "use_lstm": false, "max_seq_len": 20, "lstm_cell_size": 256, "lstm_use_prev_action_reward": false, "state_shape": null, "framestack": true, "dim": 84, "grayscale": false, "zero_mean": true, "custom_model": null, "custom_model_config": {}, "custom_action_dist": null, "custom_preprocessor": null, "custom_options": -1}, "optimizer": {}, "gamma": 0.99, "horizon": null, "soft_horizon": false, "no_done_at_end": false, "env_config": {}, "env": "CartPole-v0", "normalize_actions": false, "clip_rewards": null, "clip_actions": true, "preprocessor_pref": "deepmind", "lr": 0.001, "monitor": false, "log_level": "WARN", "callbacks": "<class 'ray.rllib.agents.callbacks.DefaultCallbacks'>", "ignore_worker_failures": false, "log_sys_usage": true, "fake_sampler": false, "framework": "tf", "eager_tracing": false, "no_eager_on_workers": false, "explore": true, "exploration_config": {"type": "StochasticSampling"}, "evaluation_interval": null, "evaluation_num_episodes": 10, "in_evaluation": false, "evaluation_config": {}, "evaluation_num_workers": 0, "custom_eval_function": null, "sample_async": false, "observation_filter": "NoFilter", "synchronize_filters": true, "tf_session_args": {"intra_op_parallelism_threads": 2, "inter_op_parallelism_threads": 2, "gpu_options": {"allow_growth": true}, "log_device_placement": false, "device_count": {"CPU": 1}, "allow_soft_placement": true}, "local_tf_session_args": {"intra_op_parallelism_threads": 8, "inter_op_parallelism_threads": 8}, "compress_observations": false, "collect_metrics_timeout": 180, "metrics_smoothing_episodes": 100, "remote_worker_envs": false, "remote_env_batch_wait_ms": 0, "min_iter_time_s": 0, "timesteps_per_iteration": 0, "seed": null, "extra_python_environs_for_driver": {}, "extra_python_environs_for_worker": {}, "num_cpus_per_worker": 1, "num_gpus_per_worker": 0, "custom_resources_per_worker": {}, "num_cpus_for_driver": 1, "memory": 0, "object_store_memory": 0, "memory_per_worker": 0, "object_store_memory_per_worker": 0, "input": "sampler", "input_evaluation": ["is", "wis"], "postprocess_inputs": false, "shuffle_buffer_size": 0, "output": null, "output_compress_columns": ["obs", "new_obs"], "output_max_file_size": 67108864, "multiagent": {"policies": {}, "policy_mapping_fn": null, "policies_to_train": null, "observation_fn": null}, "use_pytorch": -1, "use_critic": true, "use_gae": true, "lambda": 1.0, "kl_coeff": 0.2, "sgd_minibatch_size": 128, "shuffle_sequences": true, "num_sgd_iter": 30, "lr_schedule": null, "vf_share_layers": false, "vf_loss_coeff": 1.0, "entropy_coeff": 0.0, "entropy_coeff_schedule": null, "clip_param": 0.3, "vf_clip_param": 10.0, "grad_clip": null, "kl_target": 0.01, "simple_optimizer": false, "_fake_gpus": false}, "time_since_restore": 8.424651384353638, "timesteps_since_restore": 0, "iterations_since_restore": 1, "perf": {"cpu_util_percent": 71.68461538461538, "ram_util_percent": 32.26923076923077}, "trial_id": "1fd21_00001", "experiment_tag": "1_lr=0.001"}
