{"episode_reward_max": 75.0, "episode_reward_min": 9.0, "episode_reward_mean": 21.717391304347824, "episode_len_mean": 21.717391304347824, "episodes_this_iter": 184, "policy_reward_min": {}, "policy_reward_max": {}, "policy_reward_mean": {}, "custom_metrics": {}, "hist_stats": {"episode_reward": [13.0, 16.0, 12.0, 52.0, 12.0, 26.0, 13.0, 13.0, 17.0, 39.0, 18.0, 34.0, 34.0, 41.0, 53.0, 12.0, 12.0, 24.0, 21.0, 21.0, 29.0, 20.0, 38.0, 24.0, 11.0, 22.0, 15.0, 17.0, 15.0, 14.0, 16.0, 14.0, 15.0, 12.0, 29.0, 75.0, 11.0, 21.0, 38.0, 28.0, 12.0, 16.0, 52.0, 17.0, 18.0, 29.0, 20.0, 20.0, 23.0, 62.0, 19.0, 15.0, 13.0, 21.0, 23.0, 20.0, 14.0, 14.0, 17.0, 17.0, 29.0, 11.0, 26.0, 29.0, 14.0, 11.0, 20.0, 16.0, 28.0, 26.0, 21.0, 18.0, 13.0, 28.0, 47.0, 19.0, 20.0, 19.0, 47.0, 18.0, 29.0, 27.0, 18.0, 17.0, 14.0, 13.0, 36.0, 41.0, 27.0, 15.0, 16.0, 15.0, 12.0, 24.0, 16.0, 17.0, 20.0, 21.0, 57.0, 10.0, 11.0, 18.0, 22.0, 9.0, 13.0, 15.0, 28.0, 18.0, 15.0, 16.0, 10.0, 38.0, 12.0, 15.0, 28.0, 19.0, 10.0, 24.0, 14.0, 33.0, 22.0, 19.0, 13.0, 22.0, 15.0, 18.0, 53.0, 15.0, 23.0, 14.0, 16.0, 15.0, 10.0, 33.0, 14.0, 27.0, 20.0, 52.0, 23.0, 15.0, 16.0, 15.0, 35.0, 12.0, 14.0, 47.0, 17.0, 15.0, 14.0, 10.0, 20.0, 9.0, 16.0, 17.0, 12.0, 14.0, 23.0, 27.0, 14.0, 36.0, 20.0, 23.0, 32.0, 20.0, 20.0, 16.0, 13.0, 15.0, 12.0, 15.0, 16.0, 25.0, 14.0, 40.0, 20.0, 14.0, 23.0, 25.0, 23.0, 15.0, 34.0, 12.0, 39.0, 26.0], "episode_lengths": [13, 16, 12, 52, 12, 26, 13, 13, 17, 39, 18, 34, 34, 41, 53, 12, 12, 24, 21, 21, 29, 20, 38, 24, 11, 22, 15, 17, 15, 14, 16, 14, 15, 12, 29, 75, 11, 21, 38, 28, 12, 16, 52, 17, 18, 29, 20, 20, 23, 62, 19, 15, 13, 21, 23, 20, 14, 14, 17, 17, 29, 11, 26, 29, 14, 11, 20, 16, 28, 26, 21, 18, 13, 28, 47, 19, 20, 19, 47, 18, 29, 27, 18, 17, 14, 13, 36, 41, 27, 15, 16, 15, 12, 24, 16, 17, 20, 21, 57, 10, 11, 18, 22, 9, 13, 15, 28, 18, 15, 16, 10, 38, 12, 15, 28, 19, 10, 24, 14, 33, 22, 19, 13, 22, 15, 18, 53, 15, 23, 14, 16, 15, 10, 33, 14, 27, 20, 52, 23, 15, 16, 15, 35, 12, 14, 47, 17, 15, 14, 10, 20, 9, 16, 17, 12, 14, 23, 27, 14, 36, 20, 23, 32, 20, 20, 16, 13, 15, 12, 15, 16, 25, 14, 40, 20, 14, 23, 25, 23, 15, 34, 12, 39, 26]}, "sampler_perf": {"mean_env_wait_ms": 0.07237061593747683, "mean_processing_ms": 0.18485931419366833, "mean_inference_ms": 0.7475272800528504}, "off_policy_estimator": {}, "num_healthy_workers": 1, "timesteps_total": 4000, "timers": {"sample_time_ms": 5040.159, "sample_throughput": 793.626, "load_time_ms": 50.045, "load_throughput": 79928.805, "learn_time_ms": 3811.016, "learn_throughput": 1049.589, "update_time_ms": 2.578}, "info": {"learner": {"default_policy": {"cur_kl_coeff": 0.20000000298023224, "cur_lr": 0.009999999776482582, "total_loss": 58.80638122558594, "policy_loss": -0.038443759083747864, "vf_loss": 58.83809280395508, "vf_explained_var": 0.3185558021068573, "kl": 0.033635955303907394, "entropy": 0.6599909663200378, "entropy_coeff": 0.0, "model": {}}}, "num_steps_sampled": 4000, "num_steps_trained": 4000}, "done": true, "episodes_total": 184, "training_iteration": 1, "experiment_id": "f8f5f5a28d3147e4a71b95b9acb830e3", "date": "2020-08-18_18-43-56", "timestamp": 1597776236, "time_this_iter_s": 9.043495655059814, "time_total_s": 9.043495655059814, "pid": 19054, "hostname": "terminator-1000", "node_ip": "10.168.0.7", "config": {"num_workers": 1, "num_envs_per_worker": 1, "rollout_fragment_length": 200, "sample_batch_size": -1, "batch_mode": "truncate_episodes", "num_gpus": 0, "train_batch_size": 4000, "model": {"conv_filters": null, "conv_activation": "relu", "fcnet_activation": "tanh", "fcnet_hiddens": [256, 256], "free_log_std": false, "no_final_linear": false, "vf_share_layers": true, "use_lstm": false, "max_seq_len": 20, "lstm_cell_size": 256, "lstm_use_prev_action_reward": false, "state_shape": null, "framestack": true, "dim": 84, "grayscale": false, "zero_mean": true, "custom_model": null, "custom_model_config": {}, "custom_action_dist": null, "custom_preprocessor": null, "custom_options": -1}, "optimizer": {}, "gamma": 0.99, "horizon": null, "soft_horizon": false, "no_done_at_end": false, "env_config": {}, "env": "CartPole-v0", "normalize_actions": false, "clip_rewards": null, "clip_actions": true, "preprocessor_pref": "deepmind", "lr": 0.01, "monitor": false, "log_level": "WARN", "callbacks": "<class 'ray.rllib.agents.callbacks.DefaultCallbacks'>", "ignore_worker_failures": false, "log_sys_usage": true, "fake_sampler": false, "framework": "tf", "eager_tracing": false, "no_eager_on_workers": false, "explore": true, "exploration_config": {"type": "StochasticSampling"}, "evaluation_interval": null, "evaluation_num_episodes": 10, "in_evaluation": false, "evaluation_config": {}, "evaluation_num_workers": 0, "custom_eval_function": null, "sample_async": false, "observation_filter": "NoFilter", "synchronize_filters": true, "tf_session_args": {"intra_op_parallelism_threads": 2, "inter_op_parallelism_threads": 2, "gpu_options": {"allow_growth": true}, "log_device_placement": false, "device_count": {"CPU": 1}, "allow_soft_placement": true}, "local_tf_session_args": {"intra_op_parallelism_threads": 8, "inter_op_parallelism_threads": 8}, "compress_observations": false, "collect_metrics_timeout": 180, "metrics_smoothing_episodes": 100, "remote_worker_envs": false, "remote_env_batch_wait_ms": 0, "min_iter_time_s": 0, "timesteps_per_iteration": 0, "seed": null, "extra_python_environs_for_driver": {}, "extra_python_environs_for_worker": {}, "num_cpus_per_worker": 1, "num_gpus_per_worker": 0, "custom_resources_per_worker": {}, "num_cpus_for_driver": 1, "memory": 0, "object_store_memory": 0, "memory_per_worker": 0, "object_store_memory_per_worker": 0, "input": "sampler", "input_evaluation": ["is", "wis"], "postprocess_inputs": false, "shuffle_buffer_size": 0, "output": null, "output_compress_columns": ["obs", "new_obs"], "output_max_file_size": 67108864, "multiagent": {"policies": {}, "policy_mapping_fn": null, "policies_to_train": null, "observation_fn": null}, "use_pytorch": -1, "use_critic": true, "use_gae": true, "lambda": 1.0, "kl_coeff": 0.2, "sgd_minibatch_size": 128, "shuffle_sequences": true, "num_sgd_iter": 30, "lr_schedule": null, "vf_share_layers": false, "vf_loss_coeff": 1.0, "entropy_coeff": 0.0, "entropy_coeff_schedule": null, "clip_param": 0.3, "vf_clip_param": 10.0, "grad_clip": null, "kl_target": 0.01, "simple_optimizer": false, "_fake_gpus": false}, "time_since_restore": 9.043495655059814, "timesteps_since_restore": 0, "iterations_since_restore": 1, "perf": {"cpu_util_percent": 35.815384615384616, "ram_util_percent": 3.530769230769231}, "trial_id": "bda13_00000", "experiment_tag": "0_lr=0.01"}
