{"episode_reward_max": 65.0, "episode_reward_min": 9.0, "episode_reward_mean": 21.80327868852459, "episode_len_mean": 21.80327868852459, "episodes_this_iter": 183, "policy_reward_min": {}, "policy_reward_max": {}, "policy_reward_mean": {}, "custom_metrics": {}, "hist_stats": {"episode_reward": [13.0, 23.0, 37.0, 14.0, 12.0, 15.0, 11.0, 10.0, 24.0, 16.0, 33.0, 15.0, 19.0, 17.0, 20.0, 26.0, 22.0, 13.0, 16.0, 12.0, 36.0, 11.0, 37.0, 17.0, 24.0, 31.0, 15.0, 36.0, 21.0, 14.0, 41.0, 18.0, 20.0, 18.0, 11.0, 55.0, 12.0, 19.0, 12.0, 34.0, 18.0, 19.0, 52.0, 13.0, 32.0, 19.0, 27.0, 12.0, 15.0, 18.0, 28.0, 29.0, 35.0, 17.0, 23.0, 11.0, 11.0, 56.0, 18.0, 18.0, 39.0, 26.0, 47.0, 16.0, 11.0, 14.0, 16.0, 24.0, 13.0, 11.0, 30.0, 18.0, 14.0, 28.0, 20.0, 17.0, 20.0, 12.0, 26.0, 17.0, 12.0, 40.0, 18.0, 12.0, 14.0, 32.0, 32.0, 37.0, 20.0, 11.0, 13.0, 32.0, 14.0, 26.0, 20.0, 20.0, 19.0, 22.0, 12.0, 13.0, 35.0, 10.0, 10.0, 41.0, 12.0, 11.0, 20.0, 14.0, 23.0, 65.0, 14.0, 14.0, 15.0, 25.0, 34.0, 17.0, 34.0, 15.0, 13.0, 26.0, 11.0, 21.0, 22.0, 15.0, 22.0, 23.0, 18.0, 46.0, 54.0, 10.0, 17.0, 44.0, 13.0, 24.0, 12.0, 11.0, 31.0, 15.0, 11.0, 42.0, 14.0, 25.0, 14.0, 12.0, 28.0, 49.0, 9.0, 17.0, 34.0, 18.0, 23.0, 22.0, 21.0, 19.0, 15.0, 54.0, 11.0, 20.0, 19.0, 14.0, 16.0, 31.0, 39.0, 11.0, 23.0, 32.0, 32.0, 19.0, 20.0, 21.0, 13.0, 19.0, 19.0, 13.0, 19.0, 19.0, 40.0, 13.0, 18.0, 13.0, 24.0, 16.0, 13.0], "episode_lengths": [13, 23, 37, 14, 12, 15, 11, 10, 24, 16, 33, 15, 19, 17, 20, 26, 22, 13, 16, 12, 36, 11, 37, 17, 24, 31, 15, 36, 21, 14, 41, 18, 20, 18, 11, 55, 12, 19, 12, 34, 18, 19, 52, 13, 32, 19, 27, 12, 15, 18, 28, 29, 35, 17, 23, 11, 11, 56, 18, 18, 39, 26, 47, 16, 11, 14, 16, 24, 13, 11, 30, 18, 14, 28, 20, 17, 20, 12, 26, 17, 12, 40, 18, 12, 14, 32, 32, 37, 20, 11, 13, 32, 14, 26, 20, 20, 19, 22, 12, 13, 35, 10, 10, 41, 12, 11, 20, 14, 23, 65, 14, 14, 15, 25, 34, 17, 34, 15, 13, 26, 11, 21, 22, 15, 22, 23, 18, 46, 54, 10, 17, 44, 13, 24, 12, 11, 31, 15, 11, 42, 14, 25, 14, 12, 28, 49, 9, 17, 34, 18, 23, 22, 21, 19, 15, 54, 11, 20, 19, 14, 16, 31, 39, 11, 23, 32, 32, 19, 20, 21, 13, 19, 19, 13, 19, 19, 40, 13, 18, 13, 24, 16, 13]}, "sampler_perf": {"mean_env_wait_ms": 0.07118263473453536, "mean_processing_ms": 0.18184466887581086, "mean_inference_ms": 0.7484654610349489}, "off_policy_estimator": {}, "num_healthy_workers": 1, "timesteps_total": 4000, "timers": {"sample_time_ms": 4996.865, "sample_throughput": 800.502, "load_time_ms": 49.927, "load_throughput": 80116.977, "learn_time_ms": 3894.938, "learn_throughput": 1026.974, "update_time_ms": 3.206}, "info": {"learner": {"default_policy": {"cur_kl_coeff": 0.20000000298023224, "cur_lr": 0.009999999776482582, "total_loss": 67.95475769042969, "policy_loss": -0.05161235108971596, "vf_loss": 67.99857330322266, "vf_explained_var": 0.30132728815078735, "kl": 0.038952577859163284, "entropy": 0.6558879613876343, "entropy_coeff": 0.0, "model": {}}}, "num_steps_sampled": 4000, "num_steps_trained": 4000}, "done": true, "episodes_total": 183, "training_iteration": 1, "experiment_id": "b7b199f333b74bffa0af1365a12bedf8", "date": "2020-08-18_18-36-34", "timestamp": 1597775794, "time_this_iter_s": 9.097365379333496, "time_total_s": 9.097365379333496, "pid": 18420, "hostname": "terminator-1000", "node_ip": "10.168.0.7", "config": {"num_workers": 1, "num_envs_per_worker": 1, "rollout_fragment_length": 200, "sample_batch_size": -1, "batch_mode": "truncate_episodes", "num_gpus": 0, "train_batch_size": 4000, "model": {"conv_filters": null, "conv_activation": "relu", "fcnet_activation": "tanh", "fcnet_hiddens": [256, 256], "free_log_std": false, "no_final_linear": false, "vf_share_layers": true, "use_lstm": false, "max_seq_len": 20, "lstm_cell_size": 256, "lstm_use_prev_action_reward": false, "state_shape": null, "framestack": true, "dim": 84, "grayscale": false, "zero_mean": true, "custom_model": null, "custom_model_config": {}, "custom_action_dist": null, "custom_preprocessor": null, "custom_options": -1}, "optimizer": {}, "gamma": 0.99, "horizon": null, "soft_horizon": false, "no_done_at_end": false, "env_config": {}, "env": "CartPole-v0", "normalize_actions": false, "clip_rewards": null, "clip_actions": true, "preprocessor_pref": "deepmind", "lr": 0.01, "monitor": false, "log_level": "WARN", "callbacks": "<class 'ray.rllib.agents.callbacks.DefaultCallbacks'>", "ignore_worker_failures": false, "log_sys_usage": true, "fake_sampler": false, "framework": "tf", "eager_tracing": false, "no_eager_on_workers": false, "explore": true, "exploration_config": {"type": "StochasticSampling"}, "evaluation_interval": null, "evaluation_num_episodes": 10, "in_evaluation": false, "evaluation_config": {}, "evaluation_num_workers": 0, "custom_eval_function": null, "sample_async": false, "observation_filter": "NoFilter", "synchronize_filters": true, "tf_session_args": {"intra_op_parallelism_threads": 2, "inter_op_parallelism_threads": 2, "gpu_options": {"allow_growth": true}, "log_device_placement": false, "device_count": {"CPU": 1}, "allow_soft_placement": true}, "local_tf_session_args": {"intra_op_parallelism_threads": 8, "inter_op_parallelism_threads": 8}, "compress_observations": false, "collect_metrics_timeout": 180, "metrics_smoothing_episodes": 100, "remote_worker_envs": false, "remote_env_batch_wait_ms": 0, "min_iter_time_s": 0, "timesteps_per_iteration": 0, "seed": null, "extra_python_environs_for_driver": {}, "extra_python_environs_for_worker": {}, "num_cpus_per_worker": 1, "num_gpus_per_worker": 0, "custom_resources_per_worker": {}, "num_cpus_for_driver": 1, "memory": 0, "object_store_memory": 0, "memory_per_worker": 0, "object_store_memory_per_worker": 0, "input": "sampler", "input_evaluation": ["is", "wis"], "postprocess_inputs": false, "shuffle_buffer_size": 0, "output": null, "output_compress_columns": ["obs", "new_obs"], "output_max_file_size": 67108864, "multiagent": {"policies": {}, "policy_mapping_fn": null, "policies_to_train": null, "observation_fn": null}, "use_pytorch": -1, "use_critic": true, "use_gae": true, "lambda": 1.0, "kl_coeff": 0.2, "sgd_minibatch_size": 128, "shuffle_sequences": true, "num_sgd_iter": 30, "lr_schedule": null, "vf_share_layers": false, "vf_loss_coeff": 1.0, "entropy_coeff": 0.0, "entropy_coeff_schedule": null, "clip_param": 0.3, "vf_clip_param": 10.0, "grad_clip": null, "kl_target": 0.01, "simple_optimizer": false, "_fake_gpus": false}, "time_since_restore": 9.097365379333496, "timesteps_since_restore": 0, "iterations_since_restore": 1, "perf": {"cpu_util_percent": 36.45384615384616, "ram_util_percent": 3.530769230769231}, "trial_id": "b5d91_00000", "experiment_tag": "0_lr=0.01"}
