{"episode_reward_max": 72.0, "episode_reward_min": 8.0, "episode_reward_mean": 21.5, "episode_len_mean": 21.5, "episodes_this_iter": 186, "policy_reward_min": {}, "policy_reward_max": {}, "policy_reward_mean": {}, "custom_metrics": {}, "hist_stats": {"episode_reward": [72.0, 31.0, 21.0, 13.0, 33.0, 23.0, 11.0, 19.0, 20.0, 15.0, 13.0, 23.0, 27.0, 15.0, 38.0, 29.0, 14.0, 11.0, 20.0, 13.0, 13.0, 22.0, 39.0, 26.0, 40.0, 18.0, 23.0, 15.0, 20.0, 28.0, 18.0, 15.0, 37.0, 12.0, 23.0, 25.0, 19.0, 16.0, 27.0, 18.0, 41.0, 12.0, 25.0, 17.0, 25.0, 20.0, 15.0, 14.0, 28.0, 21.0, 17.0, 10.0, 19.0, 16.0, 29.0, 31.0, 10.0, 10.0, 26.0, 26.0, 20.0, 44.0, 17.0, 17.0, 16.0, 27.0, 17.0, 12.0, 17.0, 17.0, 9.0, 19.0, 20.0, 20.0, 9.0, 10.0, 54.0, 21.0, 41.0, 25.0, 19.0, 51.0, 23.0, 17.0, 21.0, 17.0, 10.0, 24.0, 33.0, 14.0, 35.0, 27.0, 13.0, 12.0, 15.0, 11.0, 9.0, 13.0, 10.0, 42.0, 26.0, 17.0, 12.0, 14.0, 22.0, 34.0, 18.0, 22.0, 23.0, 17.0, 20.0, 35.0, 16.0, 13.0, 21.0, 42.0, 10.0, 20.0, 15.0, 15.0, 15.0, 10.0, 19.0, 10.0, 12.0, 13.0, 42.0, 17.0, 18.0, 46.0, 32.0, 14.0, 15.0, 35.0, 20.0, 15.0, 21.0, 19.0, 21.0, 14.0, 16.0, 28.0, 17.0, 29.0, 17.0, 16.0, 30.0, 16.0, 12.0, 8.0, 20.0, 14.0, 38.0, 66.0, 13.0, 28.0, 12.0, 27.0, 18.0, 42.0, 21.0, 36.0, 27.0, 16.0, 15.0, 19.0, 12.0, 19.0, 12.0, 18.0, 9.0, 23.0, 52.0, 18.0, 12.0, 25.0, 37.0, 20.0, 11.0, 10.0, 15.0, 23.0, 22.0, 16.0, 10.0, 39.0], "episode_lengths": [72, 31, 21, 13, 33, 23, 11, 19, 20, 15, 13, 23, 27, 15, 38, 29, 14, 11, 20, 13, 13, 22, 39, 26, 40, 18, 23, 15, 20, 28, 18, 15, 37, 12, 23, 25, 19, 16, 27, 18, 41, 12, 25, 17, 25, 20, 15, 14, 28, 21, 17, 10, 19, 16, 29, 31, 10, 10, 26, 26, 20, 44, 17, 17, 16, 27, 17, 12, 17, 17, 9, 19, 20, 20, 9, 10, 54, 21, 41, 25, 19, 51, 23, 17, 21, 17, 10, 24, 33, 14, 35, 27, 13, 12, 15, 11, 9, 13, 10, 42, 26, 17, 12, 14, 22, 34, 18, 22, 23, 17, 20, 35, 16, 13, 21, 42, 10, 20, 15, 15, 15, 10, 19, 10, 12, 13, 42, 17, 18, 46, 32, 14, 15, 35, 20, 15, 21, 19, 21, 14, 16, 28, 17, 29, 17, 16, 30, 16, 12, 8, 20, 14, 38, 66, 13, 28, 12, 27, 18, 42, 21, 36, 27, 16, 15, 19, 12, 19, 12, 18, 9, 23, 52, 18, 12, 25, 37, 20, 11, 10, 15, 23, 22, 16, 10, 39]}, "sampler_perf": {"mean_env_wait_ms": 0.059392207326128675, "mean_processing_ms": 0.14753295194801766, "mean_inference_ms": 0.6627508533862018}, "off_policy_estimator": {}, "num_healthy_workers": 1, "timesteps_total": 4000, "timers": {"sample_time_ms": 4708.51, "sample_throughput": 849.526, "load_time_ms": 37.712, "load_throughput": 106067.432, "learn_time_ms": 3802.15, "learn_throughput": 1052.036, "update_time_ms": 2.549}, "info": {"learner": {"default_policy": {"cur_kl_coeff": 0.20000000298023224, "cur_lr": 0.0010000000474974513, "total_loss": 70.38790893554688, "policy_loss": -0.05295060575008392, "vf_loss": 70.43330383300781, "vf_explained_var": 0.3257580101490021, "kl": 0.03781082108616829, "entropy": 0.6566647291183472, "entropy_coeff": 0.0, "model": {}}}, "num_steps_sampled": 4000, "num_steps_trained": 4000}, "done": true, "episodes_total": 186, "training_iteration": 1, "experiment_id": "5a36db8633c94cc18c899390a3996ce6", "date": "2020-08-16_03-49-50", "timestamp": 1597549790, "time_this_iter_s": 8.651609420776367, "time_total_s": 8.651609420776367, "pid": 20612, "hostname": "ntozcc-dv-mlalo-vm", "node_ip": "10.0.0.4", "config": {"num_workers": 1, "num_envs_per_worker": 1, "rollout_fragment_length": 200, "sample_batch_size": -1, "batch_mode": "truncate_episodes", "num_gpus": 0, "train_batch_size": 4000, "model": {"conv_filters": null, "conv_activation": "relu", "fcnet_activation": "tanh", "fcnet_hiddens": [256, 256], "free_log_std": false, "no_final_linear": false, "vf_share_layers": true, "use_lstm": false, "max_seq_len": 20, "lstm_cell_size": 256, "lstm_use_prev_action_reward": false, "state_shape": null, "framestack": true, "dim": 84, "grayscale": false, "zero_mean": true, "custom_model": null, "custom_model_config": {}, "custom_action_dist": null, "custom_preprocessor": null, "custom_options": -1}, "optimizer": {}, "gamma": 0.99, "horizon": null, "soft_horizon": false, "no_done_at_end": false, "env_config": {}, "env": "CartPole-v0", "normalize_actions": false, "clip_rewards": null, "clip_actions": true, "preprocessor_pref": "deepmind", "lr": 0.001, "monitor": false, "log_level": "WARN", "callbacks": "<class 'ray.rllib.agents.callbacks.DefaultCallbacks'>", "ignore_worker_failures": false, "log_sys_usage": true, "fake_sampler": false, "framework": "tf", "eager_tracing": false, "no_eager_on_workers": false, "explore": true, "exploration_config": {"type": "StochasticSampling"}, "evaluation_interval": null, "evaluation_num_episodes": 10, "in_evaluation": false, "evaluation_config": {}, "evaluation_num_workers": 0, "custom_eval_function": null, "sample_async": false, "observation_filter": "NoFilter", "synchronize_filters": true, "tf_session_args": {"intra_op_parallelism_threads": 2, "inter_op_parallelism_threads": 2, "gpu_options": {"allow_growth": true}, "log_device_placement": false, "device_count": {"CPU": 1}, "allow_soft_placement": true}, "local_tf_session_args": {"intra_op_parallelism_threads": 8, "inter_op_parallelism_threads": 8}, "compress_observations": false, "collect_metrics_timeout": 180, "metrics_smoothing_episodes": 100, "remote_worker_envs": false, "remote_env_batch_wait_ms": 0, "min_iter_time_s": 0, "timesteps_per_iteration": 0, "seed": null, "extra_python_environs_for_driver": {}, "extra_python_environs_for_worker": {}, "num_cpus_per_worker": 1, "num_gpus_per_worker": 0, "custom_resources_per_worker": {}, "num_cpus_for_driver": 1, "memory": 0, "object_store_memory": 0, "memory_per_worker": 0, "object_store_memory_per_worker": 0, "input": "sampler", "input_evaluation": ["is", "wis"], "postprocess_inputs": false, "shuffle_buffer_size": 0, "output": null, "output_compress_columns": ["obs", "new_obs"], "output_max_file_size": 67108864, "multiagent": {"policies": {}, "policy_mapping_fn": null, "policies_to_train": null, "observation_fn": null}, "use_pytorch": -1, "use_critic": true, "use_gae": true, "lambda": 1.0, "kl_coeff": 0.2, "sgd_minibatch_size": 128, "shuffle_sequences": true, "num_sgd_iter": 30, "lr_schedule": null, "vf_share_layers": false, "vf_loss_coeff": 1.0, "entropy_coeff": 0.0, "entropy_coeff_schedule": null, "clip_param": 0.3, "vf_clip_param": 10.0, "grad_clip": null, "kl_target": 0.01, "simple_optimizer": false, "_fake_gpus": false}, "time_since_restore": 8.651609420776367, "timesteps_since_restore": 0, "iterations_since_restore": 1, "perf": {"cpu_util_percent": 71.25384615384615, "ram_util_percent": 32.192307692307686}, "trial_id": "78083_00001", "experiment_tag": "1_lr=0.001"}
