{"episode_reward_max": 75.0, "episode_reward_min": 9.0, "episode_reward_mean": 23.333333333333332, "episode_len_mean": 23.333333333333332, "episodes_this_iter": 171, "policy_reward_min": {}, "policy_reward_max": {}, "policy_reward_mean": {}, "custom_metrics": {}, "hist_stats": {"episode_reward": [20.0, 39.0, 41.0, 25.0, 14.0, 39.0, 32.0, 19.0, 20.0, 13.0, 17.0, 11.0, 30.0, 16.0, 40.0, 24.0, 13.0, 14.0, 46.0, 11.0, 65.0, 23.0, 31.0, 48.0, 17.0, 52.0, 18.0, 75.0, 16.0, 27.0, 29.0, 46.0, 24.0, 13.0, 14.0, 12.0, 31.0, 20.0, 44.0, 60.0, 18.0, 13.0, 18.0, 13.0, 21.0, 13.0, 24.0, 17.0, 71.0, 24.0, 46.0, 26.0, 33.0, 15.0, 19.0, 20.0, 24.0, 28.0, 24.0, 42.0, 11.0, 28.0, 12.0, 28.0, 24.0, 16.0, 14.0, 17.0, 29.0, 50.0, 19.0, 24.0, 38.0, 10.0, 25.0, 20.0, 17.0, 11.0, 59.0, 14.0, 14.0, 33.0, 18.0, 17.0, 14.0, 37.0, 29.0, 50.0, 12.0, 15.0, 16.0, 27.0, 26.0, 16.0, 20.0, 17.0, 14.0, 20.0, 17.0, 38.0, 21.0, 11.0, 13.0, 15.0, 15.0, 35.0, 16.0, 31.0, 16.0, 30.0, 16.0, 17.0, 26.0, 11.0, 21.0, 25.0, 24.0, 19.0, 25.0, 14.0, 17.0, 15.0, 17.0, 19.0, 31.0, 37.0, 26.0, 12.0, 17.0, 38.0, 20.0, 29.0, 17.0, 22.0, 18.0, 16.0, 24.0, 13.0, 16.0, 15.0, 19.0, 28.0, 21.0, 16.0, 14.0, 12.0, 11.0, 20.0, 11.0, 17.0, 23.0, 41.0, 17.0, 20.0, 9.0, 28.0, 16.0, 27.0, 17.0, 14.0, 17.0, 10.0, 25.0, 34.0, 35.0, 24.0, 15.0, 20.0, 13.0, 11.0, 11.0], "episode_lengths": [20, 39, 41, 25, 14, 39, 32, 19, 20, 13, 17, 11, 30, 16, 40, 24, 13, 14, 46, 11, 65, 23, 31, 48, 17, 52, 18, 75, 16, 27, 29, 46, 24, 13, 14, 12, 31, 20, 44, 60, 18, 13, 18, 13, 21, 13, 24, 17, 71, 24, 46, 26, 33, 15, 19, 20, 24, 28, 24, 42, 11, 28, 12, 28, 24, 16, 14, 17, 29, 50, 19, 24, 38, 10, 25, 20, 17, 11, 59, 14, 14, 33, 18, 17, 14, 37, 29, 50, 12, 15, 16, 27, 26, 16, 20, 17, 14, 20, 17, 38, 21, 11, 13, 15, 15, 35, 16, 31, 16, 30, 16, 17, 26, 11, 21, 25, 24, 19, 25, 14, 17, 15, 17, 19, 31, 37, 26, 12, 17, 38, 20, 29, 17, 22, 18, 16, 24, 13, 16, 15, 19, 28, 21, 16, 14, 12, 11, 20, 11, 17, 23, 41, 17, 20, 9, 28, 16, 27, 17, 14, 17, 10, 25, 34, 35, 24, 15, 20, 13, 11, 11]}, "sampler_perf": {"mean_env_wait_ms": 0.07303188336369275, "mean_processing_ms": 0.18053309853688915, "mean_inference_ms": 0.7857385500464789}, "off_policy_estimator": {}, "num_healthy_workers": 1, "timesteps_total": 4000, "timers": {"sample_time_ms": 5159.705, "sample_throughput": 775.238, "load_time_ms": 49.118, "load_throughput": 81436.866, "learn_time_ms": 4106.472, "learn_throughput": 974.072, "update_time_ms": 2.97}, "info": {"learner": {"default_policy": {"cur_kl_coeff": 0.20000000298023224, "cur_lr": 0.009999999776482582, "total_loss": 89.4106216430664, "policy_loss": -0.05236125737428665, "vf_loss": 89.45528411865234, "vf_explained_var": 0.2798047363758087, "kl": 0.03854341432452202, "entropy": 0.6562187671661377, "entropy_coeff": 0.0, "model": {}}}, "num_steps_sampled": 4000, "num_steps_trained": 4000}, "done": true, "episodes_total": 171, "training_iteration": 1, "experiment_id": "82b5ac5aea4e41ab9c3210af6f282a1a", "date": "2020-08-18_17-53-09", "timestamp": 1597773189, "time_this_iter_s": 9.500247478485107, "time_total_s": 9.500247478485107, "pid": 14147, "hostname": "terminator-1000", "node_ip": "10.168.0.7", "config": {"num_workers": 1, "num_envs_per_worker": 1, "rollout_fragment_length": 200, "sample_batch_size": -1, "batch_mode": "truncate_episodes", "num_gpus": 0, "train_batch_size": 4000, "model": {"conv_filters": null, "conv_activation": "relu", "fcnet_activation": "tanh", "fcnet_hiddens": [256, 256], "free_log_std": false, "no_final_linear": false, "vf_share_layers": true, "use_lstm": false, "max_seq_len": 20, "lstm_cell_size": 256, "lstm_use_prev_action_reward": false, "state_shape": null, "framestack": true, "dim": 84, "grayscale": false, "zero_mean": true, "custom_model": null, "custom_model_config": {}, "custom_action_dist": null, "custom_preprocessor": null, "custom_options": -1}, "optimizer": {}, "gamma": 0.99, "horizon": null, "soft_horizon": false, "no_done_at_end": false, "env_config": {}, "env": "CartPole-v0", "normalize_actions": false, "clip_rewards": null, "clip_actions": true, "preprocessor_pref": "deepmind", "lr": 0.01, "monitor": false, "log_level": "WARN", "callbacks": "<class 'ray.rllib.agents.callbacks.DefaultCallbacks'>", "ignore_worker_failures": false, "log_sys_usage": true, "fake_sampler": false, "framework": "tf", "eager_tracing": false, "no_eager_on_workers": false, "explore": true, "exploration_config": {"type": "StochasticSampling"}, "evaluation_interval": null, "evaluation_num_episodes": 10, "in_evaluation": false, "evaluation_config": {}, "evaluation_num_workers": 0, "custom_eval_function": null, "sample_async": false, "observation_filter": "NoFilter", "synchronize_filters": true, "tf_session_args": {"intra_op_parallelism_threads": 2, "inter_op_parallelism_threads": 2, "gpu_options": {"allow_growth": true}, "log_device_placement": false, "device_count": {"CPU": 1}, "allow_soft_placement": true}, "local_tf_session_args": {"intra_op_parallelism_threads": 8, "inter_op_parallelism_threads": 8}, "compress_observations": false, "collect_metrics_timeout": 180, "metrics_smoothing_episodes": 100, "remote_worker_envs": false, "remote_env_batch_wait_ms": 0, "min_iter_time_s": 0, "timesteps_per_iteration": 0, "seed": null, "extra_python_environs_for_driver": {}, "extra_python_environs_for_worker": {}, "num_cpus_per_worker": 1, "num_gpus_per_worker": 0, "custom_resources_per_worker": {}, "num_cpus_for_driver": 1, "memory": 0, "object_store_memory": 0, "memory_per_worker": 0, "object_store_memory_per_worker": 0, "input": "sampler", "input_evaluation": ["is", "wis"], "postprocess_inputs": false, "shuffle_buffer_size": 0, "output": null, "output_compress_columns": ["obs", "new_obs"], "output_max_file_size": 67108864, "multiagent": {"policies": {}, "policy_mapping_fn": null, "policies_to_train": null, "observation_fn": null}, "use_pytorch": -1, "use_critic": true, "use_gae": true, "lambda": 1.0, "kl_coeff": 0.2, "sgd_minibatch_size": 128, "shuffle_sequences": true, "num_sgd_iter": 30, "lr_schedule": null, "vf_share_layers": false, "vf_loss_coeff": 1.0, "entropy_coeff": 0.0, "entropy_coeff_schedule": null, "clip_param": 0.3, "vf_clip_param": 10.0, "grad_clip": null, "kl_target": 0.01, "simple_optimizer": false, "_fake_gpus": false}, "time_since_restore": 9.500247478485107, "timesteps_since_restore": 0, "iterations_since_restore": 1, "perf": {"cpu_util_percent": 36.47857142857143, "ram_util_percent": 3.528571428571429}, "trial_id": "a4b72_00000", "experiment_tag": "0_lr=0.01"}
