{"episode_reward_max": 72.0, "episode_reward_min": 9.0, "episode_reward_mean": 22.724137931034484, "episode_len_mean": 22.724137931034484, "episodes_this_iter": 174, "policy_reward_min": {}, "policy_reward_max": {}, "policy_reward_mean": {}, "custom_metrics": {}, "hist_stats": {"episode_reward": [9.0, 34.0, 14.0, 18.0, 18.0, 30.0, 36.0, 19.0, 17.0, 18.0, 20.0, 34.0, 24.0, 16.0, 19.0, 26.0, 15.0, 47.0, 32.0, 19.0, 18.0, 20.0, 30.0, 12.0, 33.0, 12.0, 47.0, 12.0, 24.0, 25.0, 17.0, 37.0, 23.0, 23.0, 17.0, 19.0, 27.0, 16.0, 12.0, 9.0, 21.0, 25.0, 20.0, 72.0, 38.0, 28.0, 12.0, 34.0, 20.0, 18.0, 16.0, 18.0, 14.0, 40.0, 25.0, 28.0, 16.0, 44.0, 18.0, 26.0, 14.0, 13.0, 16.0, 11.0, 13.0, 11.0, 54.0, 19.0, 31.0, 20.0, 15.0, 27.0, 17.0, 17.0, 19.0, 30.0, 26.0, 23.0, 21.0, 17.0, 14.0, 12.0, 30.0, 18.0, 15.0, 19.0, 18.0, 17.0, 29.0, 14.0, 18.0, 15.0, 52.0, 31.0, 18.0, 10.0, 13.0, 26.0, 10.0, 32.0, 24.0, 18.0, 25.0, 42.0, 9.0, 19.0, 15.0, 20.0, 31.0, 28.0, 17.0, 23.0, 16.0, 12.0, 36.0, 21.0, 18.0, 16.0, 24.0, 55.0, 22.0, 9.0, 15.0, 19.0, 27.0, 26.0, 18.0, 43.0, 34.0, 31.0, 13.0, 27.0, 11.0, 14.0, 19.0, 41.0, 27.0, 23.0, 21.0, 47.0, 18.0, 14.0, 20.0, 27.0, 18.0, 18.0, 43.0, 16.0, 23.0, 14.0, 42.0, 37.0, 17.0, 34.0, 47.0, 10.0, 16.0, 13.0, 30.0, 17.0, 40.0, 14.0, 34.0, 11.0, 13.0, 20.0, 12.0, 15.0, 29.0, 19.0, 17.0, 12.0, 16.0, 16.0], "episode_lengths": [9, 34, 14, 18, 18, 30, 36, 19, 17, 18, 20, 34, 24, 16, 19, 26, 15, 47, 32, 19, 18, 20, 30, 12, 33, 12, 47, 12, 24, 25, 17, 37, 23, 23, 17, 19, 27, 16, 12, 9, 21, 25, 20, 72, 38, 28, 12, 34, 20, 18, 16, 18, 14, 40, 25, 28, 16, 44, 18, 26, 14, 13, 16, 11, 13, 11, 54, 19, 31, 20, 15, 27, 17, 17, 19, 30, 26, 23, 21, 17, 14, 12, 30, 18, 15, 19, 18, 17, 29, 14, 18, 15, 52, 31, 18, 10, 13, 26, 10, 32, 24, 18, 25, 42, 9, 19, 15, 20, 31, 28, 17, 23, 16, 12, 36, 21, 18, 16, 24, 55, 22, 9, 15, 19, 27, 26, 18, 43, 34, 31, 13, 27, 11, 14, 19, 41, 27, 23, 21, 47, 18, 14, 20, 27, 18, 18, 43, 16, 23, 14, 42, 37, 17, 34, 47, 10, 16, 13, 30, 17, 40, 14, 34, 11, 13, 20, 12, 15, 29, 19, 17, 12, 16, 16]}, "sampler_perf": {"mean_env_wait_ms": 0.059278688857448705, "mean_processing_ms": 0.14386413038387744, "mean_inference_ms": 0.6502705554728567}, "off_policy_estimator": {}, "num_healthy_workers": 1, "timesteps_total": 4000, "timers": {"sample_time_ms": 4666.685, "sample_throughput": 857.139, "load_time_ms": 36.662, "load_throughput": 109105.911, "learn_time_ms": 3983.384, "learn_throughput": 1004.171, "update_time_ms": 2.709}, "info": {"learner": {"default_policy": {"cur_kl_coeff": 0.20000000298023224, "cur_lr": 9.999999747378752e-05, "total_loss": 67.22722625732422, "policy_loss": -0.040957946330308914, "vf_loss": 67.26219177246094, "vf_explained_var": 0.24699454009532928, "kl": 0.029882017523050308, "entropy": 0.6644949913024902, "entropy_coeff": 0.0, "model": {}}}, "num_steps_sampled": 4000, "num_steps_trained": 4000}, "done": true, "episodes_total": 174, "training_iteration": 1, "experiment_id": "a4616547bf964faaad62a1f85ef1ed4d", "date": "2020-08-16_04-00-43", "timestamp": 1597550443, "time_this_iter_s": 8.786466360092163, "time_total_s": 8.786466360092163, "pid": 22559, "hostname": "ntozcc-dv-mlalo-vm", "node_ip": "10.0.0.4", "config": {"num_workers": 1, "num_envs_per_worker": 1, "rollout_fragment_length": 200, "sample_batch_size": -1, "batch_mode": "truncate_episodes", "num_gpus": 0, "train_batch_size": 4000, "model": {"conv_filters": null, "conv_activation": "relu", "fcnet_activation": "tanh", "fcnet_hiddens": [256, 256], "free_log_std": false, "no_final_linear": false, "vf_share_layers": true, "use_lstm": false, "max_seq_len": 20, "lstm_cell_size": 256, "lstm_use_prev_action_reward": false, "state_shape": null, "framestack": true, "dim": 84, "grayscale": false, "zero_mean": true, "custom_model": null, "custom_model_config": {}, "custom_action_dist": null, "custom_preprocessor": null, "custom_options": -1}, "optimizer": {}, "gamma": 0.99, "horizon": null, "soft_horizon": false, "no_done_at_end": false, "env_config": {}, "env": "CartPole-v0", "normalize_actions": false, "clip_rewards": null, "clip_actions": true, "preprocessor_pref": "deepmind", "lr": 0.0001, "monitor": false, "log_level": "WARN", "callbacks": "<class 'ray.rllib.agents.callbacks.DefaultCallbacks'>", "ignore_worker_failures": false, "log_sys_usage": true, "fake_sampler": false, "framework": "tf", "eager_tracing": false, "no_eager_on_workers": false, "explore": true, "exploration_config": {"type": "StochasticSampling"}, "evaluation_interval": null, "evaluation_num_episodes": 10, "in_evaluation": false, "evaluation_config": {}, "evaluation_num_workers": 0, "custom_eval_function": null, "sample_async": false, "observation_filter": "NoFilter", "synchronize_filters": true, "tf_session_args": {"intra_op_parallelism_threads": 2, "inter_op_parallelism_threads": 2, "gpu_options": {"allow_growth": true}, "log_device_placement": false, "device_count": {"CPU": 1}, "allow_soft_placement": true}, "local_tf_session_args": {"intra_op_parallelism_threads": 8, "inter_op_parallelism_threads": 8}, "compress_observations": false, "collect_metrics_timeout": 180, "metrics_smoothing_episodes": 100, "remote_worker_envs": false, "remote_env_batch_wait_ms": 0, "min_iter_time_s": 0, "timesteps_per_iteration": 0, "seed": null, "extra_python_environs_for_driver": {}, "extra_python_environs_for_worker": {}, "num_cpus_per_worker": 1, "num_gpus_per_worker": 0, "custom_resources_per_worker": {}, "num_cpus_for_driver": 1, "memory": 0, "object_store_memory": 0, "memory_per_worker": 0, "object_store_memory_per_worker": 0, "input": "sampler", "input_evaluation": ["is", "wis"], "postprocess_inputs": false, "shuffle_buffer_size": 0, "output": null, "output_compress_columns": ["obs", "new_obs"], "output_max_file_size": 67108864, "multiagent": {"policies": {}, "policy_mapping_fn": null, "policies_to_train": null, "observation_fn": null}, "use_pytorch": -1, "use_critic": true, "use_gae": true, "lambda": 1.0, "kl_coeff": 0.2, "sgd_minibatch_size": 128, "shuffle_sequences": true, "num_sgd_iter": 30, "lr_schedule": null, "vf_share_layers": false, "vf_loss_coeff": 1.0, "entropy_coeff": 0.0, "entropy_coeff_schedule": null, "clip_param": 0.3, "vf_clip_param": 10.0, "grad_clip": null, "kl_target": 0.01, "simple_optimizer": false, "_fake_gpus": false}, "time_since_restore": 8.786466360092163, "timesteps_since_restore": 0, "iterations_since_restore": 1, "perf": {"cpu_util_percent": 71.55384615384615, "ram_util_percent": 32.36153846153847}, "trial_id": "f4f23_00002", "experiment_tag": "2_lr=0.0001"}
