{"episode_reward_max": 63.0, "episode_reward_min": 9.0, "episode_reward_mean": 22.082872928176794, "episode_len_mean": 22.082872928176794, "episodes_this_iter": 181, "policy_reward_min": {}, "policy_reward_max": {}, "policy_reward_mean": {}, "custom_metrics": {}, "hist_stats": {"episode_reward": [29.0, 26.0, 18.0, 63.0, 34.0, 13.0, 28.0, 15.0, 15.0, 21.0, 50.0, 14.0, 18.0, 17.0, 24.0, 13.0, 32.0, 21.0, 13.0, 53.0, 9.0, 29.0, 25.0, 42.0, 18.0, 18.0, 11.0, 16.0, 11.0, 12.0, 15.0, 12.0, 15.0, 12.0, 12.0, 13.0, 14.0, 11.0, 31.0, 11.0, 13.0, 25.0, 30.0, 22.0, 11.0, 30.0, 17.0, 21.0, 25.0, 18.0, 35.0, 16.0, 12.0, 17.0, 11.0, 19.0, 12.0, 12.0, 18.0, 15.0, 24.0, 46.0, 18.0, 26.0, 32.0, 14.0, 11.0, 19.0, 11.0, 9.0, 14.0, 10.0, 24.0, 25.0, 30.0, 35.0, 25.0, 26.0, 13.0, 25.0, 36.0, 12.0, 35.0, 51.0, 19.0, 10.0, 17.0, 26.0, 16.0, 25.0, 20.0, 37.0, 13.0, 14.0, 52.0, 30.0, 12.0, 16.0, 26.0, 55.0, 14.0, 21.0, 26.0, 42.0, 13.0, 12.0, 21.0, 30.0, 13.0, 21.0, 17.0, 12.0, 54.0, 18.0, 11.0, 19.0, 13.0, 20.0, 15.0, 18.0, 21.0, 22.0, 10.0, 13.0, 28.0, 15.0, 10.0, 20.0, 16.0, 24.0, 30.0, 25.0, 22.0, 62.0, 46.0, 18.0, 48.0, 24.0, 24.0, 28.0, 48.0, 28.0, 9.0, 21.0, 10.0, 32.0, 26.0, 33.0, 40.0, 18.0, 35.0, 19.0, 11.0, 25.0, 31.0, 25.0, 15.0, 19.0, 18.0, 22.0, 10.0, 22.0, 11.0, 28.0, 17.0, 21.0, 12.0, 27.0, 13.0, 16.0, 25.0, 58.0, 10.0, 18.0, 14.0, 12.0, 26.0, 11.0, 14.0, 21.0, 18.0], "episode_lengths": [29, 26, 18, 63, 34, 13, 28, 15, 15, 21, 50, 14, 18, 17, 24, 13, 32, 21, 13, 53, 9, 29, 25, 42, 18, 18, 11, 16, 11, 12, 15, 12, 15, 12, 12, 13, 14, 11, 31, 11, 13, 25, 30, 22, 11, 30, 17, 21, 25, 18, 35, 16, 12, 17, 11, 19, 12, 12, 18, 15, 24, 46, 18, 26, 32, 14, 11, 19, 11, 9, 14, 10, 24, 25, 30, 35, 25, 26, 13, 25, 36, 12, 35, 51, 19, 10, 17, 26, 16, 25, 20, 37, 13, 14, 52, 30, 12, 16, 26, 55, 14, 21, 26, 42, 13, 12, 21, 30, 13, 21, 17, 12, 54, 18, 11, 19, 13, 20, 15, 18, 21, 22, 10, 13, 28, 15, 10, 20, 16, 24, 30, 25, 22, 62, 46, 18, 48, 24, 24, 28, 48, 28, 9, 21, 10, 32, 26, 33, 40, 18, 35, 19, 11, 25, 31, 25, 15, 19, 18, 22, 10, 22, 11, 28, 17, 21, 12, 27, 13, 16, 25, 58, 10, 18, 14, 12, 26, 11, 14, 21, 18]}, "sampler_perf": {"mean_env_wait_ms": 0.1057030349575082, "mean_processing_ms": 0.2561985507842094, "mean_inference_ms": 1.1375990250026604}, "off_policy_estimator": {}, "num_healthy_workers": 1, "timesteps_total": 4000, "timers": {"sample_time_ms": 7163.789, "sample_throughput": 558.364, "load_time_ms": 76.332, "load_throughput": 52402.926, "learn_time_ms": 5590.457, "learn_throughput": 715.505, "update_time_ms": 3.456}, "info": {"learner": {"default_policy": {"cur_kl_coeff": 0.20000000298023224, "cur_lr": 0.0010000000474974513, "total_loss": 77.82717895507812, "policy_loss": -0.05523929372429848, "vf_loss": 77.87468719482422, "vf_explained_var": 0.30084508657455444, "kl": 0.03859371319413185, "entropy": 0.6553471684455872, "entropy_coeff": 0.0, "model": {}}}, "num_steps_sampled": 4000, "num_steps_trained": 4000}, "done": true, "episodes_total": 181, "training_iteration": 1, "experiment_id": "ebece6c1ed01451a911b9d142f4d35c9", "date": "2020-08-18_17-27-06", "timestamp": 1597771626, "time_this_iter_s": 13.032289266586304, "time_total_s": 13.032289266586304, "pid": 12758, "hostname": "terminator-1000", "node_ip": "10.168.0.7", "config": {"num_workers": 1, "num_envs_per_worker": 1, "rollout_fragment_length": 200, "sample_batch_size": -1, "batch_mode": "truncate_episodes", "num_gpus": 0, "train_batch_size": 4000, "model": {"conv_filters": null, "conv_activation": "relu", "fcnet_activation": "tanh", "fcnet_hiddens": [256, 256], "free_log_std": false, "no_final_linear": false, "vf_share_layers": true, "use_lstm": false, "max_seq_len": 20, "lstm_cell_size": 256, "lstm_use_prev_action_reward": false, "state_shape": null, "framestack": true, "dim": 84, "grayscale": false, "zero_mean": true, "custom_model": null, "custom_model_config": {}, "custom_action_dist": null, "custom_preprocessor": null, "custom_options": -1}, "optimizer": {}, "gamma": 0.99, "horizon": null, "soft_horizon": false, "no_done_at_end": false, "env_config": {}, "env": "CartPole-v0", "normalize_actions": false, "clip_rewards": null, "clip_actions": true, "preprocessor_pref": "deepmind", "lr": 0.001, "monitor": false, "log_level": "WARN", "callbacks": "<class 'ray.rllib.agents.callbacks.DefaultCallbacks'>", "ignore_worker_failures": false, "log_sys_usage": true, "fake_sampler": false, "framework": "tf", "eager_tracing": false, "no_eager_on_workers": false, "explore": true, "exploration_config": {"type": "StochasticSampling"}, "evaluation_interval": null, "evaluation_num_episodes": 10, "in_evaluation": false, "evaluation_config": {}, "evaluation_num_workers": 0, "custom_eval_function": null, "sample_async": false, "observation_filter": "NoFilter", "synchronize_filters": true, "tf_session_args": {"intra_op_parallelism_threads": 2, "inter_op_parallelism_threads": 2, "gpu_options": {"allow_growth": true}, "log_device_placement": false, "device_count": {"CPU": 1}, "allow_soft_placement": true}, "local_tf_session_args": {"intra_op_parallelism_threads": 8, "inter_op_parallelism_threads": 8}, "compress_observations": false, "collect_metrics_timeout": 180, "metrics_smoothing_episodes": 100, "remote_worker_envs": false, "remote_env_batch_wait_ms": 0, "min_iter_time_s": 0, "timesteps_per_iteration": 0, "seed": null, "extra_python_environs_for_driver": {}, "extra_python_environs_for_worker": {}, "num_cpus_per_worker": 1, "num_gpus_per_worker": 0, "custom_resources_per_worker": {}, "num_cpus_for_driver": 1, "memory": 0, "object_store_memory": 0, "memory_per_worker": 0, "object_store_memory_per_worker": 0, "input": "sampler", "input_evaluation": ["is", "wis"], "postprocess_inputs": false, "shuffle_buffer_size": 0, "output": null, "output_compress_columns": ["obs", "new_obs"], "output_max_file_size": 67108864, "multiagent": {"policies": {}, "policy_mapping_fn": null, "policies_to_train": null, "observation_fn": null}, "use_pytorch": -1, "use_critic": true, "use_gae": true, "lambda": 1.0, "kl_coeff": 0.2, "sgd_minibatch_size": 128, "shuffle_sequences": true, "num_sgd_iter": 30, "lr_schedule": null, "vf_share_layers": false, "vf_loss_coeff": 1.0, "entropy_coeff": 0.0, "entropy_coeff_schedule": null, "clip_param": 0.3, "vf_clip_param": 10.0, "grad_clip": null, "kl_target": 0.01, "simple_optimizer": false, "_fake_gpus": false}, "time_since_restore": 13.032289266586304, "timesteps_since_restore": 0, "iterations_since_restore": 1, "perf": {"cpu_util_percent": 37.25789473684211, "ram_util_percent": 3.5052631578947366}, "trial_id": "fe732_00001", "experiment_tag": "1_lr=0.001"}
