{"episode_reward_max": 85.0, "episode_reward_min": 9.0, "episode_reward_mean": 23.696428571428573, "episode_len_mean": 23.696428571428573, "episodes_this_iter": 168, "policy_reward_min": {}, "policy_reward_max": {}, "policy_reward_mean": {}, "custom_metrics": {}, "hist_stats": {"episode_reward": [24.0, 15.0, 24.0, 27.0, 18.0, 13.0, 9.0, 27.0, 56.0, 18.0, 24.0, 20.0, 18.0, 85.0, 19.0, 18.0, 21.0, 40.0, 14.0, 19.0, 41.0, 30.0, 14.0, 18.0, 26.0, 11.0, 17.0, 16.0, 11.0, 15.0, 19.0, 20.0, 44.0, 11.0, 18.0, 16.0, 20.0, 13.0, 24.0, 17.0, 22.0, 19.0, 46.0, 38.0, 18.0, 22.0, 27.0, 35.0, 49.0, 27.0, 13.0, 19.0, 13.0, 16.0, 11.0, 24.0, 13.0, 35.0, 14.0, 23.0, 29.0, 14.0, 15.0, 32.0, 35.0, 17.0, 26.0, 24.0, 30.0, 9.0, 20.0, 16.0, 10.0, 16.0, 32.0, 21.0, 26.0, 27.0, 49.0, 17.0, 25.0, 28.0, 16.0, 17.0, 17.0, 15.0, 18.0, 14.0, 23.0, 22.0, 83.0, 25.0, 30.0, 33.0, 14.0, 25.0, 17.0, 14.0, 20.0, 12.0, 17.0, 35.0, 16.0, 43.0, 35.0, 15.0, 17.0, 26.0, 64.0, 45.0, 19.0, 13.0, 9.0, 12.0, 32.0, 39.0, 16.0, 17.0, 23.0, 14.0, 13.0, 11.0, 47.0, 17.0, 37.0, 18.0, 12.0, 24.0, 11.0, 19.0, 33.0, 29.0, 51.0, 21.0, 12.0, 26.0, 12.0, 52.0, 14.0, 24.0, 9.0, 20.0, 26.0, 15.0, 46.0, 14.0, 18.0, 17.0, 14.0, 19.0, 19.0, 12.0, 27.0, 15.0, 43.0, 25.0, 13.0, 12.0, 42.0, 17.0, 19.0, 32.0, 44.0, 58.0, 14.0, 25.0, 39.0, 10.0], "episode_lengths": [24, 15, 24, 27, 18, 13, 9, 27, 56, 18, 24, 20, 18, 85, 19, 18, 21, 40, 14, 19, 41, 30, 14, 18, 26, 11, 17, 16, 11, 15, 19, 20, 44, 11, 18, 16, 20, 13, 24, 17, 22, 19, 46, 38, 18, 22, 27, 35, 49, 27, 13, 19, 13, 16, 11, 24, 13, 35, 14, 23, 29, 14, 15, 32, 35, 17, 26, 24, 30, 9, 20, 16, 10, 16, 32, 21, 26, 27, 49, 17, 25, 28, 16, 17, 17, 15, 18, 14, 23, 22, 83, 25, 30, 33, 14, 25, 17, 14, 20, 12, 17, 35, 16, 43, 35, 15, 17, 26, 64, 45, 19, 13, 9, 12, 32, 39, 16, 17, 23, 14, 13, 11, 47, 17, 37, 18, 12, 24, 11, 19, 33, 29, 51, 21, 12, 26, 12, 52, 14, 24, 9, 20, 26, 15, 46, 14, 18, 17, 14, 19, 19, 12, 27, 15, 43, 25, 13, 12, 42, 17, 19, 32, 44, 58, 14, 25, 39, 10]}, "sampler_perf": {"mean_env_wait_ms": 0.05898997653159343, "mean_processing_ms": 0.1433104820413549, "mean_inference_ms": 0.6455953822556628}, "off_policy_estimator": {}, "num_healthy_workers": 1, "timesteps_total": 4000, "timers": {"sample_time_ms": 4604.558, "sample_throughput": 868.705, "load_time_ms": 37.677, "load_throughput": 106165.425, "learn_time_ms": 3846.573, "learn_throughput": 1039.887, "update_time_ms": 2.078}, "info": {"learner": {"default_policy": {"cur_kl_coeff": 0.20000000298023224, "cur_lr": 0.0010000000474974513, "total_loss": 102.87246704101562, "policy_loss": -0.04570726305246353, "vf_loss": 102.91105651855469, "vf_explained_var": 0.24328991770744324, "kl": 0.035563815385103226, "entropy": 0.6572003960609436, "entropy_coeff": 0.0, "model": {}}}, "num_steps_sampled": 4000, "num_steps_trained": 4000}, "done": false, "episodes_total": 168, "training_iteration": 1, "experiment_id": "05c26d88ed894ecdac44a8156ee61757", "date": "2020-08-16_04-57-10", "timestamp": 1597553830, "time_this_iter_s": 8.595356702804565, "time_total_s": 8.595356702804565, "pid": 27520, "hostname": "ntozcc-dv-mlalo-vm", "node_ip": "10.0.0.4", "config": {"num_workers": 1, "num_envs_per_worker": 1, "rollout_fragment_length": 200, "sample_batch_size": -1, "batch_mode": "truncate_episodes", "num_gpus": 0, "train_batch_size": 4000, "model": {"conv_filters": null, "conv_activation": "relu", "fcnet_activation": "tanh", "fcnet_hiddens": [256, 256], "free_log_std": false, "no_final_linear": false, "vf_share_layers": true, "use_lstm": false, "max_seq_len": 20, "lstm_cell_size": 256, "lstm_use_prev_action_reward": false, "state_shape": null, "framestack": true, "dim": 84, "grayscale": false, "zero_mean": true, "custom_model": null, "custom_model_config": {}, "custom_action_dist": null, "custom_preprocessor": null, "custom_options": -1}, "optimizer": {}, "gamma": 0.99, "horizon": null, "soft_horizon": false, "no_done_at_end": false, "env_config": {}, "env": "CartPole-v0", "normalize_actions": false, "clip_rewards": null, "clip_actions": true, "preprocessor_pref": "deepmind", "lr": 0.001, "monitor": false, "log_level": "WARN", "callbacks": "<class 'ray.rllib.agents.callbacks.DefaultCallbacks'>", "ignore_worker_failures": false, "log_sys_usage": true, "fake_sampler": false, "framework": "tf", "eager_tracing": false, "no_eager_on_workers": false, "explore": true, "exploration_config": {"type": "StochasticSampling"}, "evaluation_interval": null, "evaluation_num_episodes": 10, "in_evaluation": false, "evaluation_config": {}, "evaluation_num_workers": 0, "custom_eval_function": null, "sample_async": false, "observation_filter": "NoFilter", "synchronize_filters": true, "tf_session_args": {"intra_op_parallelism_threads": 2, "inter_op_parallelism_threads": 2, "gpu_options": {"allow_growth": true}, "log_device_placement": false, "device_count": {"CPU": 1}, "allow_soft_placement": true}, "local_tf_session_args": {"intra_op_parallelism_threads": 8, "inter_op_parallelism_threads": 8}, "compress_observations": false, "collect_metrics_timeout": 180, "metrics_smoothing_episodes": 100, "remote_worker_envs": false, "remote_env_batch_wait_ms": 0, "min_iter_time_s": 0, "timesteps_per_iteration": 0, "seed": null, "extra_python_environs_for_driver": {}, "extra_python_environs_for_worker": {}, "num_cpus_per_worker": 1, "num_gpus_per_worker": 0, "custom_resources_per_worker": {}, "num_cpus_for_driver": 1, "memory": 0, "object_store_memory": 0, "memory_per_worker": 0, "object_store_memory_per_worker": 0, "input": "sampler", "input_evaluation": ["is", "wis"], "postprocess_inputs": false, "shuffle_buffer_size": 0, "output": null, "output_compress_columns": ["obs", "new_obs"], "output_max_file_size": 67108864, "multiagent": {"policies": {}, "policy_mapping_fn": null, "policies_to_train": null, "observation_fn": null}, "use_pytorch": -1, "use_critic": true, "use_gae": true, "lambda": 1.0, "kl_coeff": 0.2, "sgd_minibatch_size": 128, "shuffle_sequences": true, "num_sgd_iter": 30, "lr_schedule": null, "vf_share_layers": false, "vf_loss_coeff": 1.0, "entropy_coeff": 0.0, "entropy_coeff_schedule": null, "clip_param": 0.3, "vf_clip_param": 10.0, "grad_clip": null, "kl_target": 0.01, "simple_optimizer": false, "_fake_gpus": false}, "time_since_restore": 8.595356702804565, "timesteps_since_restore": 0, "iterations_since_restore": 1, "perf": {"cpu_util_percent": 71.62307692307692, "ram_util_percent": 32.26923076923077}, "trial_id": "d793c_00001", "experiment_tag": "1_lr=0.001"}
{"episode_reward_max": 168.0, "episode_reward_min": 10.0, "episode_reward_mean": 43.24, "episode_len_mean": 43.24, "episodes_this_iter": 87, "policy_reward_min": {}, "policy_reward_max": {}, "policy_reward_mean": {}, "custom_metrics": {}, "hist_stats": {"episode_reward": [34.0, 69.0, 44.0, 25.0, 56.0, 23.0, 37.0, 11.0, 22.0, 24.0, 14.0, 27.0, 39.0, 14.0, 68.0, 31.0, 81.0, 122.0, 91.0, 37.0, 61.0, 62.0, 18.0, 14.0, 57.0, 106.0, 23.0, 42.0, 21.0, 37.0, 45.0, 97.0, 95.0, 21.0, 22.0, 76.0, 68.0, 12.0, 14.0, 56.0, 11.0, 66.0, 30.0, 12.0, 21.0, 19.0, 56.0, 27.0, 49.0, 59.0, 67.0, 13.0, 25.0, 66.0, 13.0, 74.0, 21.0, 50.0, 28.0, 16.0, 69.0, 44.0, 15.0, 28.0, 39.0, 18.0, 76.0, 78.0, 25.0, 53.0, 37.0, 30.0, 14.0, 11.0, 40.0, 105.0, 39.0, 27.0, 23.0, 53.0, 28.0, 21.0, 157.0, 168.0, 117.0, 48.0, 72.0, 25.0, 13.0, 12.0, 42.0, 17.0, 19.0, 32.0, 44.0, 58.0, 14.0, 25.0, 39.0, 10.0], "episode_lengths": [34, 69, 44, 25, 56, 23, 37, 11, 22, 24, 14, 27, 39, 14, 68, 31, 81, 122, 91, 37, 61, 62, 18, 14, 57, 106, 23, 42, 21, 37, 45, 97, 95, 21, 22, 76, 68, 12, 14, 56, 11, 66, 30, 12, 21, 19, 56, 27, 49, 59, 67, 13, 25, 66, 13, 74, 21, 50, 28, 16, 69, 44, 15, 28, 39, 18, 76, 78, 25, 53, 37, 30, 14, 11, 40, 105, 39, 27, 23, 53, 28, 21, 157, 168, 117, 48, 72, 25, 13, 12, 42, 17, 19, 32, 44, 58, 14, 25, 39, 10]}, "sampler_perf": {"mean_env_wait_ms": 0.058918849873125956, "mean_processing_ms": 0.13886529193359418, "mean_inference_ms": 0.6504402783128818}, "off_policy_estimator": {}, "num_healthy_workers": 1,