{"episode_reward_max": 59.0, "episode_reward_min": 9.0, "episode_reward_mean": 22.329608938547487, "episode_len_mean": 22.329608938547487, "episodes_this_iter": 179, "policy_reward_min": {}, "policy_reward_max": {}, "policy_reward_mean": {}, "custom_metrics": {}, "hist_stats": {"episode_reward": [11.0, 13.0, 26.0, 12.0, 10.0, 59.0, 13.0, 13.0, 36.0, 30.0, 36.0, 30.0, 11.0, 15.0, 31.0, 14.0, 35.0, 29.0, 28.0, 32.0, 27.0, 9.0, 34.0, 15.0, 15.0, 11.0, 13.0, 27.0, 20.0, 16.0, 16.0, 24.0, 17.0, 43.0, 23.0, 12.0, 16.0, 16.0, 38.0, 28.0, 11.0, 10.0, 22.0, 14.0, 16.0, 30.0, 15.0, 12.0, 12.0, 37.0, 30.0, 14.0, 32.0, 55.0, 10.0, 17.0, 38.0, 31.0, 29.0, 21.0, 43.0, 14.0, 26.0, 14.0, 12.0, 12.0, 30.0, 23.0, 11.0, 45.0, 15.0, 17.0, 46.0, 16.0, 29.0, 27.0, 21.0, 28.0, 18.0, 13.0, 12.0, 17.0, 26.0, 34.0, 28.0, 11.0, 25.0, 16.0, 16.0, 14.0, 12.0, 40.0, 11.0, 11.0, 23.0, 33.0, 16.0, 15.0, 18.0, 14.0, 14.0, 42.0, 22.0, 31.0, 17.0, 28.0, 24.0, 15.0, 14.0, 17.0, 43.0, 23.0, 32.0, 27.0, 54.0, 18.0, 10.0, 19.0, 43.0, 19.0, 15.0, 16.0, 25.0, 21.0, 23.0, 11.0, 14.0, 35.0, 30.0, 26.0, 47.0, 30.0, 20.0, 17.0, 12.0, 41.0, 25.0, 19.0, 35.0, 20.0, 17.0, 22.0, 15.0, 20.0, 12.0, 20.0, 10.0, 22.0, 18.0, 21.0, 31.0, 24.0, 27.0, 15.0, 33.0, 14.0, 55.0, 22.0, 14.0, 9.0, 9.0, 12.0, 26.0, 16.0, 11.0, 19.0, 41.0, 24.0, 19.0, 21.0, 24.0, 12.0, 23.0, 25.0, 13.0, 15.0, 24.0, 18.0, 18.0], "episode_lengths": [11, 13, 26, 12, 10, 59, 13, 13, 36, 30, 36, 30, 11, 15, 31, 14, 35, 29, 28, 32, 27, 9, 34, 15, 15, 11, 13, 27, 20, 16, 16, 24, 17, 43, 23, 12, 16, 16, 38, 28, 11, 10, 22, 14, 16, 30, 15, 12, 12, 37, 30, 14, 32, 55, 10, 17, 38, 31, 29, 21, 43, 14, 26, 14, 12, 12, 30, 23, 11, 45, 15, 17, 46, 16, 29, 27, 21, 28, 18, 13, 12, 17, 26, 34, 28, 11, 25, 16, 16, 14, 12, 40, 11, 11, 23, 33, 16, 15, 18, 14, 14, 42, 22, 31, 17, 28, 24, 15, 14, 17, 43, 23, 32, 27, 54, 18, 10, 19, 43, 19, 15, 16, 25, 21, 23, 11, 14, 35, 30, 26, 47, 30, 20, 17, 12, 41, 25, 19, 35, 20, 17, 22, 15, 20, 12, 20, 10, 22, 18, 21, 31, 24, 27, 15, 33, 14, 55, 22, 14, 9, 9, 12, 26, 16, 11, 19, 41, 24, 19, 21, 24, 12, 23, 25, 13, 15, 24, 18, 18]}, "sampler_perf": {"mean_env_wait_ms": 0.07287623494364447, "mean_processing_ms": 0.18289017099286584, "mean_inference_ms": 0.7523141244565569}, "off_policy_estimator": {}, "num_healthy_workers": 1, "timesteps_total": 4000, "timers": {"sample_time_ms": 5005.737, "sample_throughput": 799.083, "load_time_ms": 49.357, "load_throughput": 81042.306, "learn_time_ms": 3849.047, "learn_throughput": 1039.218, "update_time_ms": 2.228}, "info": {"learner": {"default_policy": {"cur_kl_coeff": 0.20000000298023224, "cur_lr": 0.009999999776482582, "total_loss": 65.70555877685547, "policy_loss": -0.04215565323829651, "vf_loss": 65.74091339111328, "vf_explained_var": 0.3113325834274292, "kl": 0.03397923335433006, "entropy": 0.660697340965271, "entropy_coeff": 0.0, "model": {}}}, "num_steps_sampled": 4000, "num_steps_trained": 4000}, "done": true, "episodes_total": 179, "training_iteration": 1, "experiment_id": "c036fb2fc162429dbe6e3f9283efd986", "date": "2020-08-18_17-57-34", "timestamp": 1597773454, "time_this_iter_s": 9.04460334777832, "time_total_s": 9.04460334777832, "pid": 15243, "hostname": "terminator-1000", "node_ip": "10.168.0.7", "config": {"num_workers": 1, "num_envs_per_worker": 1, "rollout_fragment_length": 200, "sample_batch_size": -1, "batch_mode": "truncate_episodes", "num_gpus": 0, "train_batch_size": 4000, "model": {"conv_filters": null, "conv_activation": "relu", "fcnet_activation": "tanh", "fcnet_hiddens": [256, 256], "free_log_std": false, "no_final_linear": false, "vf_share_layers": true, "use_lstm": false, "max_seq_len": 20, "lstm_cell_size": 256, "lstm_use_prev_action_reward": false, "state_shape": null, "framestack": true, "dim": 84, "grayscale": false, "zero_mean": true, "custom_model": null, "custom_model_config": {}, "custom_action_dist": null, "custom_preprocessor": null, "custom_options": -1}, "optimizer": {}, "gamma": 0.99, "horizon": null, "soft_horizon": false, "no_done_at_end": false, "env_config": {}, "env": "CartPole-v0", "normalize_actions": false, "clip_rewards": null, "clip_actions": true, "preprocessor_pref": "deepmind", "lr": 0.01, "monitor": false, "log_level": "WARN", "callbacks": "<class 'ray.rllib.agents.callbacks.DefaultCallbacks'>", "ignore_worker_failures": false, "log_sys_usage": true, "fake_sampler": false, "framework": "tf", "eager_tracing": false, "no_eager_on_workers": false, "explore": true, "exploration_config": {"type": "StochasticSampling"}, "evaluation_interval": null, "evaluation_num_episodes": 10, "in_evaluation": false, "evaluation_config": {}, "evaluation_num_workers": 0, "custom_eval_function": null, "sample_async": false, "observation_filter": "NoFilter", "synchronize_filters": true, "tf_session_args": {"intra_op_parallelism_threads": 2, "inter_op_parallelism_threads": 2, "gpu_options": {"allow_growth": true}, "log_device_placement": false, "device_count": {"CPU": 1}, "allow_soft_placement": true}, "local_tf_session_args": {"intra_op_parallelism_threads": 8, "inter_op_parallelism_threads": 8}, "compress_observations": false, "collect_metrics_timeout": 180, "metrics_smoothing_episodes": 100, "remote_worker_envs": false, "remote_env_batch_wait_ms": 0, "min_iter_time_s": 0, "timesteps_per_iteration": 0, "seed": null, "extra_python_environs_for_driver": {}, "extra_python_environs_for_worker": {}, "num_cpus_per_worker": 1, "num_gpus_per_worker": 0, "custom_resources_per_worker": {}, "num_cpus_for_driver": 1, "memory": 0, "object_store_memory": 0, "memory_per_worker": 0, "object_store_memory_per_worker": 0, "input": "sampler", "input_evaluation": ["is", "wis"], "postprocess_inputs": false, "shuffle_buffer_size": 0, "output": null, "output_compress_columns": ["obs", "new_obs"], "output_max_file_size": 67108864, "multiagent": {"policies": {}, "policy_mapping_fn": null, "policies_to_train": null, "observation_fn": null}, "use_pytorch": -1, "use_critic": true, "use_gae": true, "lambda": 1.0, "kl_coeff": 0.2, "sgd_minibatch_size": 128, "shuffle_sequences": true, "num_sgd_iter": 30, "lr_schedule": null, "vf_share_layers": false, "vf_loss_coeff": 1.0, "entropy_coeff": 0.0, "entropy_coeff_schedule": null, "clip_param": 0.3, "vf_clip_param": 10.0, "grad_clip": null, "kl_target": 0.01, "simple_optimizer": false, "_fake_gpus": false}, "time_since_restore": 9.04460334777832, "timesteps_since_restore": 0, "iterations_since_restore": 1, "perf": {"cpu_util_percent": 36.830769230769235, "ram_util_percent": 3.5230769230769234}, "trial_id": "43146_00000", "experiment_tag": "0_lr=0.01"}
