{"episode_reward_max": 89.0, "episode_reward_min": 8.0, "episode_reward_mean": 22.005555555555556, "episode_len_mean": 22.005555555555556, "episodes_this_iter": 180, "policy_reward_min": {}, "policy_reward_max": {}, "policy_reward_mean": {}, "custom_metrics": {}, "hist_stats": {"episode_reward": [42.0, 13.0, 10.0, 13.0, 41.0, 34.0, 12.0, 39.0, 13.0, 12.0, 21.0, 47.0, 11.0, 24.0, 24.0, 31.0, 13.0, 9.0, 20.0, 29.0, 29.0, 11.0, 19.0, 36.0, 12.0, 17.0, 89.0, 15.0, 14.0, 15.0, 23.0, 12.0, 19.0, 22.0, 9.0, 11.0, 12.0, 9.0, 22.0, 20.0, 11.0, 18.0, 51.0, 20.0, 15.0, 34.0, 16.0, 15.0, 16.0, 17.0, 29.0, 11.0, 13.0, 19.0, 18.0, 14.0, 38.0, 14.0, 21.0, 51.0, 21.0, 9.0, 15.0, 17.0, 26.0, 42.0, 17.0, 35.0, 26.0, 25.0, 11.0, 15.0, 17.0, 20.0, 48.0, 19.0, 64.0, 26.0, 25.0, 25.0, 12.0, 13.0, 8.0, 18.0, 66.0, 30.0, 16.0, 18.0, 11.0, 11.0, 58.0, 29.0, 12.0, 31.0, 9.0, 14.0, 17.0, 15.0, 9.0, 29.0, 29.0, 19.0, 38.0, 29.0, 21.0, 31.0, 21.0, 11.0, 21.0, 16.0, 25.0, 36.0, 32.0, 18.0, 10.0, 53.0, 12.0, 13.0, 32.0, 16.0, 45.0, 8.0, 34.0, 13.0, 42.0, 15.0, 12.0, 12.0, 19.0, 15.0, 33.0, 13.0, 14.0, 18.0, 17.0, 24.0, 52.0, 12.0, 16.0, 19.0, 19.0, 65.0, 10.0, 25.0, 11.0, 13.0, 33.0, 11.0, 12.0, 15.0, 17.0, 10.0, 26.0, 12.0, 51.0, 17.0, 11.0, 22.0, 51.0, 12.0, 11.0, 38.0, 22.0, 12.0, 17.0, 16.0, 17.0, 25.0, 16.0, 13.0, 15.0, 13.0, 11.0, 27.0, 11.0, 13.0, 16.0, 27.0, 14.0, 24.0], "episode_lengths": [42, 13, 10, 13, 41, 34, 12, 39, 13, 12, 21, 47, 11, 24, 24, 31, 13, 9, 20, 29, 29, 11, 19, 36, 12, 17, 89, 15, 14, 15, 23, 12, 19, 22, 9, 11, 12, 9, 22, 20, 11, 18, 51, 20, 15, 34, 16, 15, 16, 17, 29, 11, 13, 19, 18, 14, 38, 14, 21, 51, 21, 9, 15, 17, 26, 42, 17, 35, 26, 25, 11, 15, 17, 20, 48, 19, 64, 26, 25, 25, 12, 13, 8, 18, 66, 30, 16, 18, 11, 11, 58, 29, 12, 31, 9, 14, 17, 15, 9, 29, 29, 19, 38, 29, 21, 31, 21, 11, 21, 16, 25, 36, 32, 18, 10, 53, 12, 13, 32, 16, 45, 8, 34, 13, 42, 15, 12, 12, 19, 15, 33, 13, 14, 18, 17, 24, 52, 12, 16, 19, 19, 65, 10, 25, 11, 13, 33, 11, 12, 15, 17, 10, 26, 12, 51, 17, 11, 22, 51, 12, 11, 38, 22, 12, 17, 16, 17, 25, 16, 13, 15, 13, 11, 27, 11, 13, 16, 27, 14, 24]}, "sampler_perf": {"mean_env_wait_ms": 0.07092157205144513, "mean_processing_ms": 0.18007676025177058, "mean_inference_ms": 0.7464013317768885}, "off_policy_estimator": {}, "num_healthy_workers": 1, "timesteps_total": 4000, "timers": {"sample_time_ms": 4987.26, "sample_throughput": 802.044, "load_time_ms": 48.662, "load_throughput": 82199.752, "learn_time_ms": 3818.62, "learn_throughput": 1047.499, "update_time_ms": 2.252}, "info": {"learner": {"default_policy": {"cur_kl_coeff": 0.20000000298023224, "cur_lr": 0.009999999776482582, "total_loss": 95.56419372558594, "policy_loss": -0.05304276943206787, "vf_loss": 95.60950469970703, "vf_explained_var": 0.255070298910141, "kl": 0.038678333163261414, "entropy": 0.6556452512741089, "entropy_coeff": 0.0, "model": {}}}, "num_steps_sampled": 4000, "num_steps_trained": 4000}, "done": true, "episodes_total": 180, "training_iteration": 1, "experiment_id": "ac304a743df44833b716c24407fc4089", "date": "2020-08-18_17-09-02", "timestamp": 1597770542, "time_this_iter_s": 9.035443544387817, "time_total_s": 9.035443544387817, "pid": 9379, "hostname": "terminator-1000", "node_ip": "10.168.0.7", "config": {"num_workers": 1, "num_envs_per_worker": 1, "rollout_fragment_length": 200, "sample_batch_size": -1, "batch_mode": "truncate_episodes", "num_gpus": 0, "train_batch_size": 4000, "model": {"conv_filters": null, "conv_activation": "relu", "fcnet_activation": "tanh", "fcnet_hiddens": [256, 256], "free_log_std": false, "no_final_linear": false, "vf_share_layers": true, "use_lstm": false, "max_seq_len": 20, "lstm_cell_size": 256, "lstm_use_prev_action_reward": false, "state_shape": null, "framestack": true, "dim": 84, "grayscale": false, "zero_mean": true, "custom_model": null, "custom_model_config": {}, "custom_action_dist": null, "custom_preprocessor": null, "custom_options": -1}, "optimizer": {}, "gamma": 0.99, "horizon": null, "soft_horizon": false, "no_done_at_end": false, "env_config": {}, "env": "CartPole-v0", "normalize_actions": false, "clip_rewards": null, "clip_actions": true, "preprocessor_pref": "deepmind", "lr": 0.01, "monitor": false, "log_level": "WARN", "callbacks": "<class 'ray.rllib.agents.callbacks.DefaultCallbacks'>", "ignore_worker_failures": false, "log_sys_usage": true, "fake_sampler": false, "framework": "tf", "eager_tracing": false, "no_eager_on_workers": false, "explore": true, "exploration_config": {"type": "StochasticSampling"}, "evaluation_interval": null, "evaluation_num_episodes": 10, "in_evaluation": false, "evaluation_config": {}, "evaluation_num_workers": 0, "custom_eval_function": null, "sample_async": false, "observation_filter": "NoFilter", "synchronize_filters": true, "tf_session_args": {"intra_op_parallelism_threads": 2, "inter_op_parallelism_threads": 2, "gpu_options": {"allow_growth": true}, "log_device_placement": false, "device_count": {"CPU": 1}, "allow_soft_placement": true}, "local_tf_session_args": {"intra_op_parallelism_threads": 8, "inter_op_parallelism_threads": 8}, "compress_observations": false, "collect_metrics_timeout": 180, "metrics_smoothing_episodes": 100, "remote_worker_envs": false, "remote_env_batch_wait_ms": 0, "min_iter_time_s": 0, "timesteps_per_iteration": 0, "seed": null, "extra_python_environs_for_driver": {}, "extra_python_environs_for_worker": {}, "num_cpus_per_worker": 1, "num_gpus_per_worker": 0, "custom_resources_per_worker": {}, "num_cpus_for_driver": 1, "memory": 0, "object_store_memory": 0, "memory_per_worker": 0, "object_store_memory_per_worker": 0, "input": "sampler", "input_evaluation": ["is", "wis"], "postprocess_inputs": false, "shuffle_buffer_size": 0, "output": null, "output_compress_columns": ["obs", "new_obs"], "output_max_file_size": 67108864, "multiagent": {"policies": {}, "policy_mapping_fn": null, "policies_to_train": null, "observation_fn": null}, "use_pytorch": -1, "use_critic": true, "use_gae": true, "lambda": 1.0, "kl_coeff": 0.2, "sgd_minibatch_size": 128, "shuffle_sequences": true, "num_sgd_iter": 30, "lr_schedule": null, "vf_share_layers": false, "vf_loss_coeff": 1.0, "entropy_coeff": 0.0, "entropy_coeff_schedule": null, "clip_param": 0.3, "vf_clip_param": 10.0, "grad_clip": null, "kl_target": 0.01, "simple_optimizer": false, "_fake_gpus": false}, "time_since_restore": 9.035443544387817, "timesteps_since_restore": 0, "iterations_since_restore": 1, "perf": {"cpu_util_percent": 36.169230769230765, "ram_util_percent": 3.5076923076923077}, "trial_id": "7b6a4_00000", "experiment_tag": "0_lr=0.01"}
