{"episode_reward_max": 71.0, "episode_reward_min": 9.0, "episode_reward_mean": 21.956043956043956, "episode_len_mean": 21.956043956043956, "episodes_this_iter": 182, "policy_reward_min": {}, "policy_reward_max": {}, "policy_reward_mean": {}, "custom_metrics": {}, "hist_stats": {"episode_reward": [38.0, 16.0, 15.0, 14.0, 37.0, 30.0, 19.0, 15.0, 27.0, 26.0, 11.0, 26.0, 14.0, 31.0, 23.0, 18.0, 14.0, 19.0, 22.0, 12.0, 20.0, 11.0, 23.0, 19.0, 19.0, 23.0, 25.0, 15.0, 15.0, 36.0, 14.0, 21.0, 10.0, 20.0, 14.0, 14.0, 26.0, 9.0, 36.0, 12.0, 14.0, 58.0, 15.0, 29.0, 47.0, 25.0, 21.0, 38.0, 40.0, 22.0, 17.0, 20.0, 19.0, 9.0, 15.0, 25.0, 9.0, 37.0, 19.0, 18.0, 12.0, 11.0, 18.0, 18.0, 17.0, 10.0, 34.0, 20.0, 40.0, 24.0, 15.0, 12.0, 10.0, 29.0, 15.0, 15.0, 39.0, 11.0, 49.0, 25.0, 22.0, 25.0, 10.0, 33.0, 13.0, 14.0, 21.0, 28.0, 27.0, 30.0, 12.0, 11.0, 14.0, 10.0, 19.0, 27.0, 23.0, 33.0, 35.0, 9.0, 30.0, 27.0, 13.0, 71.0, 12.0, 21.0, 30.0, 11.0, 24.0, 10.0, 16.0, 13.0, 13.0, 11.0, 55.0, 19.0, 26.0, 13.0, 23.0, 32.0, 19.0, 15.0, 13.0, 14.0, 22.0, 14.0, 14.0, 18.0, 10.0, 32.0, 13.0, 31.0, 35.0, 16.0, 46.0, 29.0, 39.0, 10.0, 14.0, 14.0, 50.0, 11.0, 17.0, 21.0, 18.0, 23.0, 38.0, 41.0, 51.0, 13.0, 15.0, 13.0, 14.0, 16.0, 45.0, 11.0, 14.0, 45.0, 12.0, 14.0, 14.0, 25.0, 13.0, 22.0, 16.0, 20.0, 38.0, 10.0, 11.0, 15.0, 23.0, 26.0, 17.0, 22.0, 41.0, 18.0, 18.0, 25.0, 22.0, 25.0, 25.0, 34.0], "episode_lengths": [38, 16, 15, 14, 37, 30, 19, 15, 27, 26, 11, 26, 14, 31, 23, 18, 14, 19, 22, 12, 20, 11, 23, 19, 19, 23, 25, 15, 15, 36, 14, 21, 10, 20, 14, 14, 26, 9, 36, 12, 14, 58, 15, 29, 47, 25, 21, 38, 40, 22, 17, 20, 19, 9, 15, 25, 9, 37, 19, 18, 12, 11, 18, 18, 17, 10, 34, 20, 40, 24, 15, 12, 10, 29, 15, 15, 39, 11, 49, 25, 22, 25, 10, 33, 13, 14, 21, 28, 27, 30, 12, 11, 14, 10, 19, 27, 23, 33, 35, 9, 30, 27, 13, 71, 12, 21, 30, 11, 24, 10, 16, 13, 13, 11, 55, 19, 26, 13, 23, 32, 19, 15, 13, 14, 22, 14, 14, 18, 10, 32, 13, 31, 35, 16, 46, 29, 39, 10, 14, 14, 50, 11, 17, 21, 18, 23, 38, 41, 51, 13, 15, 13, 14, 16, 45, 11, 14, 45, 12, 14, 14, 25, 13, 22, 16, 20, 38, 10, 11, 15, 23, 26, 17, 22, 41, 18, 18, 25, 22, 25, 25, 34]}, "sampler_perf": {"mean_env_wait_ms": 0.05790574107876839, "mean_processing_ms": 0.14424216774099322, "mean_inference_ms": 0.6381322431194875}, "off_policy_estimator": {}, "num_healthy_workers": 1, "timesteps_total": 4000, "timers": {"sample_time_ms": 4131.585, "sample_throughput": 968.152, "load_time_ms": 36.194, "load_throughput": 110514.564, "learn_time_ms": 3847.183, "learn_throughput": 1039.722, "update_time_ms": 4.095}, "info": {"learner": {"default_policy": {"cur_kl_coeff": 0.20000000298023224, "cur_lr": 0.009999999776482582, "total_loss": 72.73885345458984, "policy_loss": -0.04146116226911545, "vf_loss": 72.7737808227539, "vf_explained_var": 0.2915692627429962, "kl": 0.03268532082438469, "entropy": 0.6621116399765015, "entropy_coeff": 0.0, "model": {}}}, "num_steps_sampled": 4000, "num_steps_trained": 4000}, "done": true, "episodes_total": 182, "training_iteration": 1, "experiment_id": "a67c2811ff2c4a7c82a1f9e3ad80e025", "date": "2020-08-16_04-01-23", "timestamp": 1597550483, "time_this_iter_s": 8.120541095733643, "time_total_s": 8.120541095733643, "pid": 22781, "hostname": "ntozcc-dv-mlalo-vm", "node_ip": "10.0.0.4", "config": {"num_workers": 1, "num_envs_per_worker": 1, "rollout_fragment_length": 200, "sample_batch_size": -1, "batch_mode": "truncate_episodes", "num_gpus": 0, "train_batch_size": 4000, "model": {"conv_filters": null, "conv_activation": "relu", "fcnet_activation": "tanh", "fcnet_hiddens": [256, 256], "free_log_std": false, "no_final_linear": false, "vf_share_layers": true, "use_lstm": false, "max_seq_len": 20, "lstm_cell_size": 256, "lstm_use_prev_action_reward": false, "state_shape": null, "framestack": true, "dim": 84, "grayscale": false, "zero_mean": true, "custom_model": null, "custom_model_config": {}, "custom_action_dist": null, "custom_preprocessor": null, "custom_options": -1}, "optimizer": {}, "gamma": 0.99, "horizon": null, "soft_horizon": false, "no_done_at_end": false, "env_config": {}, "env": "CartPole-v0", "normalize_actions": false, "clip_rewards": null, "clip_actions": true, "preprocessor_pref": "deepmind", "lr": 0.01, "monitor": false, "log_level": "WARN", "callbacks": "<class 'ray.rllib.agents.callbacks.DefaultCallbacks'>", "ignore_worker_failures": false, "log_sys_usage": true, "fake_sampler": false, "framework": "tf", "eager_tracing": false, "no_eager_on_workers": false, "explore": true, "exploration_config": {"type": "StochasticSampling"}, "evaluation_interval": null, "evaluation_num_episodes": 10, "in_evaluation": false, "evaluation_config": {}, "evaluation_num_workers": 0, "custom_eval_function": null, "sample_async": false, "observation_filter": "NoFilter", "synchronize_filters": true, "tf_session_args": {"intra_op_parallelism_threads": 2, "inter_op_parallelism_threads": 2, "gpu_options": {"allow_growth": true}, "log_device_placement": false, "device_count": {"CPU": 1}, "allow_soft_placement": true}, "local_tf_session_args": {"intra_op_parallelism_threads": 8, "inter_op_parallelism_threads": 8}, "compress_observations": false, "collect_metrics_timeout": 180, "metrics_smoothing_episodes": 100, "remote_worker_envs": false, "remote_env_batch_wait_ms": 0, "min_iter_time_s": 0, "timesteps_per_iteration": 0, "seed": null, "extra_python_environs_for_driver": {}, "extra_python_environs_for_worker": {}, "num_cpus_per_worker": 1, "num_gpus_per_worker": 0, "custom_resources_per_worker": {}, "num_cpus_for_driver": 1, "memory": 0, "object_store_memory": 0, "memory_per_worker": 0, "object_store_memory_per_worker": 0, "input": "sampler", "input_evaluation": ["is", "wis"], "postprocess_inputs": false, "shuffle_buffer_size": 0, "output": null, "output_compress_columns": ["obs", "new_obs"], "output_max_file_size": 67108864, "multiagent": {"policies": {}, "policy_mapping_fn": null, "policies_to_train": null, "observation_fn": null}, "use_pytorch": -1, "use_critic": true, "use_gae": true, "lambda": 1.0, "kl_coeff": 0.2, "sgd_minibatch_size": 128, "shuffle_sequences": true, "num_sgd_iter": 30, "lr_schedule": null, "vf_share_layers": false, "vf_loss_coeff": 1.0, "entropy_coeff": 0.0, "entropy_coeff_schedule": null, "clip_param": 0.3, "vf_clip_param": 10.0, "grad_clip": null, "kl_target": 0.01, "simple_optimizer": false, "_fake_gpus": false}, "time_since_restore": 8.120541095733643, "timesteps_since_restore": 0, "iterations_since_restore": 1, "perf": {"cpu_util_percent": 72.91666666666667, "ram_util_percent": 32.224999999999994}, "trial_id": "1daf6_00000", "experiment_tag": "0_lr=0.01"}
