{"episode_reward_max": 73.0, "episode_reward_min": 9.0, "episode_reward_mean": 22.93103448275862, "episode_len_mean": 22.93103448275862, "episodes_this_iter": 174, "policy_reward_min": {}, "policy_reward_max": {}, "policy_reward_mean": {}, "custom_metrics": {}, "hist_stats": {"episode_reward": [53.0, 24.0, 36.0, 12.0, 15.0, 14.0, 23.0, 20.0, 14.0, 17.0, 9.0, 17.0, 16.0, 25.0, 21.0, 14.0, 13.0, 10.0, 18.0, 30.0, 28.0, 43.0, 18.0, 35.0, 15.0, 33.0, 23.0, 19.0, 14.0, 30.0, 19.0, 30.0, 14.0, 15.0, 14.0, 44.0, 20.0, 20.0, 13.0, 34.0, 20.0, 28.0, 44.0, 16.0, 19.0, 17.0, 40.0, 11.0, 38.0, 13.0, 19.0, 36.0, 52.0, 73.0, 12.0, 19.0, 19.0, 12.0, 18.0, 15.0, 20.0, 23.0, 22.0, 17.0, 12.0, 23.0, 10.0, 20.0, 11.0, 15.0, 18.0, 16.0, 51.0, 22.0, 9.0, 12.0, 15.0, 22.0, 41.0, 16.0, 22.0, 19.0, 10.0, 38.0, 40.0, 14.0, 15.0, 30.0, 15.0, 18.0, 17.0, 20.0, 34.0, 33.0, 34.0, 16.0, 14.0, 10.0, 19.0, 15.0, 27.0, 46.0, 18.0, 14.0, 15.0, 46.0, 21.0, 19.0, 11.0, 14.0, 16.0, 26.0, 44.0, 23.0, 12.0, 29.0, 23.0, 23.0, 18.0, 15.0, 38.0, 27.0, 35.0, 24.0, 27.0, 17.0, 22.0, 14.0, 19.0, 11.0, 64.0, 13.0, 40.0, 18.0, 26.0, 10.0, 48.0, 17.0, 13.0, 27.0, 17.0, 31.0, 21.0, 19.0, 72.0, 13.0, 25.0, 71.0, 42.0, 11.0, 16.0, 19.0, 18.0, 21.0, 30.0, 9.0, 16.0, 9.0, 14.0, 11.0, 22.0, 25.0, 39.0, 29.0, 19.0, 19.0, 9.0, 17.0, 32.0, 16.0, 14.0, 13.0, 17.0, 33.0], "episode_lengths": [53, 24, 36, 12, 15, 14, 23, 20, 14, 17, 9, 17, 16, 25, 21, 14, 13, 10, 18, 30, 28, 43, 18, 35, 15, 33, 23, 19, 14, 30, 19, 30, 14, 15, 14, 44, 20, 20, 13, 34, 20, 28, 44, 16, 19, 17, 40, 11, 38, 13, 19, 36, 52, 73, 12, 19, 19, 12, 18, 15, 20, 23, 22, 17, 12, 23, 10, 20, 11, 15, 18, 16, 51, 22, 9, 12, 15, 22, 41, 16, 22, 19, 10, 38, 40, 14, 15, 30, 15, 18, 17, 20, 34, 33, 34, 16, 14, 10, 19, 15, 27, 46, 18, 14, 15, 46, 21, 19, 11, 14, 16, 26, 44, 23, 12, 29, 23, 23, 18, 15, 38, 27, 35, 24, 27, 17, 22, 14, 19, 11, 64, 13, 40, 18, 26, 10, 48, 17, 13, 27, 17, 31, 21, 19, 72, 13, 25, 71, 42, 11, 16, 19, 18, 21, 30, 9, 16, 9, 14, 11, 22, 25, 39, 29, 19, 19, 9, 17, 32, 16, 14, 13, 17, 33]}, "sampler_perf": {"mean_env_wait_ms": 0.07043424709771044, "mean_processing_ms": 0.1764073427901569, "mean_inference_ms": 0.7486531687390654}, "off_policy_estimator": {}, "num_healthy_workers": 1, "timesteps_total": 4000, "timers": {"sample_time_ms": 4911.749, "sample_throughput": 814.374, "load_time_ms": 53.157, "load_throughput": 75249.337, "learn_time_ms": 3825.141, "learn_throughput": 1045.713, "update_time_ms": 3.386}, "info": {"learner": {"default_policy": {"cur_kl_coeff": 0.20000000298023224, "cur_lr": 0.009999999776482582, "total_loss": 98.59388732910156, "policy_loss": -0.05587393790483475, "vf_loss": 98.64157104492188, "vf_explained_var": 0.24057212471961975, "kl": 0.04090588539838791, "entropy": 0.6533450484275818, "entropy_coeff": 0.0, "model": {}}}, "num_steps_sampled": 4000, "num_steps_trained": 4000}, "done": true, "episodes_total": 174, "training_iteration": 1, "experiment_id": "212cb6c062f44936b80b6db5b4363165", "date": "2020-08-18_17-49-30", "timestamp": 1597772970, "time_this_iter_s": 8.958028793334961, "time_total_s": 8.958028793334961, "pid": 13560, "hostname": "terminator-1000", "node_ip": "10.168.0.7", "config": {"num_workers": 1, "num_envs_per_worker": 1, "rollout_fragment_length": 200, "sample_batch_size": -1, "batch_mode": "truncate_episodes", "num_gpus": 0, "train_batch_size": 4000, "model": {"conv_filters": null, "conv_activation": "relu", "fcnet_activation": "tanh", "fcnet_hiddens": [256, 256], "free_log_std": false, "no_final_linear": false, "vf_share_layers": true, "use_lstm": false, "max_seq_len": 20, "lstm_cell_size": 256, "lstm_use_prev_action_reward": false, "state_shape": null, "framestack": true, "dim": 84, "grayscale": false, "zero_mean": true, "custom_model": null, "custom_model_config": {}, "custom_action_dist": null, "custom_preprocessor": null, "custom_options": -1}, "optimizer": {}, "gamma": 0.99, "horizon": null, "soft_horizon": false, "no_done_at_end": false, "env_config": {}, "env": "CartPole-v0", "normalize_actions": false, "clip_rewards": null, "clip_actions": true, "preprocessor_pref": "deepmind", "lr": 0.01, "monitor": false, "log_level": "WARN", "callbacks": "<class 'ray.rllib.agents.callbacks.DefaultCallbacks'>", "ignore_worker_failures": false, "log_sys_usage": true, "fake_sampler": false, "framework": "tf", "eager_tracing": false, "no_eager_on_workers": false, "explore": true, "exploration_config": {"type": "StochasticSampling"}, "evaluation_interval": null, "evaluation_num_episodes": 10, "in_evaluation": false, "evaluation_config": {}, "evaluation_num_workers": 0, "custom_eval_function": null, "sample_async": false, "observation_filter": "NoFilter", "synchronize_filters": true, "tf_session_args": {"intra_op_parallelism_threads": 2, "inter_op_parallelism_threads": 2, "gpu_options": {"allow_growth": true}, "log_device_placement": false, "device_count": {"CPU": 1}, "allow_soft_placement": true}, "local_tf_session_args": {"intra_op_parallelism_threads": 8, "inter_op_parallelism_threads": 8}, "compress_observations": false, "collect_metrics_timeout": 180, "metrics_smoothing_episodes": 100, "remote_worker_envs": false, "remote_env_batch_wait_ms": 0, "min_iter_time_s": 0, "timesteps_per_iteration": 0, "seed": null, "extra_python_environs_for_driver": {}, "extra_python_environs_for_worker": {}, "num_cpus_per_worker": 1, "num_gpus_per_worker": 0, "custom_resources_per_worker": {}, "num_cpus_for_driver": 1, "memory": 0, "object_store_memory": 0, "memory_per_worker": 0, "object_store_memory_per_worker": 0, "input": "sampler", "input_evaluation": ["is", "wis"], "postprocess_inputs": false, "shuffle_buffer_size": 0, "output": null, "output_compress_columns": ["obs", "new_obs"], "output_max_file_size": 67108864, "multiagent": {"policies": {}, "policy_mapping_fn": null, "policies_to_train": null, "observation_fn": null}, "use_pytorch": -1, "use_critic": true, "use_gae": true, "lambda": 1.0, "kl_coeff": 0.2, "sgd_minibatch_size": 128, "shuffle_sequences": true, "num_sgd_iter": 30, "lr_schedule": null, "vf_share_layers": false, "vf_loss_coeff": 1.0, "entropy_coeff": 0.0, "entropy_coeff_schedule": null, "clip_param": 0.3, "vf_clip_param": 10.0, "grad_clip": null, "kl_target": 0.01, "simple_optimizer": false, "_fake_gpus": false}, "time_since_restore": 8.958028793334961, "timesteps_since_restore": 0, "iterations_since_restore": 1, "perf": {"cpu_util_percent": 36.99999999999999, "ram_util_percent": 3.5230769230769234}, "trial_id": "22e8e_00000", "experiment_tag": "0_lr=0.01"}
