{"episode_reward_max": 73.0, "episode_reward_min": 10.0, "episode_reward_mean": 23.82634730538922, "episode_len_mean": 23.82634730538922, "episodes_this_iter": 167, "policy_reward_min": {}, "policy_reward_max": {}, "policy_reward_mean": {}, "custom_metrics": {}, "hist_stats": {"episode_reward": [16.0, 56.0, 17.0, 21.0, 33.0, 34.0, 38.0, 14.0, 13.0, 15.0, 19.0, 18.0, 44.0, 23.0, 14.0, 16.0, 30.0, 31.0, 20.0, 17.0, 23.0, 14.0, 47.0, 13.0, 14.0, 36.0, 18.0, 19.0, 40.0, 25.0, 22.0, 54.0, 17.0, 19.0, 38.0, 37.0, 29.0, 33.0, 29.0, 17.0, 12.0, 14.0, 39.0, 28.0, 16.0, 14.0, 28.0, 14.0, 14.0, 35.0, 13.0, 17.0, 31.0, 11.0, 40.0, 34.0, 17.0, 42.0, 56.0, 37.0, 20.0, 12.0, 19.0, 12.0, 17.0, 35.0, 24.0, 17.0, 13.0, 57.0, 20.0, 13.0, 39.0, 14.0, 14.0, 15.0, 12.0, 26.0, 15.0, 21.0, 28.0, 13.0, 17.0, 42.0, 17.0, 34.0, 17.0, 48.0, 24.0, 27.0, 73.0, 24.0, 13.0, 16.0, 11.0, 12.0, 28.0, 17.0, 17.0, 32.0, 20.0, 23.0, 18.0, 14.0, 20.0, 26.0, 10.0, 23.0, 12.0, 32.0, 13.0, 14.0, 18.0, 13.0, 12.0, 25.0, 15.0, 23.0, 14.0, 13.0, 19.0, 53.0, 34.0, 36.0, 21.0, 20.0, 38.0, 14.0, 10.0, 57.0, 20.0, 38.0, 17.0, 12.0, 10.0, 27.0, 19.0, 18.0, 17.0, 42.0, 29.0, 22.0, 20.0, 17.0, 21.0, 52.0, 14.0, 40.0, 21.0, 12.0, 18.0, 25.0, 10.0, 40.0, 10.0, 54.0, 17.0, 13.0, 16.0, 20.0, 13.0, 12.0, 25.0, 28.0, 31.0, 13.0, 36.0], "episode_lengths": [16, 56, 17, 21, 33, 34, 38, 14, 13, 15, 19, 18, 44, 23, 14, 16, 30, 31, 20, 17, 23, 14, 47, 13, 14, 36, 18, 19, 40, 25, 22, 54, 17, 19, 38, 37, 29, 33, 29, 17, 12, 14, 39, 28, 16, 14, 28, 14, 14, 35, 13, 17, 31, 11, 40, 34, 17, 42, 56, 37, 20, 12, 19, 12, 17, 35, 24, 17, 13, 57, 20, 13, 39, 14, 14, 15, 12, 26, 15, 21, 28, 13, 17, 42, 17, 34, 17, 48, 24, 27, 73, 24, 13, 16, 11, 12, 28, 17, 17, 32, 20, 23, 18, 14, 20, 26, 10, 23, 12, 32, 13, 14, 18, 13, 12, 25, 15, 23, 14, 13, 19, 53, 34, 36, 21, 20, 38, 14, 10, 57, 20, 38, 17, 12, 10, 27, 19, 18, 17, 42, 29, 22, 20, 17, 21, 52, 14, 40, 21, 12, 18, 25, 10, 40, 10, 54, 17, 13, 16, 20, 13, 12, 25, 28, 31, 13, 36]}, "sampler_perf": {"mean_env_wait_ms": 0.07192887714045608, "mean_processing_ms": 0.17774936348996856, "mean_inference_ms": 0.7398463403901526}, "off_policy_estimator": {}, "num_healthy_workers": 1, "timesteps_total": 4000, "timers": {"sample_time_ms": 4907.826, "sample_throughput": 815.025, "load_time_ms": 49.232, "load_throughput": 81247.172, "learn_time_ms": 3793.608, "learn_throughput": 1054.405, "update_time_ms": 3.283}, "info": {"learner": {"default_policy": {"cur_kl_coeff": 0.20000000298023224, "cur_lr": 0.0010000000474974513, "total_loss": 96.59711456298828, "policy_loss": -0.04991695284843445, "vf_loss": 96.63988494873047, "vf_explained_var": 0.26470664143562317, "kl": 0.0357145331799984, "entropy": 0.6585100889205933, "entropy_coeff": 0.0, "model": {}}}, "num_steps_sampled": 4000, "num_steps_trained": 4000}, "done": true, "episodes_total": 167, "training_iteration": 1, "experiment_id": "16add029948d4722938475c9a470964f", "date": "2020-08-18_18-43-56", "timestamp": 1597776236, "time_this_iter_s": 8.888291358947754, "time_total_s": 8.888291358947754, "pid": 19047, "hostname": "terminator-1000", "node_ip": "10.168.0.7", "config": {"num_workers": 1, "num_envs_per_worker": 1, "rollout_fragment_length": 200, "sample_batch_size": -1, "batch_mode": "truncate_episodes", "num_gpus": 0, "train_batch_size": 4000, "model": {"conv_filters": null, "conv_activation": "relu", "fcnet_activation": "tanh", "fcnet_hiddens": [256, 256], "free_log_std": false, "no_final_linear": false, "vf_share_layers": true, "use_lstm": false, "max_seq_len": 20, "lstm_cell_size": 256, "lstm_use_prev_action_reward": false, "state_shape": null, "framestack": true, "dim": 84, "grayscale": false, "zero_mean": true, "custom_model": null, "custom_model_config": {}, "custom_action_dist": null, "custom_preprocessor": null, "custom_options": -1}, "optimizer": {}, "gamma": 0.99, "horizon": null, "soft_horizon": false, "no_done_at_end": false, "env_config": {}, "env": "CartPole-v0", "normalize_actions": false, "clip_rewards": null, "clip_actions": true, "preprocessor_pref": "deepmind", "lr": 0.001, "monitor": false, "log_level": "WARN", "callbacks": "<class 'ray.rllib.agents.callbacks.DefaultCallbacks'>", "ignore_worker_failures": false, "log_sys_usage": true, "fake_sampler": false, "framework": "tf", "eager_tracing": false, "no_eager_on_workers": false, "explore": true, "exploration_config": {"type": "StochasticSampling"}, "evaluation_interval": null, "evaluation_num_episodes": 10, "in_evaluation": false, "evaluation_config": {}, "evaluation_num_workers": 0, "custom_eval_function": null, "sample_async": false, "observation_filter": "NoFilter", "synchronize_filters": true, "tf_session_args": {"intra_op_parallelism_threads": 2, "inter_op_parallelism_threads": 2, "gpu_options": {"allow_growth": true}, "log_device_placement": false, "device_count": {"CPU": 1}, "allow_soft_placement": true}, "local_tf_session_args": {"intra_op_parallelism_threads": 8, "inter_op_parallelism_threads": 8}, "compress_observations": false, "collect_metrics_timeout": 180, "metrics_smoothing_episodes": 100, "remote_worker_envs": false, "remote_env_batch_wait_ms": 0, "min_iter_time_s": 0, "timesteps_per_iteration": 0, "seed": null, "extra_python_environs_for_driver": {}, "extra_python_environs_for_worker": {}, "num_cpus_per_worker": 1, "num_gpus_per_worker": 0, "custom_resources_per_worker": {}, "num_cpus_for_driver": 1, "memory": 0, "object_store_memory": 0, "memory_per_worker": 0, "object_store_memory_per_worker": 0, "input": "sampler", "input_evaluation": ["is", "wis"], "postprocess_inputs": false, "shuffle_buffer_size": 0, "output": null, "output_compress_columns": ["obs", "new_obs"], "output_max_file_size": 67108864, "multiagent": {"policies": {}, "policy_mapping_fn": null, "policies_to_train": null, "observation_fn": null}, "use_pytorch": -1, "use_critic": true, "use_gae": true, "lambda": 1.0, "kl_coeff": 0.2, "sgd_minibatch_size": 128, "shuffle_sequences": true, "num_sgd_iter": 30, "lr_schedule": null, "vf_share_layers": false, "vf_loss_coeff": 1.0, "entropy_coeff": 0.0, "entropy_coeff_schedule": null, "clip_param": 0.3, "vf_clip_param": 10.0, "grad_clip": null, "kl_target": 0.01, "simple_optimizer": false, "_fake_gpus": false}, "time_since_restore": 8.888291358947754, "timesteps_since_restore": 0, "iterations_since_restore": 1, "perf": {"cpu_util_percent": 36.323076923076925, "ram_util_percent": 3.530769230769231}, "trial_id": "bda13_00001", "experiment_tag": "1_lr=0.001"}
