{"episode_reward_max": 87.0, "episode_reward_min": 9.0, "episode_reward_mean": 22.211111111111112, "episode_len_mean": 22.211111111111112, "episodes_this_iter": 180, "policy_reward_min": {}, "policy_reward_max": {}, "policy_reward_mean": {}, "custom_metrics": {}, "hist_stats": {"episode_reward": [11.0, 23.0, 18.0, 18.0, 10.0, 17.0, 31.0, 24.0, 17.0, 19.0, 15.0, 18.0, 25.0, 13.0, 17.0, 53.0, 17.0, 10.0, 10.0, 56.0, 24.0, 23.0, 41.0, 29.0, 29.0, 16.0, 15.0, 36.0, 18.0, 16.0, 23.0, 16.0, 13.0, 22.0, 31.0, 14.0, 12.0, 18.0, 28.0, 19.0, 32.0, 16.0, 11.0, 39.0, 15.0, 43.0, 18.0, 13.0, 17.0, 42.0, 11.0, 37.0, 10.0, 29.0, 22.0, 56.0, 25.0, 26.0, 22.0, 16.0, 14.0, 16.0, 11.0, 49.0, 36.0, 28.0, 28.0, 23.0, 15.0, 13.0, 17.0, 10.0, 26.0, 24.0, 15.0, 19.0, 19.0, 13.0, 37.0, 21.0, 13.0, 26.0, 16.0, 32.0, 13.0, 39.0, 12.0, 35.0, 24.0, 9.0, 16.0, 13.0, 32.0, 29.0, 24.0, 23.0, 20.0, 11.0, 37.0, 20.0, 12.0, 25.0, 27.0, 15.0, 23.0, 23.0, 14.0, 12.0, 15.0, 33.0, 33.0, 22.0, 12.0, 23.0, 21.0, 22.0, 45.0, 11.0, 28.0, 21.0, 41.0, 39.0, 18.0, 25.0, 19.0, 12.0, 24.0, 21.0, 11.0, 19.0, 15.0, 12.0, 30.0, 20.0, 19.0, 16.0, 25.0, 24.0, 23.0, 13.0, 9.0, 34.0, 21.0, 14.0, 11.0, 22.0, 19.0, 35.0, 33.0, 12.0, 87.0, 12.0, 15.0, 56.0, 13.0, 18.0, 33.0, 12.0, 22.0, 20.0, 27.0, 20.0, 12.0, 16.0, 30.0, 17.0, 20.0, 25.0, 22.0, 20.0, 31.0, 17.0, 20.0, 14.0, 14.0, 11.0, 20.0, 10.0, 33.0, 15.0], "episode_lengths": [11, 23, 18, 18, 10, 17, 31, 24, 17, 19, 15, 18, 25, 13, 17, 53, 17, 10, 10, 56, 24, 23, 41, 29, 29, 16, 15, 36, 18, 16, 23, 16, 13, 22, 31, 14, 12, 18, 28, 19, 32, 16, 11, 39, 15, 43, 18, 13, 17, 42, 11, 37, 10, 29, 22, 56, 25, 26, 22, 16, 14, 16, 11, 49, 36, 28, 28, 23, 15, 13, 17, 10, 26, 24, 15, 19, 19, 13, 37, 21, 13, 26, 16, 32, 13, 39, 12, 35, 24, 9, 16, 13, 32, 29, 24, 23, 20, 11, 37, 20, 12, 25, 27, 15, 23, 23, 14, 12, 15, 33, 33, 22, 12, 23, 21, 22, 45, 11, 28, 21, 41, 39, 18, 25, 19, 12, 24, 21, 11, 19, 15, 12, 30, 20, 19, 16, 25, 24, 23, 13, 9, 34, 21, 14, 11, 22, 19, 35, 33, 12, 87, 12, 15, 56, 13, 18, 33, 12, 22, 20, 27, 20, 12, 16, 30, 17, 20, 25, 22, 20, 31, 17, 20, 14, 14, 11, 20, 10, 33, 15]}, "sampler_perf": {"mean_env_wait_ms": 0.07062952269973888, "mean_processing_ms": 0.1789952063375757, "mean_inference_ms": 0.7419826328322398}, "off_policy_estimator": {}, "num_healthy_workers": 1, "timesteps_total": 4000, "timers": {"sample_time_ms": 5014.416, "sample_throughput": 797.7, "load_time_ms": 58.668, "load_throughput": 68179.833, "learn_time_ms": 3985.175, "learn_throughput": 1003.72, "update_time_ms": 4.368}, "info": {"learner": {"default_policy": {"cur_kl_coeff": 0.20000000298023224, "cur_lr": 0.009999999776482582, "total_loss": 71.70272064208984, "policy_loss": -0.04520305618643761, "vf_loss": 71.74038696289062, "vf_explained_var": 0.30164989829063416, "kl": 0.037719644606113434, "entropy": 0.6562486886978149, "entropy_coeff": 0.0, "model": {}}}, "num_steps_sampled": 4000, "num_steps_trained": 4000}, "done": true, "episodes_total": 180, "training_iteration": 1, "experiment_id": "705d0c587d3c4c1795e1317d3dfe1a3a", "date": "2020-08-18_17-05-46", "timestamp": 1597770346, "time_this_iter_s": 9.204888820648193, "time_total_s": 9.204888820648193, "pid": 8591, "hostname": "terminator-1000", "node_ip": "10.168.0.7", "config": {"num_workers": 1, "num_envs_per_worker": 1, "rollout_fragment_length": 200, "sample_batch_size": -1, "batch_mode": "truncate_episodes", "num_gpus": 0, "train_batch_size": 4000, "model": {"conv_filters": null, "conv_activation": "relu", "fcnet_activation": "tanh", "fcnet_hiddens": [256, 256], "free_log_std": false, "no_final_linear": false, "vf_share_layers": true, "use_lstm": false, "max_seq_len": 20, "lstm_cell_size": 256, "lstm_use_prev_action_reward": false, "state_shape": null, "framestack": true, "dim": 84, "grayscale": false, "zero_mean": true, "custom_model": null, "custom_model_config": {}, "custom_action_dist": null, "custom_preprocessor": null, "custom_options": -1}, "optimizer": {}, "gamma": 0.99, "horizon": null, "soft_horizon": false, "no_done_at_end": false, "env_config": {}, "env": "CartPole-v0", "normalize_actions": false, "clip_rewards": null, "clip_actions": true, "preprocessor_pref": "deepmind", "lr": 0.01, "monitor": false, "log_level": "WARN", "callbacks": "<class 'ray.rllib.agents.callbacks.DefaultCallbacks'>", "ignore_worker_failures": false, "log_sys_usage": true, "fake_sampler": false, "framework": "tf", "eager_tracing": false, "no_eager_on_workers": false, "explore": true, "exploration_config": {"type": "StochasticSampling"}, "evaluation_interval": null, "evaluation_num_episodes": 10, "in_evaluation": false, "evaluation_config": {}, "evaluation_num_workers": 0, "custom_eval_function": null, "sample_async": false, "observation_filter": "NoFilter", "synchronize_filters": true, "tf_session_args": {"intra_op_parallelism_threads": 2, "inter_op_parallelism_threads": 2, "gpu_options": {"allow_growth": true}, "log_device_placement": false, "device_count": {"CPU": 1}, "allow_soft_placement": true}, "local_tf_session_args": {"intra_op_parallelism_threads": 8, "inter_op_parallelism_threads": 8}, "compress_observations": false, "collect_metrics_timeout": 180, "metrics_smoothing_episodes": 100, "remote_worker_envs": false, "remote_env_batch_wait_ms": 0, "min_iter_time_s": 0, "timesteps_per_iteration": 0, "seed": null, "extra_python_environs_for_driver": {}, "extra_python_environs_for_worker": {}, "num_cpus_per_worker": 1, "num_gpus_per_worker": 0, "custom_resources_per_worker": {}, "num_cpus_for_driver": 1, "memory": 0, "object_store_memory": 0, "memory_per_worker": 0, "object_store_memory_per_worker": 0, "input": "sampler", "input_evaluation": ["is", "wis"], "postprocess_inputs": false, "shuffle_buffer_size": 0, "output": null, "output_compress_columns": ["obs", "new_obs"], "output_max_file_size": 67108864, "multiagent": {"policies": {}, "policy_mapping_fn": null, "policies_to_train": null, "observation_fn": null}, "use_pytorch": -1, "use_critic": true, "use_gae": true, "lambda": 1.0, "kl_coeff": 0.2, "sgd_minibatch_size": 128, "shuffle_sequences": true, "num_sgd_iter": 30, "lr_schedule": null, "vf_share_layers": false, "vf_loss_coeff": 1.0, "entropy_coeff": 0.0, "entropy_coeff_schedule": null, "clip_param": 0.3, "vf_clip_param": 10.0, "grad_clip": null, "kl_target": 0.01, "simple_optimizer": false, "_fake_gpus": false}, "time_since_restore": 9.204888820648193, "timesteps_since_restore": 0, "iterations_since_restore": 1, "perf": {"cpu_util_percent": 37.33571428571429, "ram_util_percent": 3.5}, "trial_id": "066fb_00000", "experiment_tag": "0_lr=0.01"}
