{"episode_reward_max": 70.0, "episode_reward_min": 9.0, "episode_reward_mean": 23.75, "episode_len_mean": 23.75, "episodes_this_iter": 168, "policy_reward_min": {}, "policy_reward_max": {}, "policy_reward_mean": {}, "custom_metrics": {}, "hist_stats": {"episode_reward": [20.0, 17.0, 16.0, 36.0, 23.0, 15.0, 11.0, 14.0, 33.0, 21.0, 9.0, 13.0, 38.0, 19.0, 11.0, 16.0, 17.0, 25.0, 15.0, 15.0, 48.0, 14.0, 22.0, 21.0, 11.0, 33.0, 28.0, 17.0, 21.0, 13.0, 18.0, 17.0, 19.0, 39.0, 16.0, 18.0, 14.0, 17.0, 17.0, 19.0, 39.0, 15.0, 43.0, 20.0, 53.0, 70.0, 21.0, 12.0, 34.0, 16.0, 30.0, 13.0, 11.0, 43.0, 13.0, 14.0, 10.0, 41.0, 10.0, 35.0, 31.0, 23.0, 47.0, 18.0, 19.0, 26.0, 62.0, 26.0, 56.0, 29.0, 60.0, 15.0, 19.0, 21.0, 41.0, 15.0, 14.0, 16.0, 14.0, 17.0, 31.0, 19.0, 36.0, 17.0, 33.0, 10.0, 29.0, 12.0, 55.0, 26.0, 25.0, 21.0, 20.0, 12.0, 24.0, 20.0, 12.0, 26.0, 23.0, 10.0, 13.0, 13.0, 27.0, 16.0, 13.0, 16.0, 50.0, 22.0, 10.0, 14.0, 15.0, 10.0, 25.0, 18.0, 42.0, 40.0, 26.0, 17.0, 19.0, 14.0, 29.0, 43.0, 25.0, 54.0, 30.0, 20.0, 15.0, 14.0, 23.0, 48.0, 22.0, 21.0, 26.0, 15.0, 27.0, 45.0, 14.0, 14.0, 22.0, 15.0, 20.0, 35.0, 25.0, 13.0, 15.0, 26.0, 19.0, 45.0, 27.0, 26.0, 14.0, 43.0, 17.0, 17.0, 12.0, 11.0, 10.0, 20.0, 30.0, 20.0, 22.0, 59.0, 19.0, 10.0, 18.0, 28.0, 53.0, 15.0], "episode_lengths": [20, 17, 16, 36, 23, 15, 11, 14, 33, 21, 9, 13, 38, 19, 11, 16, 17, 25, 15, 15, 48, 14, 22, 21, 11, 33, 28, 17, 21, 13, 18, 17, 19, 39, 16, 18, 14, 17, 17, 19, 39, 15, 43, 20, 53, 70, 21, 12, 34, 16, 30, 13, 11, 43, 13, 14, 10, 41, 10, 35, 31, 23, 47, 18, 19, 26, 62, 26, 56, 29, 60, 15, 19, 21, 41, 15, 14, 16, 14, 17, 31, 19, 36, 17, 33, 10, 29, 12, 55, 26, 25, 21, 20, 12, 24, 20, 12, 26, 23, 10, 13, 13, 27, 16, 13, 16, 50, 22, 10, 14, 15, 10, 25, 18, 42, 40, 26, 17, 19, 14, 29, 43, 25, 54, 30, 20, 15, 14, 23, 48, 22, 21, 26, 15, 27, 45, 14, 14, 22, 15, 20, 35, 25, 13, 15, 26, 19, 45, 27, 26, 14, 43, 17, 17, 12, 11, 10, 20, 30, 20, 22, 59, 19, 10, 18, 28, 53, 15]}, "sampler_perf": {"mean_env_wait_ms": 0.0706697457791924, "mean_processing_ms": 0.17768012020356116, "mean_inference_ms": 0.7460042257006245}, "off_policy_estimator": {}, "num_healthy_workers": 1, "timesteps_total": 4000, "timers": {"sample_time_ms": 4937.237, "sample_throughput": 810.17, "load_time_ms": 49.762, "load_throughput": 80382.219, "learn_time_ms": 3836.594, "learn_throughput": 1042.592, "update_time_ms": 3.205}, "info": {"learner": {"default_policy": {"cur_kl_coeff": 0.20000000298023224, "cur_lr": 0.0010000000474974513, "total_loss": 90.60940551757812, "policy_loss": -0.052044887095689774, "vf_loss": 90.65373992919922, "vf_explained_var": 0.2464473843574524, "kl": 0.03850606083869934, "entropy": 0.6554921269416809, "entropy_coeff": 0.0, "model": {}}}, "num_steps_sampled": 4000, "num_steps_trained": 4000}, "done": true, "episodes_total": 168, "training_iteration": 1, "experiment_id": "efed790cb98d46efb2adcafb5b9922f5", "date": "2020-08-18_18-36-34", "timestamp": 1597775794, "time_this_iter_s": 9.012742280960083, "time_total_s": 9.012742280960083, "pid": 18421, "hostname": "terminator-1000", "node_ip": "10.168.0.7", "config": {"num_workers": 1, "num_envs_per_worker": 1, "rollout_fragment_length": 200, "sample_batch_size": -1, "batch_mode": "truncate_episodes", "num_gpus": 0, "train_batch_size": 4000, "model": {"conv_filters": null, "conv_activation": "relu", "fcnet_activation": "tanh", "fcnet_hiddens": [256, 256], "free_log_std": false, "no_final_linear": false, "vf_share_layers": true, "use_lstm": false, "max_seq_len": 20, "lstm_cell_size": 256, "lstm_use_prev_action_reward": false, "state_shape": null, "framestack": true, "dim": 84, "grayscale": false, "zero_mean": true, "custom_model": null, "custom_model_config": {}, "custom_action_dist": null, "custom_preprocessor": null, "custom_options": -1}, "optimizer": {}, "gamma": 0.99, "horizon": null, "soft_horizon": false, "no_done_at_end": false, "env_config": {}, "env": "CartPole-v0", "normalize_actions": false, "clip_rewards": null, "clip_actions": true, "preprocessor_pref": "deepmind", "lr": 0.001, "monitor": false, "log_level": "WARN", "callbacks": "<class 'ray.rllib.agents.callbacks.DefaultCallbacks'>", "ignore_worker_failures": false, "log_sys_usage": true, "fake_sampler": false, "framework": "tf", "eager_tracing": false, "no_eager_on_workers": false, "explore": true, "exploration_config": {"type": "StochasticSampling"}, "evaluation_interval": null, "evaluation_num_episodes": 10, "in_evaluation": false, "evaluation_config": {}, "evaluation_num_workers": 0, "custom_eval_function": null, "sample_async": false, "observation_filter": "NoFilter", "synchronize_filters": true, "tf_session_args": {"intra_op_parallelism_threads": 2, "inter_op_parallelism_threads": 2, "gpu_options": {"allow_growth": true}, "log_device_placement": false, "device_count": {"CPU": 1}, "allow_soft_placement": true}, "local_tf_session_args": {"intra_op_parallelism_threads": 8, "inter_op_parallelism_threads": 8}, "compress_observations": false, "collect_metrics_timeout": 180, "metrics_smoothing_episodes": 100, "remote_worker_envs": false, "remote_env_batch_wait_ms": 0, "min_iter_time_s": 0, "timesteps_per_iteration": 0, "seed": null, "extra_python_environs_for_driver": {}, "extra_python_environs_for_worker": {}, "num_cpus_per_worker": 1, "num_gpus_per_worker": 0, "custom_resources_per_worker": {}, "num_cpus_for_driver": 1, "memory": 0, "object_store_memory": 0, "memory_per_worker": 0, "object_store_memory_per_worker": 0, "input": "sampler", "input_evaluation": ["is", "wis"], "postprocess_inputs": false, "shuffle_buffer_size": 0, "output": null, "output_compress_columns": ["obs", "new_obs"], "output_max_file_size": 67108864, "multiagent": {"policies": {}, "policy_mapping_fn": null, "policies_to_train": null, "observation_fn": null}, "use_pytorch": -1, "use_critic": true, "use_gae": true, "lambda": 1.0, "kl_coeff": 0.2, "sgd_minibatch_size": 128, "shuffle_sequences": true, "num_sgd_iter": 30, "lr_schedule": null, "vf_share_layers": false, "vf_loss_coeff": 1.0, "entropy_coeff": 0.0, "entropy_coeff_schedule": null, "clip_param": 0.3, "vf_clip_param": 10.0, "grad_clip": null, "kl_target": 0.01, "simple_optimizer": false, "_fake_gpus": false}, "time_since_restore": 9.012742280960083, "timesteps_since_restore": 0, "iterations_since_restore": 1, "perf": {"cpu_util_percent": 36.53076923076923, "ram_util_percent": 3.530769230769231}, "trial_id": "b5d91_00001", "experiment_tag": "1_lr=0.001"}
