{"episode_reward_max": 67.0, "episode_reward_min": 9.0, "episode_reward_mean": 22.698863636363637, "episode_len_mean": 22.698863636363637, "episodes_this_iter": 176, "policy_reward_min": {}, "policy_reward_max": {}, "policy_reward_mean": {}, "custom_metrics": {}, "hist_stats": {"episode_reward": [34.0, 21.0, 21.0, 29.0, 14.0, 12.0, 13.0, 44.0, 17.0, 22.0, 17.0, 45.0, 24.0, 22.0, 13.0, 21.0, 11.0, 13.0, 17.0, 16.0, 15.0, 35.0, 17.0, 21.0, 29.0, 15.0, 30.0, 12.0, 15.0, 13.0, 40.0, 12.0, 55.0, 44.0, 67.0, 28.0, 20.0, 14.0, 15.0, 21.0, 28.0, 10.0, 37.0, 45.0, 33.0, 25.0, 13.0, 12.0, 13.0, 13.0, 18.0, 30.0, 14.0, 35.0, 37.0, 23.0, 15.0, 21.0, 22.0, 29.0, 16.0, 22.0, 18.0, 12.0, 9.0, 19.0, 28.0, 30.0, 16.0, 19.0, 19.0, 19.0, 21.0, 13.0, 58.0, 27.0, 44.0, 13.0, 13.0, 28.0, 25.0, 16.0, 17.0, 22.0, 14.0, 16.0, 58.0, 16.0, 15.0, 13.0, 22.0, 22.0, 9.0, 22.0, 24.0, 16.0, 18.0, 22.0, 16.0, 20.0, 13.0, 17.0, 11.0, 13.0, 14.0, 18.0, 19.0, 17.0, 13.0, 11.0, 34.0, 39.0, 13.0, 15.0, 24.0, 12.0, 35.0, 35.0, 12.0, 13.0, 24.0, 22.0, 11.0, 18.0, 24.0, 19.0, 34.0, 13.0, 17.0, 14.0, 11.0, 16.0, 20.0, 25.0, 47.0, 21.0, 11.0, 22.0, 18.0, 43.0, 14.0, 14.0, 33.0, 16.0, 28.0, 43.0, 17.0, 11.0, 13.0, 29.0, 10.0, 46.0, 21.0, 40.0, 40.0, 29.0, 31.0, 25.0, 52.0, 15.0, 29.0, 46.0, 24.0, 49.0, 31.0, 18.0, 40.0, 15.0, 13.0, 28.0, 19.0, 14.0, 15.0, 12.0, 27.0, 16.0], "episode_lengths": [34, 21, 21, 29, 14, 12, 13, 44, 17, 22, 17, 45, 24, 22, 13, 21, 11, 13, 17, 16, 15, 35, 17, 21, 29, 15, 30, 12, 15, 13, 40, 12, 55, 44, 67, 28, 20, 14, 15, 21, 28, 10, 37, 45, 33, 25, 13, 12, 13, 13, 18, 30, 14, 35, 37, 23, 15, 21, 22, 29, 16, 22, 18, 12, 9, 19, 28, 30, 16, 19, 19, 19, 21, 13, 58, 27, 44, 13, 13, 28, 25, 16, 17, 22, 14, 16, 58, 16, 15, 13, 22, 22, 9, 22, 24, 16, 18, 22, 16, 20, 13, 17, 11, 13, 14, 18, 19, 17, 13, 11, 34, 39, 13, 15, 24, 12, 35, 35, 12, 13, 24, 22, 11, 18, 24, 19, 34, 13, 17, 14, 11, 16, 20, 25, 47, 21, 11, 22, 18, 43, 14, 14, 33, 16, 28, 43, 17, 11, 13, 29, 10, 46, 21, 40, 40, 29, 31, 25, 52, 15, 29, 46, 24, 49, 31, 18, 40, 15, 13, 28, 19, 14, 15, 12, 27, 16]}, "sampler_perf": {"mean_env_wait_ms": 0.07213666658942564, "mean_processing_ms": 0.17844698066206102, "mean_inference_ms": 0.7496877659323572}, "off_policy_estimator": {}, "num_healthy_workers": 1, "timesteps_total": 4000, "timers": {"sample_time_ms": 4948.834, "sample_throughput": 808.271, "load_time_ms": 48.132, "load_throughput": 83104.071, "learn_time_ms": 3843.245, "learn_throughput": 1040.787, "update_time_ms": 3.633}, "info": {"learner": {"default_policy": {"cur_kl_coeff": 0.20000000298023224, "cur_lr": 0.0010000000474974513, "total_loss": 69.40152740478516, "policy_loss": -0.04302427917718887, "vf_loss": 69.4378433227539, "vf_explained_var": 0.31146109104156494, "kl": 0.03355390205979347, "entropy": 0.6605657935142517, "entropy_coeff": 0.0, "model": {}}}, "num_steps_sampled": 4000, "num_steps_trained": 4000}, "done": true, "episodes_total": 176, "training_iteration": 1, "experiment_id": "9f59a7847a1c4108b852ecf093f0ecb4", "date": "2020-08-18_17-11-02", "timestamp": 1597770662, "time_this_iter_s": 9.010528564453125, "time_total_s": 9.010528564453125, "pid": 9942, "hostname": "terminator-1000", "node_ip": "10.168.0.7", "config": {"num_workers": 1, "num_envs_per_worker": 1, "rollout_fragment_length": 200, "sample_batch_size": -1, "batch_mode": "truncate_episodes", "num_gpus": 0, "train_batch_size": 4000, "model": {"conv_filters": null, "conv_activation": "relu", "fcnet_activation": "tanh", "fcnet_hiddens": [256, 256], "free_log_std": false, "no_final_linear": false, "vf_share_layers": true, "use_lstm": false, "max_seq_len": 20, "lstm_cell_size": 256, "lstm_use_prev_action_reward": false, "state_shape": null, "framestack": true, "dim": 84, "grayscale": false, "zero_mean": true, "custom_model": null, "custom_model_config": {}, "custom_action_dist": null, "custom_preprocessor": null, "custom_options": -1}, "optimizer": {}, "gamma": 0.99, "horizon": null, "soft_horizon": false, "no_done_at_end": false, "env_config": {}, "env": "CartPole-v0", "normalize_actions": false, "clip_rewards": null, "clip_actions": true, "preprocessor_pref": "deepmind", "lr": 0.001, "monitor": false, "log_level": "WARN", "callbacks": "<class 'ray.rllib.agents.callbacks.DefaultCallbacks'>", "ignore_worker_failures": false, "log_sys_usage": true, "fake_sampler": false, "framework": "tf", "eager_tracing": false, "no_eager_on_workers": false, "explore": true, "exploration_config": {"type": "StochasticSampling"}, "evaluation_interval": null, "evaluation_num_episodes": 10, "in_evaluation": false, "evaluation_config": {}, "evaluation_num_workers": 0, "custom_eval_function": null, "sample_async": false, "observation_filter": "NoFilter", "synchronize_filters": true, "tf_session_args": {"intra_op_parallelism_threads": 2, "inter_op_parallelism_threads": 2, "gpu_options": {"allow_growth": true}, "log_device_placement": false, "device_count": {"CPU": 1}, "allow_soft_placement": true}, "local_tf_session_args": {"intra_op_parallelism_threads": 8, "inter_op_parallelism_threads": 8}, "compress_observations": false, "collect_metrics_timeout": 180, "metrics_smoothing_episodes": 100, "remote_worker_envs": false, "remote_env_batch_wait_ms": 0, "min_iter_time_s": 0, "timesteps_per_iteration": 0, "seed": null, "extra_python_environs_for_driver": {}, "extra_python_environs_for_worker": {}, "num_cpus_per_worker": 1, "num_gpus_per_worker": 0, "custom_resources_per_worker": {}, "num_cpus_for_driver": 1, "memory": 0, "object_store_memory": 0, "memory_per_worker": 0, "object_store_memory_per_worker": 0, "input": "sampler", "input_evaluation": ["is", "wis"], "postprocess_inputs": false, "shuffle_buffer_size": 0, "output": null, "output_compress_columns": ["obs", "new_obs"], "output_max_file_size": 67108864, "multiagent": {"policies": {}, "policy_mapping_fn": null, "policies_to_train": null, "observation_fn": null}, "use_pytorch": -1, "use_critic": true, "use_gae": true, "lambda": 1.0, "kl_coeff": 0.2, "sgd_minibatch_size": 128, "shuffle_sequences": true, "num_sgd_iter": 30, "lr_schedule": null, "vf_share_layers": false, "vf_loss_coeff": 1.0, "entropy_coeff": 0.0, "entropy_coeff_schedule": null, "clip_param": 0.3, "vf_clip_param": 10.0, "grad_clip": null, "kl_target": 0.01, "simple_optimizer": false, "_fake_gpus": false}, "time_since_restore": 9.010528564453125, "timesteps_since_restore": 0, "iterations_since_restore": 1, "perf": {"cpu_util_percent": 36.238461538461536, "ram_util_percent": 3.4923076923076923}, "trial_id": "c2f79_00001", "experiment_tag": "1_lr=0.001"}
