{"episode_reward_max": 80.0, "episode_reward_min": 8.0, "episode_reward_mean": 20.43076923076923, "episode_len_mean": 20.43076923076923, "episodes_this_iter": 195, "policy_reward_min": {}, "policy_reward_max": {}, "policy_reward_mean": {}, "custom_metrics": {}, "hist_stats": {"episode_reward": [30.0, 16.0, 14.0, 13.0, 19.0, 20.0, 17.0, 15.0, 16.0, 14.0, 15.0, 25.0, 9.0, 34.0, 8.0, 12.0, 40.0, 20.0, 16.0, 19.0, 10.0, 15.0, 19.0, 15.0, 13.0, 35.0, 12.0, 21.0, 18.0, 12.0, 12.0, 16.0, 80.0, 14.0, 14.0, 26.0, 11.0, 12.0, 14.0, 19.0, 47.0, 12.0, 20.0, 15.0, 13.0, 19.0, 16.0, 13.0, 51.0, 18.0, 13.0, 12.0, 13.0, 13.0, 17.0, 19.0, 11.0, 15.0, 16.0, 19.0, 20.0, 32.0, 12.0, 16.0, 17.0, 32.0, 17.0, 28.0, 14.0, 13.0, 19.0, 18.0, 18.0, 19.0, 17.0, 27.0, 12.0, 12.0, 13.0, 12.0, 21.0, 9.0, 32.0, 16.0, 40.0, 24.0, 16.0, 10.0, 21.0, 9.0, 22.0, 19.0, 18.0, 13.0, 26.0, 22.0, 34.0, 27.0, 50.0, 20.0, 18.0, 50.0, 38.0, 15.0, 16.0, 35.0, 41.0, 18.0, 14.0, 49.0, 13.0, 15.0, 15.0, 15.0, 33.0, 17.0, 52.0, 17.0, 23.0, 11.0, 19.0, 18.0, 36.0, 9.0, 19.0, 24.0, 12.0, 26.0, 16.0, 22.0, 16.0, 37.0, 14.0, 15.0, 25.0, 16.0, 16.0, 28.0, 18.0, 18.0, 34.0, 18.0, 16.0, 21.0, 14.0, 12.0, 40.0, 11.0, 20.0, 9.0, 10.0, 26.0, 31.0, 26.0, 17.0, 9.0, 23.0, 25.0, 16.0, 10.0, 13.0, 62.0, 14.0, 14.0, 21.0, 13.0, 24.0, 10.0, 13.0, 21.0, 11.0, 36.0, 36.0, 13.0, 20.0, 17.0, 10.0, 23.0, 29.0, 33.0, 25.0, 21.0, 33.0, 24.0, 10.0, 14.0, 11.0, 26.0, 18.0, 24.0, 13.0, 31.0, 24.0, 15.0, 16.0], "episode_lengths": [30, 16, 14, 13, 19, 20, 17, 15, 16, 14, 15, 25, 9, 34, 8, 12, 40, 20, 16, 19, 10, 15, 19, 15, 13, 35, 12, 21, 18, 12, 12, 16, 80, 14, 14, 26, 11, 12, 14, 19, 47, 12, 20, 15, 13, 19, 16, 13, 51, 18, 13, 12, 13, 13, 17, 19, 11, 15, 16, 19, 20, 32, 12, 16, 17, 32, 17, 28, 14, 13, 19, 18, 18, 19, 17, 27, 12, 12, 13, 12, 21, 9, 32, 16, 40, 24, 16, 10, 21, 9, 22, 19, 18, 13, 26, 22, 34, 27, 50, 20, 18, 50, 38, 15, 16, 35, 41, 18, 14, 49, 13, 15, 15, 15, 33, 17, 52, 17, 23, 11, 19, 18, 36, 9, 19, 24, 12, 26, 16, 22, 16, 37, 14, 15, 25, 16, 16, 28, 18, 18, 34, 18, 16, 21, 14, 12, 40, 11, 20, 9, 10, 26, 31, 26, 17, 9, 23, 25, 16, 10, 13, 62, 14, 14, 21, 13, 24, 10, 13, 21, 11, 36, 36, 13, 20, 17, 10, 23, 29, 33, 25, 21, 33, 24, 10, 14, 11, 26, 18, 24, 13, 31, 24, 15, 16]}, "sampler_perf": {"mean_env_wait_ms": 0.07235720824432566, "mean_processing_ms": 0.18465307407812964, "mean_inference_ms": 0.752884577107829}, "off_policy_estimator": {}, "num_healthy_workers": 1, "timesteps_total": 4000, "timers": {"sample_time_ms": 5024.022, "sample_throughput": 796.175, "load_time_ms": 48.077, "load_throughput": 83200.508, "learn_time_ms": 3905.915, "learn_throughput": 1024.088, "update_time_ms": 2.024}, "info": {"learner": {"default_policy": {"cur_kl_coeff": 0.20000000298023224, "cur_lr": 9.999999747378752e-05, "total_loss": 57.956050872802734, "policy_loss": -0.04679582640528679, "vf_loss": 57.995887756347656, "vf_explained_var": 0.28034061193466187, "kl": 0.03471650928258896, "entropy": 0.6590790152549744, "entropy_coeff": 0.0, "model": {}}}, "num_steps_sampled": 4000, "num_steps_trained": 4000}, "done": true, "episodes_total": 195, "training_iteration": 1, "experiment_id": "cd1ae639d71f47d1a8047fb7539e2b6b", "date": "2020-08-18_18-36-34", "timestamp": 1597775794, "time_this_iter_s": 9.1073899269104, "time_total_s": 9.1073899269104, "pid": 18429, "hostname": "terminator-1000", "node_ip": "10.168.0.7", "config": {"num_workers": 1, "num_envs_per_worker": 1, "rollout_fragment_length": 200, "sample_batch_size": -1, "batch_mode": "truncate_episodes", "num_gpus": 0, "train_batch_size": 4000, "model": {"conv_filters": null, "conv_activation": "relu", "fcnet_activation": "tanh", "fcnet_hiddens": [256, 256], "free_log_std": false, "no_final_linear": false, "vf_share_layers": true, "use_lstm": false, "max_seq_len": 20, "lstm_cell_size": 256, "lstm_use_prev_action_reward": false, "state_shape": null, "framestack": true, "dim": 84, "grayscale": false, "zero_mean": true, "custom_model": null, "custom_model_config": {}, "custom_action_dist": null, "custom_preprocessor": null, "custom_options": -1}, "optimizer": {}, "gamma": 0.99, "horizon": null, "soft_horizon": false, "no_done_at_end": false, "env_config": {}, "env": "CartPole-v0", "normalize_actions": false, "clip_rewards": null, "clip_actions": true, "preprocessor_pref": "deepmind", "lr": 0.0001, "monitor": false, "log_level": "WARN", "callbacks": "<class 'ray.rllib.agents.callbacks.DefaultCallbacks'>", "ignore_worker_failures": false, "log_sys_usage": true, "fake_sampler": false, "framework": "tf", "eager_tracing": false, "no_eager_on_workers": false, "explore": true, "exploration_config": {"type": "StochasticSampling"}, "evaluation_interval": null, "evaluation_num_episodes": 10, "in_evaluation": false, "evaluation_config": {}, "evaluation_num_workers": 0, "custom_eval_function": null, "sample_async": false, "observation_filter": "NoFilter", "synchronize_filters": true, "tf_session_args": {"intra_op_parallelism_threads": 2, "inter_op_parallelism_threads": 2, "gpu_options": {"allow_growth": true}, "log_device_placement": false, "device_count": {"CPU": 1}, "allow_soft_placement": true}, "local_tf_session_args": {"intra_op_parallelism_threads": 8, "inter_op_parallelism_threads": 8}, "compress_observations": false, "collect_metrics_timeout": 180, "metrics_smoothing_episodes": 100, "remote_worker_envs": false, "remote_env_batch_wait_ms": 0, "min_iter_time_s": 0, "timesteps_per_iteration": 0, "seed": null, "extra_python_environs_for_driver": {}, "extra_python_environs_for_worker": {}, "num_cpus_per_worker": 1, "num_gpus_per_worker": 0, "custom_resources_per_worker": {}, "num_cpus_for_driver": 1, "memory": 0, "object_store_memory": 0, "memory_per_worker": 0, "object_store_memory_per_worker": 0, "input": "sampler", "input_evaluation": ["is", "wis"], "postprocess_inputs": false, "shuffle_buffer_size": 0, "output": null, "output_compress_columns": ["obs", "new_obs"], "output_max_file_size": 67108864, "multiagent": {"policies": {}, "policy_mapping_fn": null, "policies_to_train": null, "observation_fn": null}, "use_pytorch": -1, "use_critic": true, "use_gae": true, "lambda": 1.0, "kl_coeff": 0.2, "sgd_minibatch_size": 128, "shuffle_sequences": true, "num_sgd_iter": 30, "lr_schedule": null, "vf_share_layers": false, "vf_loss_coeff": 1.0, "entropy_coeff": 0.0, "entropy_coeff_schedule": null, "clip_param": 0.3, "vf_clip_param": 10.0, "grad_clip": null, "kl_target": 0.01, "simple_optimizer": false, "_fake_gpus": false}, "time_since_restore": 9.1073899269104, "timesteps_since_restore": 0, "iterations_since_restore": 1, "perf": {"cpu_util_percent": 36.715384615384615, "ram_util_percent": 3.530769230769231}, "trial_id": "b5d91_00002", "experiment_tag": "2_lr=0.0001"}
