{"episode_reward_max": 62.0, "episode_reward_min": 9.0, "episode_reward_mean": 21.85792349726776, "episode_len_mean": 21.85792349726776, "episodes_this_iter": 183, "policy_reward_min": {}, "policy_reward_max": {}, "policy_reward_mean": {}, "custom_metrics": {}, "hist_stats": {"episode_reward": [9.0, 17.0, 10.0, 15.0, 31.0, 9.0, 26.0, 45.0, 14.0, 16.0, 15.0, 25.0, 13.0, 20.0, 16.0, 19.0, 15.0, 36.0, 37.0, 24.0, 14.0, 39.0, 38.0, 26.0, 19.0, 22.0, 14.0, 41.0, 19.0, 10.0, 22.0, 14.0, 12.0, 11.0, 22.0, 33.0, 22.0, 14.0, 21.0, 23.0, 17.0, 18.0, 21.0, 29.0, 15.0, 12.0, 23.0, 45.0, 20.0, 16.0, 13.0, 14.0, 10.0, 62.0, 33.0, 58.0, 17.0, 17.0, 16.0, 16.0, 39.0, 13.0, 22.0, 15.0, 9.0, 20.0, 10.0, 29.0, 11.0, 21.0, 36.0, 43.0, 12.0, 11.0, 15.0, 43.0, 21.0, 10.0, 31.0, 45.0, 26.0, 13.0, 28.0, 13.0, 13.0, 22.0, 19.0, 20.0, 12.0, 21.0, 21.0, 11.0, 25.0, 17.0, 15.0, 30.0, 27.0, 9.0, 49.0, 12.0, 43.0, 25.0, 12.0, 17.0, 20.0, 44.0, 40.0, 14.0, 11.0, 14.0, 19.0, 11.0, 22.0, 22.0, 22.0, 29.0, 20.0, 27.0, 13.0, 10.0, 13.0, 16.0, 14.0, 50.0, 33.0, 19.0, 21.0, 16.0, 11.0, 14.0, 24.0, 29.0, 32.0, 20.0, 22.0, 24.0, 22.0, 11.0, 21.0, 17.0, 13.0, 14.0, 19.0, 56.0, 49.0, 36.0, 23.0, 13.0, 28.0, 10.0, 19.0, 25.0, 15.0, 22.0, 17.0, 27.0, 18.0, 12.0, 20.0, 15.0, 10.0, 20.0, 31.0, 15.0, 15.0, 13.0, 25.0, 15.0, 32.0, 11.0, 28.0, 37.0, 10.0, 19.0, 20.0, 9.0, 18.0, 52.0, 18.0, 45.0, 15.0, 18.0, 30.0], "episode_lengths": [9, 17, 10, 15, 31, 9, 26, 45, 14, 16, 15, 25, 13, 20, 16, 19, 15, 36, 37, 24, 14, 39, 38, 26, 19, 22, 14, 41, 19, 10, 22, 14, 12, 11, 22, 33, 22, 14, 21, 23, 17, 18, 21, 29, 15, 12, 23, 45, 20, 16, 13, 14, 10, 62, 33, 58, 17, 17, 16, 16, 39, 13, 22, 15, 9, 20, 10, 29, 11, 21, 36, 43, 12, 11, 15, 43, 21, 10, 31, 45, 26, 13, 28, 13, 13, 22, 19, 20, 12, 21, 21, 11, 25, 17, 15, 30, 27, 9, 49, 12, 43, 25, 12, 17, 20, 44, 40, 14, 11, 14, 19, 11, 22, 22, 22, 29, 20, 27, 13, 10, 13, 16, 14, 50, 33, 19, 21, 16, 11, 14, 24, 29, 32, 20, 22, 24, 22, 11, 21, 17, 13, 14, 19, 56, 49, 36, 23, 13, 28, 10, 19, 25, 15, 22, 17, 27, 18, 12, 20, 15, 10, 20, 31, 15, 15, 13, 25, 15, 32, 11, 28, 37, 10, 19, 20, 9, 18, 52, 18, 45, 15, 18, 30]}, "sampler_perf": {"mean_env_wait_ms": 0.05705920912807688, "mean_processing_ms": 0.1390698372617539, "mean_inference_ms": 0.6226825880962621}, "off_policy_estimator": {}, "num_healthy_workers": 1, "timesteps_total": 4000, "timers": {"sample_time_ms": 4473.978, "sample_throughput": 894.059, "load_time_ms": 36.97, "load_throughput": 108196.824, "learn_time_ms": 3878.36, "learn_throughput": 1031.364, "update_time_ms": 2.304}, "info": {"learner": {"default_policy": {"cur_kl_coeff": 0.20000000298023224, "cur_lr": 9.999999747378752e-05, "total_loss": 74.60287475585938, "policy_loss": -0.04768681898713112, "vf_loss": 74.64388275146484, "vf_explained_var": 0.23654405772686005, "kl": 0.033443011343479156, "entropy": 0.6607412695884705, "entropy_coeff": 0.0, "model": {}}}, "num_steps_sampled": 4000, "num_steps_trained": 4000}, "done": true, "episodes_total": 183, "training_iteration": 1, "experiment_id": "e4f3c0b79e4545c1b5f590c463ed28c4", "date": "2020-08-16_03-50-03", "timestamp": 1597549803, "time_this_iter_s": 8.49369192123413, "time_total_s": 8.49369192123413, "pid": 20692, "hostname": "ntozcc-dv-mlalo-vm", "node_ip": "10.0.0.4", "config": {"num_workers": 1, "num_envs_per_worker": 1, "rollout_fragment_length": 200, "sample_batch_size": -1, "batch_mode": "truncate_episodes", "num_gpus": 0, "train_batch_size": 4000, "model": {"conv_filters": null, "conv_activation": "relu", "fcnet_activation": "tanh", "fcnet_hiddens": [256, 256], "free_log_std": false, "no_final_linear": false, "vf_share_layers": true, "use_lstm": false, "max_seq_len": 20, "lstm_cell_size": 256, "lstm_use_prev_action_reward": false, "state_shape": null, "framestack": true, "dim": 84, "grayscale": false, "zero_mean": true, "custom_model": null, "custom_model_config": {}, "custom_action_dist": null, "custom_preprocessor": null, "custom_options": -1}, "optimizer": {}, "gamma": 0.99, "horizon": null, "soft_horizon": false, "no_done_at_end": false, "env_config": {}, "env": "CartPole-v0", "normalize_actions": false, "clip_rewards": null, "clip_actions": true, "preprocessor_pref": "deepmind", "lr": 0.0001, "monitor": false, "log_level": "WARN", "callbacks": "<class 'ray.rllib.agents.callbacks.DefaultCallbacks'>", "ignore_worker_failures": false, "log_sys_usage": true, "fake_sampler": false, "framework": "tf", "eager_tracing": false, "no_eager_on_workers": false, "explore": true, "exploration_config": {"type": "StochasticSampling"}, "evaluation_interval": null, "evaluation_num_episodes": 10, "in_evaluation": false, "evaluation_config": {}, "evaluation_num_workers": 0, "custom_eval_function": null, "sample_async": false, "observation_filter": "NoFilter", "synchronize_filters": true, "tf_session_args": {"intra_op_parallelism_threads": 2, "inter_op_parallelism_threads": 2, "gpu_options": {"allow_growth": true}, "log_device_placement": false, "device_count": {"CPU": 1}, "allow_soft_placement": true}, "local_tf_session_args": {"intra_op_parallelism_threads": 8, "inter_op_parallelism_threads": 8}, "compress_observations": false, "collect_metrics_timeout": 180, "metrics_smoothing_episodes": 100, "remote_worker_envs": false, "remote_env_batch_wait_ms": 0, "min_iter_time_s": 0, "timesteps_per_iteration": 0, "seed": null, "extra_python_environs_for_driver": {}, "extra_python_environs_for_worker": {}, "num_cpus_per_worker": 1, "num_gpus_per_worker": 0, "custom_resources_per_worker": {}, "num_cpus_for_driver": 1, "memory": 0, "object_store_memory": 0, "memory_per_worker": 0, "object_store_memory_per_worker": 0, "input": "sampler", "input_evaluation": ["is", "wis"], "postprocess_inputs": false, "shuffle_buffer_size": 0, "output": null, "output_compress_columns": ["obs", "new_obs"], "output_max_file_size": 67108864, "multiagent": {"policies": {}, "policy_mapping_fn": null, "policies_to_train": null, "observation_fn": null}, "use_pytorch": -1, "use_critic": true, "use_gae": true, "lambda": 1.0, "kl_coeff": 0.2, "sgd_minibatch_size": 128, "shuffle_sequences": true, "num_sgd_iter": 30, "lr_schedule": null, "vf_share_layers": false, "vf_loss_coeff": 1.0, "entropy_coeff": 0.0, "entropy_coeff_schedule": null, "clip_param": 0.3, "vf_clip_param": 10.0, "grad_clip": null, "kl_target": 0.01, "simple_optimizer": false, "_fake_gpus": false}, "time_since_restore": 8.49369192123413, "timesteps_since_restore": 0, "iterations_since_restore": 1, "perf": {"cpu_util_percent": 72.30000000000001, "ram_util_percent": 32.246153846153845}, "trial_id": "78083_00002", "experiment_tag": "2_lr=0.0001"}
