{"episode_reward_max": 105.0, "episode_reward_min": 8.0, "episode_reward_mean": 22.247191011235955, "episode_len_mean": 22.247191011235955, "episodes_this_iter": 178, "policy_reward_min": {}, "policy_reward_max": {}, "policy_reward_mean": {}, "custom_metrics": {}, "hist_stats": {"episode_reward": [27.0, 32.0, 10.0, 25.0, 63.0, 69.0, 17.0, 19.0, 40.0, 29.0, 44.0, 33.0, 23.0, 14.0, 18.0, 20.0, 14.0, 19.0, 21.0, 11.0, 23.0, 33.0, 13.0, 15.0, 12.0, 19.0, 50.0, 18.0, 11.0, 38.0, 27.0, 13.0, 22.0, 53.0, 26.0, 12.0, 20.0, 21.0, 12.0, 17.0, 12.0, 20.0, 28.0, 16.0, 19.0, 23.0, 21.0, 24.0, 23.0, 18.0, 38.0, 27.0, 12.0, 24.0, 14.0, 32.0, 31.0, 30.0, 19.0, 18.0, 23.0, 48.0, 11.0, 30.0, 25.0, 21.0, 16.0, 12.0, 27.0, 12.0, 11.0, 27.0, 21.0, 57.0, 18.0, 11.0, 21.0, 21.0, 21.0, 18.0, 16.0, 16.0, 20.0, 15.0, 21.0, 12.0, 38.0, 13.0, 13.0, 96.0, 11.0, 19.0, 23.0, 11.0, 15.0, 15.0, 24.0, 38.0, 13.0, 19.0, 11.0, 12.0, 15.0, 11.0, 10.0, 18.0, 20.0, 19.0, 22.0, 9.0, 62.0, 16.0, 13.0, 14.0, 33.0, 12.0, 70.0, 10.0, 12.0, 10.0, 26.0, 16.0, 20.0, 14.0, 13.0, 18.0, 14.0, 17.0, 11.0, 20.0, 14.0, 42.0, 11.0, 16.0, 14.0, 33.0, 20.0, 20.0, 17.0, 24.0, 105.0, 33.0, 17.0, 18.0, 14.0, 35.0, 8.0, 9.0, 20.0, 16.0, 16.0, 13.0, 18.0, 29.0, 10.0, 32.0, 31.0, 17.0, 17.0, 22.0, 13.0, 12.0, 21.0, 14.0, 16.0, 17.0, 24.0, 29.0, 15.0, 11.0, 14.0, 23.0, 40.0, 21.0, 29.0, 17.0, 21.0, 13.0], "episode_lengths": [27, 32, 10, 25, 63, 69, 17, 19, 40, 29, 44, 33, 23, 14, 18, 20, 14, 19, 21, 11, 23, 33, 13, 15, 12, 19, 50, 18, 11, 38, 27, 13, 22, 53, 26, 12, 20, 21, 12, 17, 12, 20, 28, 16, 19, 23, 21, 24, 23, 18, 38, 27, 12, 24, 14, 32, 31, 30, 19, 18, 23, 48, 11, 30, 25, 21, 16, 12, 27, 12, 11, 27, 21, 57, 18, 11, 21, 21, 21, 18, 16, 16, 20, 15, 21, 12, 38, 13, 13, 96, 11, 19, 23, 11, 15, 15, 24, 38, 13, 19, 11, 12, 15, 11, 10, 18, 20, 19, 22, 9, 62, 16, 13, 14, 33, 12, 70, 10, 12, 10, 26, 16, 20, 14, 13, 18, 14, 17, 11, 20, 14, 42, 11, 16, 14, 33, 20, 20, 17, 24, 105, 33, 17, 18, 14, 35, 8, 9, 20, 16, 16, 13, 18, 29, 10, 32, 31, 17, 17, 22, 13, 12, 21, 14, 16, 17, 24, 29, 15, 11, 14, 23, 40, 21, 29, 17, 21, 13]}, "sampler_perf": {"mean_env_wait_ms": 0.07076163316958847, "mean_processing_ms": 0.18160535645049916, "mean_inference_ms": 0.7502798496619131}, "off_policy_estimator": {}, "num_healthy_workers": 1, "timesteps_total": 4000, "timers": {"sample_time_ms": 5027.686, "sample_throughput": 795.595, "load_time_ms": 49.043, "load_throughput": 81561.179, "learn_time_ms": 3916.274, "learn_throughput": 1021.379, "update_time_ms": 1.981}, "info": {"learner": {"default_policy": {"cur_kl_coeff": 0.20000000298023224, "cur_lr": 0.009999999776482582, "total_loss": 107.15916442871094, "policy_loss": -0.04256122559309006, "vf_loss": 107.19425964355469, "vf_explained_var": 0.22888213396072388, "kl": 0.0373835563659668, "entropy": 0.6567104458808899, "entropy_coeff": 0.0, "model": {}}}, "num_steps_sampled": 4000, "num_steps_trained": 4000}, "done": true, "episodes_total": 178, "training_iteration": 1, "experiment_id": "49371126a4084d7681bdfed10a358014", "date": "2020-08-18_17-15-53", "timestamp": 1597770953, "time_this_iter_s": 9.126591682434082, "time_total_s": 9.126591682434082, "pid": 11557, "hostname": "terminator-1000", "node_ip": "10.168.0.7", "config": {"num_workers": 1, "num_envs_per_worker": 1, "rollout_fragment_length": 200, "sample_batch_size": -1, "batch_mode": "truncate_episodes", "num_gpus": 0, "train_batch_size": 4000, "model": {"conv_filters": null, "conv_activation": "relu", "fcnet_activation": "tanh", "fcnet_hiddens": [256, 256], "free_log_std": false, "no_final_linear": false, "vf_share_layers": true, "use_lstm": false, "max_seq_len": 20, "lstm_cell_size": 256, "lstm_use_prev_action_reward": false, "state_shape": null, "framestack": true, "dim": 84, "grayscale": false, "zero_mean": true, "custom_model": null, "custom_model_config": {}, "custom_action_dist": null, "custom_preprocessor": null, "custom_options": -1}, "optimizer": {}, "gamma": 0.99, "horizon": null, "soft_horizon": false, "no_done_at_end": false, "env_config": {}, "env": "CartPole-v0", "normalize_actions": false, "clip_rewards": null, "clip_actions": true, "preprocessor_pref": "deepmind", "lr": 0.01, "monitor": false, "log_level": "WARN", "callbacks": "<class 'ray.rllib.agents.callbacks.DefaultCallbacks'>", "ignore_worker_failures": false, "log_sys_usage": true, "fake_sampler": false, "framework": "tf", "eager_tracing": false, "no_eager_on_workers": false, "explore": true, "exploration_config": {"type": "StochasticSampling"}, "evaluation_interval": null, "evaluation_num_episodes": 10, "in_evaluation": false, "evaluation_config": {}, "evaluation_num_workers": 0, "custom_eval_function": null, "sample_async": false, "observation_filter": "NoFilter", "synchronize_filters": true, "tf_session_args": {"intra_op_parallelism_threads": 2, "inter_op_parallelism_threads": 2, "gpu_options": {"allow_growth": true}, "log_device_placement": false, "device_count": {"CPU": 1}, "allow_soft_placement": true}, "local_tf_session_args": {"intra_op_parallelism_threads": 8, "inter_op_parallelism_threads": 8}, "compress_observations": false, "collect_metrics_timeout": 180, "metrics_smoothing_episodes": 100, "remote_worker_envs": false, "remote_env_batch_wait_ms": 0, "min_iter_time_s": 0, "timesteps_per_iteration": 0, "seed": null, "extra_python_environs_for_driver": {}, "extra_python_environs_for_worker": {}, "num_cpus_per_worker": 1, "num_gpus_per_worker": 0, "custom_resources_per_worker": {}, "num_cpus_for_driver": 1, "memory": 0, "object_store_memory": 0, "memory_per_worker": 0, "object_store_memory_per_worker": 0, "input": "sampler", "input_evaluation": ["is", "wis"], "postprocess_inputs": false, "shuffle_buffer_size": 0, "output": null, "output_compress_columns": ["obs", "new_obs"], "output_max_file_size": 67108864, "multiagent": {"policies": {}, "policy_mapping_fn": null, "policies_to_train": null, "observation_fn": null}, "use_pytorch": -1, "use_critic": true, "use_gae": true, "lambda": 1.0, "kl_coeff": 0.2, "sgd_minibatch_size": 128, "shuffle_sequences": true, "num_sgd_iter": 30, "lr_schedule": null, "vf_share_layers": false, "vf_loss_coeff": 1.0, "entropy_coeff": 0.0, "entropy_coeff_schedule": null, "clip_param": 0.3, "vf_clip_param": 10.0, "grad_clip": null, "kl_target": 0.01, "simple_optimizer": false, "_fake_gpus": false}, "time_since_restore": 9.126591682434082, "timesteps_since_restore": 0, "iterations_since_restore": 1, "perf": {"cpu_util_percent": 37.43571428571429, "ram_util_percent": 3.528571428571429}, "trial_id": "7064f_00000", "experiment_tag": "0_lr=0.01"}
