{"episode_reward_max": 76.0, "episode_reward_min": 8.0, "episode_reward_mean": 21.912087912087912, "episode_len_mean": 21.912087912087912, "episodes_this_iter": 182, "policy_reward_min": {}, "policy_reward_max": {}, "policy_reward_mean": {}, "custom_metrics": {}, "hist_stats": {"episode_reward": [12.0, 12.0, 13.0, 21.0, 32.0, 18.0, 47.0, 18.0, 12.0, 19.0, 32.0, 15.0, 12.0, 13.0, 12.0, 19.0, 18.0, 27.0, 10.0, 22.0, 18.0, 16.0, 33.0, 12.0, 20.0, 20.0, 28.0, 29.0, 16.0, 11.0, 18.0, 44.0, 17.0, 16.0, 23.0, 28.0, 46.0, 18.0, 18.0, 13.0, 19.0, 25.0, 64.0, 36.0, 27.0, 11.0, 30.0, 10.0, 15.0, 76.0, 51.0, 10.0, 13.0, 17.0, 16.0, 37.0, 21.0, 44.0, 18.0, 18.0, 19.0, 12.0, 17.0, 26.0, 22.0, 14.0, 17.0, 20.0, 14.0, 10.0, 14.0, 32.0, 14.0, 27.0, 57.0, 16.0, 28.0, 27.0, 14.0, 21.0, 37.0, 34.0, 17.0, 27.0, 26.0, 18.0, 20.0, 21.0, 12.0, 13.0, 12.0, 42.0, 16.0, 20.0, 27.0, 30.0, 13.0, 14.0, 28.0, 17.0, 34.0, 13.0, 14.0, 15.0, 24.0, 20.0, 16.0, 28.0, 17.0, 22.0, 14.0, 14.0, 22.0, 12.0, 19.0, 13.0, 20.0, 24.0, 29.0, 13.0, 39.0, 12.0, 23.0, 27.0, 15.0, 13.0, 12.0, 12.0, 11.0, 27.0, 22.0, 15.0, 17.0, 35.0, 8.0, 21.0, 20.0, 19.0, 16.0, 10.0, 15.0, 17.0, 15.0, 10.0, 29.0, 24.0, 50.0, 20.0, 33.0, 22.0, 46.0, 25.0, 21.0, 35.0, 14.0, 22.0, 11.0, 15.0, 33.0, 32.0, 18.0, 65.0, 22.0, 23.0, 11.0, 44.0, 11.0, 11.0, 25.0, 12.0, 12.0, 12.0, 27.0, 15.0, 18.0, 18.0, 17.0, 10.0, 35.0, 13.0, 28.0, 44.0], "episode_lengths": [12, 12, 13, 21, 32, 18, 47, 18, 12, 19, 32, 15, 12, 13, 12, 19, 18, 27, 10, 22, 18, 16, 33, 12, 20, 20, 28, 29, 16, 11, 18, 44, 17, 16, 23, 28, 46, 18, 18, 13, 19, 25, 64, 36, 27, 11, 30, 10, 15, 76, 51, 10, 13, 17, 16, 37, 21, 44, 18, 18, 19, 12, 17, 26, 22, 14, 17, 20, 14, 10, 14, 32, 14, 27, 57, 16, 28, 27, 14, 21, 37, 34, 17, 27, 26, 18, 20, 21, 12, 13, 12, 42, 16, 20, 27, 30, 13, 14, 28, 17, 34, 13, 14, 15, 24, 20, 16, 28, 17, 22, 14, 14, 22, 12, 19, 13, 20, 24, 29, 13, 39, 12, 23, 27, 15, 13, 12, 12, 11, 27, 22, 15, 17, 35, 8, 21, 20, 19, 16, 10, 15, 17, 15, 10, 29, 24, 50, 20, 33, 22, 46, 25, 21, 35, 14, 22, 11, 15, 33, 32, 18, 65, 22, 23, 11, 44, 11, 11, 25, 12, 12, 12, 27, 15, 18, 18, 17, 10, 35, 13, 28, 44]}, "sampler_perf": {"mean_env_wait_ms": 0.05744612535754611, "mean_processing_ms": 0.1428281626263966, "mean_inference_ms": 0.6337621694086673}, "off_policy_estimator": {}, "num_healthy_workers": 1, "timesteps_total": 4000, "timers": {"sample_time_ms": 4567.124, "sample_throughput": 875.825, "load_time_ms": 42.905, "load_throughput": 93228.509, "learn_time_ms": 3830.319, "learn_throughput": 1044.299, "update_time_ms": 2.116}, "info": {"learner": {"default_policy": {"cur_kl_coeff": 0.20000000298023224, "cur_lr": 0.0010000000474974513, "total_loss": 84.855224609375, "policy_loss": -0.04198713228106499, "vf_loss": 84.89039611816406, "vf_explained_var": 0.26426491141319275, "kl": 0.034089695662260056, "entropy": 0.6594508290290833, "entropy_coeff": 0.0, "model": {}}}, "num_steps_sampled": 4000, "num_steps_trained": 4000}, "done": true, "episodes_total": 182, "training_iteration": 1, "experiment_id": "c9bf894d85b94156b14c96a33dfabe54", "date": "2020-08-16_04-15-49", "timestamp": 1597551349, "time_this_iter_s": 8.544352054595947, "time_total_s": 8.544352054595947, "pid": 24433, "hostname": "ntozcc-dv-mlalo-vm", "node_ip": "10.0.0.4", "config": {"num_workers": 1, "num_envs_per_worker": 1, "rollout_fragment_length": 200, "sample_batch_size": -1, "batch_mode": "truncate_episodes", "num_gpus": 0, "train_batch_size": 4000, "model": {"conv_filters": null, "conv_activation": "relu", "fcnet_activation": "tanh", "fcnet_hiddens": [256, 256], "free_log_std": false, "no_final_linear": false, "vf_share_layers": true, "use_lstm": false, "max_seq_len": 20, "lstm_cell_size": 256, "lstm_use_prev_action_reward": false, "state_shape": null, "framestack": true, "dim": 84, "grayscale": false, "zero_mean": true, "custom_model": null, "custom_model_config": {}, "custom_action_dist": null, "custom_preprocessor": null, "custom_options": -1}, "optimizer": {}, "gamma": 0.99, "horizon": null, "soft_horizon": false, "no_done_at_end": false, "env_config": {}, "env": "CartPole-v0", "normalize_actions": false, "clip_rewards": null, "clip_actions": true, "preprocessor_pref": "deepmind", "lr": 0.001, "monitor": false, "log_level": "WARN", "callbacks": "<class 'ray.rllib.agents.callbacks.DefaultCallbacks'>", "ignore_worker_failures": false, "log_sys_usage": true, "fake_sampler": false, "framework": "tf", "eager_tracing": false, "no_eager_on_workers": false, "explore": true, "exploration_config": {"type": "StochasticSampling"}, "evaluation_interval": null, "evaluation_num_episodes": 10, "in_evaluation": false, "evaluation_config": {}, "evaluation_num_workers": 0, "custom_eval_function": null, "sample_async": false, "observation_filter": "NoFilter", "synchronize_filters": true, "tf_session_args": {"intra_op_parallelism_threads": 2, "inter_op_parallelism_threads": 2, "gpu_options": {"allow_growth": true}, "log_device_placement": false, "device_count": {"CPU": 1}, "allow_soft_placement": true}, "local_tf_session_args": {"intra_op_parallelism_threads": 8, "inter_op_parallelism_threads": 8}, "compress_observations": false, "collect_metrics_timeout": 180, "metrics_smoothing_episodes": 100, "remote_worker_envs": false, "remote_env_batch_wait_ms": 0, "min_iter_time_s": 0, "timesteps_per_iteration": 0, "seed": null, "extra_python_environs_for_driver": {}, "extra_python_environs_for_worker": {}, "num_cpus_per_worker": 1, "num_gpus_per_worker": 0, "custom_resources_per_worker": {}, "num_cpus_for_driver": 1, "memory": 0, "object_store_memory": 0, "memory_per_worker": 0, "object_store_memory_per_worker": 0, "input": "sampler", "input_evaluation": ["is", "wis"], "postprocess_inputs": false, "shuffle_buffer_size": 0, "output": null, "output_compress_columns": ["obs", "new_obs"], "output_max_file_size": 67108864, "multiagent": {"policies": {}, "policy_mapping_fn": null, "policies_to_train": null, "observation_fn": null}, "use_pytorch": -1, "use_critic": true, "use_gae": true, "lambda": 1.0, "kl_coeff": 0.2, "sgd_minibatch_size": 128, "shuffle_sequences": true, "num_sgd_iter": 30, "lr_schedule": null, "vf_share_layers": false, "vf_loss_coeff": 1.0, "entropy_coeff": 0.0, "entropy_coeff_schedule": null, "clip_param": 0.3, "vf_clip_param": 10.0, "grad_clip": null, "kl_target": 0.01, "simple_optimizer": false, "_fake_gpus": false}, "time_since_restore": 8.544352054595947, "timesteps_since_restore": 0, "iterations_since_restore": 1, "perf": {"cpu_util_percent": 71.8, "ram_util_percent": 32.207692307692305}, "trial_id": "19b84_00001", "experiment_tag": "1_lr=0.001"}
