{"episode_reward_max": 78.0, "episode_reward_min": 8.0, "episode_reward_mean": 21.808743169398905, "episode_len_mean": 21.808743169398905, "episodes_this_iter": 183, "policy_reward_min": {}, "policy_reward_max": {}, "policy_reward_mean": {}, "custom_metrics": {}, "hist_stats": {"episode_reward": [18.0, 12.0, 24.0, 16.0, 17.0, 14.0, 31.0, 17.0, 45.0, 22.0, 13.0, 18.0, 42.0, 12.0, 53.0, 24.0, 24.0, 9.0, 11.0, 13.0, 18.0, 15.0, 13.0, 22.0, 26.0, 16.0, 23.0, 20.0, 12.0, 40.0, 21.0, 17.0, 25.0, 20.0, 15.0, 15.0, 17.0, 25.0, 15.0, 27.0, 27.0, 14.0, 11.0, 53.0, 26.0, 10.0, 18.0, 22.0, 16.0, 12.0, 14.0, 23.0, 29.0, 47.0, 15.0, 17.0, 18.0, 12.0, 22.0, 8.0, 20.0, 17.0, 44.0, 15.0, 27.0, 13.0, 19.0, 13.0, 9.0, 24.0, 14.0, 16.0, 24.0, 25.0, 14.0, 15.0, 19.0, 14.0, 12.0, 53.0, 15.0, 11.0, 22.0, 28.0, 11.0, 25.0, 22.0, 11.0, 32.0, 24.0, 13.0, 16.0, 13.0, 21.0, 24.0, 22.0, 12.0, 26.0, 24.0, 18.0, 16.0, 16.0, 31.0, 25.0, 17.0, 18.0, 22.0, 25.0, 14.0, 29.0, 13.0, 20.0, 11.0, 24.0, 17.0, 35.0, 16.0, 11.0, 28.0, 37.0, 40.0, 38.0, 38.0, 11.0, 29.0, 17.0, 15.0, 20.0, 34.0, 11.0, 9.0, 30.0, 18.0, 15.0, 32.0, 16.0, 15.0, 45.0, 66.0, 25.0, 11.0, 34.0, 33.0, 14.0, 16.0, 15.0, 14.0, 21.0, 17.0, 57.0, 23.0, 23.0, 13.0, 12.0, 16.0, 36.0, 15.0, 28.0, 12.0, 13.0, 18.0, 15.0, 15.0, 20.0, 13.0, 13.0, 27.0, 27.0, 12.0, 35.0, 78.0, 22.0, 12.0, 14.0, 33.0, 17.0, 20.0, 13.0, 57.0, 31.0, 17.0, 37.0, 25.0], "episode_lengths": [18, 12, 24, 16, 17, 14, 31, 17, 45, 22, 13, 18, 42, 12, 53, 24, 24, 9, 11, 13, 18, 15, 13, 22, 26, 16, 23, 20, 12, 40, 21, 17, 25, 20, 15, 15, 17, 25, 15, 27, 27, 14, 11, 53, 26, 10, 18, 22, 16, 12, 14, 23, 29, 47, 15, 17, 18, 12, 22, 8, 20, 17, 44, 15, 27, 13, 19, 13, 9, 24, 14, 16, 24, 25, 14, 15, 19, 14, 12, 53, 15, 11, 22, 28, 11, 25, 22, 11, 32, 24, 13, 16, 13, 21, 24, 22, 12, 26, 24, 18, 16, 16, 31, 25, 17, 18, 22, 25, 14, 29, 13, 20, 11, 24, 17, 35, 16, 11, 28, 37, 40, 38, 38, 11, 29, 17, 15, 20, 34, 11, 9, 30, 18, 15, 32, 16, 15, 45, 66, 25, 11, 34, 33, 14, 16, 15, 14, 21, 17, 57, 23, 23, 13, 12, 16, 36, 15, 28, 12, 13, 18, 15, 15, 20, 13, 13, 27, 27, 12, 35, 78, 22, 12, 14, 33, 17, 20, 13, 57, 31, 17, 37, 25]}, "sampler_perf": {"mean_env_wait_ms": 0.057997807238406446, "mean_processing_ms": 0.14342417927927684, "mean_inference_ms": 0.6443264185860883}, "off_policy_estimator": {}, "num_healthy_workers": 1, "timesteps_total": 4000, "timers": {"sample_time_ms": 4628.101, "sample_throughput": 864.285, "load_time_ms": 36.913, "load_throughput": 108362.448, "learn_time_ms": 3893.442, "learn_throughput": 1027.369, "update_time_ms": 2.694}, "info": {"learner": {"default_policy": {"cur_kl_coeff": 0.20000000298023224, "cur_lr": 9.999999747378752e-05, "total_loss": 83.60536193847656, "policy_loss": -0.05061617121100426, "vf_loss": 83.6491470336914, "vf_explained_var": 0.2243432253599167, "kl": 0.03409576043486595, "entropy": 0.6598157286643982, "entropy_coeff": 0.0, "model": {}}}, "num_steps_sampled": 4000, "num_steps_trained": 4000}, "done": true, "episodes_total": 183, "training_iteration": 1, "experiment_id": "e465ef58a9d14dfeb6f26fd3f929e1c9", "date": "2020-08-16_03-43-43", "timestamp": 1597549423, "time_this_iter_s": 8.66528034210205, "time_total_s": 8.66528034210205, "pid": 19750, "hostname": "ntozcc-dv-mlalo-vm", "node_ip": "10.0.0.4", "config": {"num_workers": 1, "num_envs_per_worker": 1, "rollout_fragment_length": 200, "sample_batch_size": -1, "batch_mode": "truncate_episodes", "num_gpus": 0, "train_batch_size": 4000, "model": {"conv_filters": null, "conv_activation": "relu", "fcnet_activation": "tanh", "fcnet_hiddens": [256, 256], "free_log_std": false, "no_final_linear": false, "vf_share_layers": true, "use_lstm": false, "max_seq_len": 20, "lstm_cell_size": 256, "lstm_use_prev_action_reward": false, "state_shape": null, "framestack": true, "dim": 84, "grayscale": false, "zero_mean": true, "custom_model": null, "custom_model_config": {}, "custom_action_dist": null, "custom_preprocessor": null, "custom_options": -1}, "optimizer": {}, "gamma": 0.99, "horizon": null, "soft_horizon": false, "no_done_at_end": false, "env_config": {}, "env": "CartPole-v0", "normalize_actions": false, "clip_rewards": null, "clip_actions": true, "preprocessor_pref": "deepmind", "lr": 0.0001, "monitor": false, "log_level": "WARN", "callbacks": "<class 'ray.rllib.agents.callbacks.DefaultCallbacks'>", "ignore_worker_failures": false, "log_sys_usage": true, "fake_sampler": false, "framework": "tf", "eager_tracing": false, "no_eager_on_workers": false, "explore": true, "exploration_config": {"type": "StochasticSampling"}, "evaluation_interval": null, "evaluation_num_episodes": 10, "in_evaluation": false, "evaluation_config": {}, "evaluation_num_workers": 0, "custom_eval_function": null, "sample_async": false, "observation_filter": "NoFilter", "synchronize_filters": true, "tf_session_args": {"intra_op_parallelism_threads": 2, "inter_op_parallelism_threads": 2, "gpu_options": {"allow_growth": true}, "log_device_placement": false, "device_count": {"CPU": 1}, "allow_soft_placement": true}, "local_tf_session_args": {"intra_op_parallelism_threads": 8, "inter_op_parallelism_threads": 8}, "compress_observations": false, "collect_metrics_timeout": 180, "metrics_smoothing_episodes": 100, "remote_worker_envs": false, "remote_env_batch_wait_ms": 0, "min_iter_time_s": 0, "timesteps_per_iteration": 0, "seed": null, "extra_python_environs_for_driver": {}, "extra_python_environs_for_worker": {}, "num_cpus_per_worker": 1, "num_gpus_per_worker": 0, "custom_resources_per_worker": {}, "num_cpus_for_driver": 1, "memory": 0, "object_store_memory": 0, "memory_per_worker": 0, "object_store_memory_per_worker": 0, "input": "sampler", "input_evaluation": ["is", "wis"], "postprocess_inputs": false, "shuffle_buffer_size": 0, "output": null, "output_compress_columns": ["obs", "new_obs"], "output_max_file_size": 67108864, "multiagent": {"policies": {}, "policy_mapping_fn": null, "policies_to_train": null, "observation_fn": null}, "use_pytorch": -1, "use_critic": true, "use_gae": true, "lambda": 1.0, "kl_coeff": 0.2, "sgd_minibatch_size": 128, "shuffle_sequences": true, "num_sgd_iter": 30, "lr_schedule": null, "vf_share_layers": false, "vf_loss_coeff": 1.0, "entropy_coeff": 0.0, "entropy_coeff_schedule": null, "clip_param": 0.3, "vf_clip_param": 10.0, "grad_clip": null, "kl_target": 0.01, "simple_optimizer": false, "_fake_gpus": false}, "time_since_restore": 8.66528034210205, "timesteps_since_restore": 0, "iterations_since_restore": 1, "perf": {"cpu_util_percent": 71.49230769230769, "ram_util_percent": 32.35384615384616}, "trial_id": "951be_00002", "experiment_tag": "2_lr=0.0001"}
