{"episode_reward_max": 93.0, "episode_reward_min": 9.0, "episode_reward_mean": 23.952095808383234, "episode_len_mean": 23.952095808383234, "episodes_this_iter": 167, "policy_reward_min": {}, "policy_reward_max": {}, "policy_reward_mean": {}, "custom_metrics": {}, "hist_stats": {"episode_reward": [14.0, 19.0, 11.0, 19.0, 20.0, 24.0, 9.0, 15.0, 14.0, 25.0, 41.0, 41.0, 13.0, 13.0, 27.0, 26.0, 11.0, 11.0, 44.0, 13.0, 10.0, 14.0, 25.0, 36.0, 59.0, 21.0, 12.0, 15.0, 17.0, 21.0, 21.0, 12.0, 37.0, 26.0, 17.0, 33.0, 9.0, 13.0, 11.0, 18.0, 19.0, 23.0, 15.0, 24.0, 14.0, 32.0, 35.0, 26.0, 17.0, 63.0, 16.0, 48.0, 17.0, 29.0, 14.0, 56.0, 39.0, 14.0, 49.0, 17.0, 12.0, 39.0, 16.0, 15.0, 37.0, 14.0, 12.0, 11.0, 39.0, 11.0, 14.0, 14.0, 16.0, 12.0, 43.0, 12.0, 13.0, 51.0, 83.0, 21.0, 27.0, 18.0, 23.0, 16.0, 17.0, 16.0, 23.0, 19.0, 26.0, 14.0, 17.0, 30.0, 13.0, 24.0, 13.0, 12.0, 13.0, 14.0, 15.0, 30.0, 17.0, 19.0, 20.0, 17.0, 15.0, 33.0, 15.0, 24.0, 19.0, 39.0, 93.0, 65.0, 16.0, 24.0, 15.0, 47.0, 21.0, 35.0, 21.0, 20.0, 13.0, 35.0, 28.0, 45.0, 20.0, 31.0, 14.0, 34.0, 13.0, 13.0, 24.0, 15.0, 74.0, 12.0, 25.0, 19.0, 15.0, 15.0, 14.0, 13.0, 19.0, 21.0, 12.0, 17.0, 44.0, 22.0, 32.0, 37.0, 36.0, 25.0, 13.0, 24.0, 15.0, 28.0, 13.0, 42.0, 19.0, 19.0, 23.0, 19.0, 21.0, 38.0, 18.0, 70.0, 18.0, 24.0, 15.0], "episode_lengths": [14, 19, 11, 19, 20, 24, 9, 15, 14, 25, 41, 41, 13, 13, 27, 26, 11, 11, 44, 13, 10, 14, 25, 36, 59, 21, 12, 15, 17, 21, 21, 12, 37, 26, 17, 33, 9, 13, 11, 18, 19, 23, 15, 24, 14, 32, 35, 26, 17, 63, 16, 48, 17, 29, 14, 56, 39, 14, 49, 17, 12, 39, 16, 15, 37, 14, 12, 11, 39, 11, 14, 14, 16, 12, 43, 12, 13, 51, 83, 21, 27, 18, 23, 16, 17, 16, 23, 19, 26, 14, 17, 30, 13, 24, 13, 12, 13, 14, 15, 30, 17, 19, 20, 17, 15, 33, 15, 24, 19, 39, 93, 65, 16, 24, 15, 47, 21, 35, 21, 20, 13, 35, 28, 45, 20, 31, 14, 34, 13, 13, 24, 15, 74, 12, 25, 19, 15, 15, 14, 13, 19, 21, 12, 17, 44, 22, 32, 37, 36, 25, 13, 24, 15, 28, 13, 42, 19, 19, 23, 19, 21, 38, 18, 70, 18, 24, 15]}, "sampler_perf": {"mean_env_wait_ms": 0.057915275438342566, "mean_processing_ms": 0.14150956069728907, "mean_inference_ms": 0.6295018004226972}, "off_policy_estimator": {}, "num_healthy_workers": 1, "timesteps_total": 4000, "timers": {"sample_time_ms": 4516.875, "sample_throughput": 885.568, "load_time_ms": 36.936, "load_throughput": 108295.998, "learn_time_ms": 3855.981, "learn_throughput": 1037.349, "update_time_ms": 2.832}, "info": {"learner": {"default_policy": {"cur_kl_coeff": 0.20000000298023224, "cur_lr": 0.0010000000474974513, "total_loss": 123.7416000366211, "policy_loss": -0.05121392384171486, "vf_loss": 123.7851333618164, "vf_explained_var": 0.21552704274654388, "kl": 0.038356319069862366, "entropy": 0.6559956073760986, "entropy_coeff": 0.0, "model": {}}}, "num_steps_sampled": 4000, "num_steps_trained": 4000}, "done": true, "episodes_total": 167, "training_iteration": 1, "experiment_id": "1fb17d4c4cd948d296194b96974c26c7", "date": "2020-08-16_04-37-58", "timestamp": 1597552678, "time_this_iter_s": 8.52843451499939, "time_total_s": 8.52843451499939, "pid": 25815, "hostname": "ntozcc-dv-mlalo-vm", "node_ip": "10.0.0.4", "config": {"num_workers": 1, "num_envs_per_worker": 1, "rollout_fragment_length": 200, "sample_batch_size": -1, "batch_mode": "truncate_episodes", "num_gpus": 0, "train_batch_size": 4000, "model": {"conv_filters": null, "conv_activation": "relu", "fcnet_activation": "tanh", "fcnet_hiddens": [256, 256], "free_log_std": false, "no_final_linear": false, "vf_share_layers": true, "use_lstm": false, "max_seq_len": 20, "lstm_cell_size": 256, "lstm_use_prev_action_reward": false, "state_shape": null, "framestack": true, "dim": 84, "grayscale": false, "zero_mean": true, "custom_model": null, "custom_model_config": {}, "custom_action_dist": null, "custom_preprocessor": null, "custom_options": -1}, "optimizer": {}, "gamma": 0.99, "horizon": null, "soft_horizon": false, "no_done_at_end": false, "env_config": {}, "env": "CartPole-v0", "normalize_actions": false, "clip_rewards": null, "clip_actions": true, "preprocessor_pref": "deepmind", "lr": 0.001, "monitor": false, "log_level": "WARN", "callbacks": "<class 'ray.rllib.agents.callbacks.DefaultCallbacks'>", "ignore_worker_failures": false, "log_sys_usage": true, "fake_sampler": false, "framework": "tf", "eager_tracing": false, "no_eager_on_workers": false, "explore": true, "exploration_config": {"type": "StochasticSampling"}, "evaluation_interval": null, "evaluation_num_episodes": 10, "in_evaluation": false, "evaluation_config": {}, "evaluation_num_workers": 0, "custom_eval_function": null, "sample_async": false, "observation_filter": "NoFilter", "synchronize_filters": true, "tf_session_args": {"intra_op_parallelism_threads": 2, "inter_op_parallelism_threads": 2, "gpu_options": {"allow_growth": true}, "log_device_placement": false, "device_count": {"CPU": 1}, "allow_soft_placement": true}, "local_tf_session_args": {"intra_op_parallelism_threads": 8, "inter_op_parallelism_threads": 8}, "compress_observations": false, "collect_metrics_timeout": 180, "metrics_smoothing_episodes": 100, "remote_worker_envs": false, "remote_env_batch_wait_ms": 0, "min_iter_time_s": 0, "timesteps_per_iteration": 0, "seed": null, "extra_python_environs_for_driver": {}, "extra_python_environs_for_worker": {}, "num_cpus_per_worker": 1, "num_gpus_per_worker": 0, "custom_resources_per_worker": {}, "num_cpus_for_driver": 1, "memory": 0, "object_store_memory": 0, "memory_per_worker": 0, "object_store_memory_per_worker": 0, "input": "sampler", "input_evaluation": ["is", "wis"], "postprocess_inputs": false, "shuffle_buffer_size": 0, "output": null, "output_compress_columns": ["obs", "new_obs"], "output_max_file_size": 67108864, "multiagent": {"policies": {}, "policy_mapping_fn": null, "policies_to_train": null, "observation_fn": null}, "use_pytorch": -1, "use_critic": true, "use_gae": true, "lambda": 1.0, "kl_coeff": 0.2, "sgd_minibatch_size": 128, "shuffle_sequences": true, "num_sgd_iter": 30, "lr_schedule": null, "vf_share_layers": false, "vf_loss_coeff": 1.0, "entropy_coeff": 0.0, "entropy_coeff_schedule": null, "clip_param": 0.3, "vf_clip_param": 10.0, "grad_clip": null, "kl_target": 0.01, "simple_optimizer": false, "_fake_gpus": false}, "time_since_restore": 8.52843451499939, "timesteps_since_restore": 0, "iterations_since_restore": 1, "perf": {"cpu_util_percent": 72.34615384615384, "ram_util_percent": 32.26923076923077}, "trial_id": "31a1b_00001", "experiment_tag": "1_lr=0.001"}
