{"episode_reward_max": 80.0, "episode_reward_min": 8.0, "episode_reward_mean": 22.18888888888889, "episode_len_mean": 22.18888888888889, "episodes_this_iter": 180, "policy_reward_min": {}, "policy_reward_max": {}, "policy_reward_mean": {}, "custom_metrics": {}, "hist_stats": {"episode_reward": [80.0, 26.0, 11.0, 16.0, 21.0, 20.0, 17.0, 15.0, 26.0, 18.0, 15.0, 23.0, 17.0, 12.0, 40.0, 38.0, 28.0, 19.0, 12.0, 26.0, 33.0, 9.0, 13.0, 30.0, 46.0, 9.0, 25.0, 16.0, 15.0, 16.0, 26.0, 15.0, 39.0, 12.0, 32.0, 25.0, 52.0, 23.0, 11.0, 23.0, 14.0, 31.0, 12.0, 32.0, 25.0, 21.0, 37.0, 25.0, 16.0, 15.0, 14.0, 19.0, 17.0, 16.0, 13.0, 18.0, 16.0, 28.0, 11.0, 41.0, 25.0, 44.0, 36.0, 26.0, 17.0, 12.0, 22.0, 14.0, 48.0, 11.0, 33.0, 18.0, 11.0, 42.0, 26.0, 18.0, 15.0, 54.0, 11.0, 13.0, 39.0, 14.0, 14.0, 20.0, 13.0, 16.0, 18.0, 18.0, 12.0, 14.0, 29.0, 11.0, 16.0, 14.0, 20.0, 16.0, 36.0, 28.0, 39.0, 16.0, 41.0, 12.0, 13.0, 29.0, 39.0, 13.0, 16.0, 37.0, 30.0, 13.0, 9.0, 23.0, 19.0, 21.0, 33.0, 17.0, 15.0, 13.0, 41.0, 24.0, 15.0, 15.0, 23.0, 23.0, 13.0, 18.0, 15.0, 20.0, 40.0, 12.0, 20.0, 20.0, 19.0, 18.0, 48.0, 18.0, 25.0, 11.0, 17.0, 18.0, 19.0, 12.0, 18.0, 22.0, 13.0, 21.0, 36.0, 16.0, 14.0, 48.0, 15.0, 33.0, 42.0, 14.0, 22.0, 15.0, 12.0, 28.0, 15.0, 8.0, 12.0, 16.0, 18.0, 24.0, 13.0, 18.0, 21.0, 44.0, 20.0, 15.0, 22.0, 23.0, 9.0, 21.0, 29.0, 42.0, 10.0, 17.0, 31.0, 30.0], "episode_lengths": [80, 26, 11, 16, 21, 20, 17, 15, 26, 18, 15, 23, 17, 12, 40, 38, 28, 19, 12, 26, 33, 9, 13, 30, 46, 9, 25, 16, 15, 16, 26, 15, 39, 12, 32, 25, 52, 23, 11, 23, 14, 31, 12, 32, 25, 21, 37, 25, 16, 15, 14, 19, 17, 16, 13, 18, 16, 28, 11, 41, 25, 44, 36, 26, 17, 12, 22, 14, 48, 11, 33, 18, 11, 42, 26, 18, 15, 54, 11, 13, 39, 14, 14, 20, 13, 16, 18, 18, 12, 14, 29, 11, 16, 14, 20, 16, 36, 28, 39, 16, 41, 12, 13, 29, 39, 13, 16, 37, 30, 13, 9, 23, 19, 21, 33, 17, 15, 13, 41, 24, 15, 15, 23, 23, 13, 18, 15, 20, 40, 12, 20, 20, 19, 18, 48, 18, 25, 11, 17, 18, 19, 12, 18, 22, 13, 21, 36, 16, 14, 48, 15, 33, 42, 14, 22, 15, 12, 28, 15, 8, 12, 16, 18, 24, 13, 18, 21, 44, 20, 15, 22, 23, 9, 21, 29, 42, 10, 17, 31, 30]}, "sampler_perf": {"mean_env_wait_ms": 0.07076294414402992, "mean_processing_ms": 0.1803215549338373, "mean_inference_ms": 0.744755701314387}, "off_policy_estimator": {}, "num_healthy_workers": 1, "timesteps_total": 4000, "timers": {"sample_time_ms": 4919.668, "sample_throughput": 813.063, "load_time_ms": 65.49, "load_throughput": 61078.465, "learn_time_ms": 3821.106, "learn_throughput": 1046.817, "update_time_ms": 3.254}, "info": {"learner": {"default_policy": {"cur_kl_coeff": 0.20000000298023224, "cur_lr": 9.999999747378752e-05, "total_loss": 76.68091583251953, "policy_loss": -0.044379688799381256, "vf_loss": 76.71864318847656, "vf_explained_var": 0.23358087241649628, "kl": 0.03330691531300545, "entropy": 0.6615772247314453, "entropy_coeff": 0.0, "model": {}}}, "num_steps_sampled": 4000, "num_steps_trained": 4000}, "done": true, "episodes_total": 180, "training_iteration": 1, "experiment_id": "091b5b7d30f947feae27d1388ea55538", "date": "2020-08-18_17-57-34", "timestamp": 1597773454, "time_this_iter_s": 8.975916147232056, "time_total_s": 8.975916147232056, "pid": 15249, "hostname": "terminator-1000", "node_ip": "10.168.0.7", "config": {"num_workers": 1, "num_envs_per_worker": 1, "rollout_fragment_length": 200, "sample_batch_size": -1, "batch_mode": "truncate_episodes", "num_gpus": 0, "train_batch_size": 4000, "model": {"conv_filters": null, "conv_activation": "relu", "fcnet_activation": "tanh", "fcnet_hiddens": [256, 256], "free_log_std": false, "no_final_linear": false, "vf_share_layers": true, "use_lstm": false, "max_seq_len": 20, "lstm_cell_size": 256, "lstm_use_prev_action_reward": false, "state_shape": null, "framestack": true, "dim": 84, "grayscale": false, "zero_mean": true, "custom_model": null, "custom_model_config": {}, "custom_action_dist": null, "custom_preprocessor": null, "custom_options": -1}, "optimizer": {}, "gamma": 0.99, "horizon": null, "soft_horizon": false, "no_done_at_end": false, "env_config": {}, "env": "CartPole-v0", "normalize_actions": false, "clip_rewards": null, "clip_actions": true, "preprocessor_pref": "deepmind", "lr": 0.0001, "monitor": false, "log_level": "WARN", "callbacks": "<class 'ray.rllib.agents.callbacks.DefaultCallbacks'>", "ignore_worker_failures": false, "log_sys_usage": true, "fake_sampler": false, "framework": "tf", "eager_tracing": false, "no_eager_on_workers": false, "explore": true, "exploration_config": {"type": "StochasticSampling"}, "evaluation_interval": null, "evaluation_num_episodes": 10, "in_evaluation": false, "evaluation_config": {}, "evaluation_num_workers": 0, "custom_eval_function": null, "sample_async": false, "observation_filter": "NoFilter", "synchronize_filters": true, "tf_session_args": {"intra_op_parallelism_threads": 2, "inter_op_parallelism_threads": 2, "gpu_options": {"allow_growth": true}, "log_device_placement": false, "device_count": {"CPU": 1}, "allow_soft_placement": true}, "local_tf_session_args": {"intra_op_parallelism_threads": 8, "inter_op_parallelism_threads": 8}, "compress_observations": false, "collect_metrics_timeout": 180, "metrics_smoothing_episodes": 100, "remote_worker_envs": false, "remote_env_batch_wait_ms": 0, "min_iter_time_s": 0, "timesteps_per_iteration": 0, "seed": null, "extra_python_environs_for_driver": {}, "extra_python_environs_for_worker": {}, "num_cpus_per_worker": 1, "num_gpus_per_worker": 0, "custom_resources_per_worker": {}, "num_cpus_for_driver": 1, "memory": 0, "object_store_memory": 0, "memory_per_worker": 0, "object_store_memory_per_worker": 0, "input": "sampler", "input_evaluation": ["is", "wis"], "postprocess_inputs": false, "shuffle_buffer_size": 0, "output": null, "output_compress_columns": ["obs", "new_obs"], "output_max_file_size": 67108864, "multiagent": {"policies": {}, "policy_mapping_fn": null, "policies_to_train": null, "observation_fn": null}, "use_pytorch": -1, "use_critic": true, "use_gae": true, "lambda": 1.0, "kl_coeff": 0.2, "sgd_minibatch_size": 128, "shuffle_sequences": true, "num_sgd_iter": 30, "lr_schedule": null, "vf_share_layers": false, "vf_loss_coeff": 1.0, "entropy_coeff": 0.0, "entropy_coeff_schedule": null, "clip_param": 0.3, "vf_clip_param": 10.0, "grad_clip": null, "kl_target": 0.01, "simple_optimizer": false, "_fake_gpus": false}, "time_since_restore": 8.975916147232056, "timesteps_since_restore": 0, "iterations_since_restore": 1, "perf": {"cpu_util_percent": 36.784615384615385, "ram_util_percent": 3.5230769230769234}, "trial_id": "43146_00002", "experiment_tag": "2_lr=0.0001"}
