{"episode_reward_max": 73.0, "episode_reward_min": 9.0, "episode_reward_mean": 20.98941798941799, "episode_len_mean": 20.98941798941799, "episodes_this_iter": 189, "policy_reward_min": {}, "policy_reward_max": {}, "policy_reward_mean": {}, "custom_metrics": {}, "hist_stats": {"episode_reward": [24.0, 18.0, 20.0, 41.0, 19.0, 45.0, 18.0, 28.0, 14.0, 17.0, 49.0, 15.0, 19.0, 17.0, 19.0, 30.0, 25.0, 33.0, 24.0, 36.0, 16.0, 37.0, 16.0, 34.0, 24.0, 17.0, 29.0, 11.0, 17.0, 14.0, 13.0, 22.0, 28.0, 12.0, 16.0, 20.0, 21.0, 14.0, 10.0, 13.0, 18.0, 16.0, 26.0, 22.0, 14.0, 22.0, 11.0, 24.0, 12.0, 28.0, 13.0, 13.0, 23.0, 16.0, 25.0, 13.0, 45.0, 25.0, 16.0, 18.0, 37.0, 17.0, 20.0, 12.0, 30.0, 36.0, 20.0, 13.0, 11.0, 9.0, 14.0, 13.0, 11.0, 22.0, 13.0, 17.0, 15.0, 24.0, 9.0, 13.0, 33.0, 14.0, 25.0, 21.0, 10.0, 15.0, 22.0, 32.0, 17.0, 11.0, 15.0, 34.0, 33.0, 14.0, 38.0, 11.0, 17.0, 42.0, 9.0, 12.0, 14.0, 26.0, 19.0, 19.0, 45.0, 10.0, 14.0, 14.0, 16.0, 19.0, 18.0, 18.0, 16.0, 27.0, 13.0, 15.0, 54.0, 15.0, 16.0, 21.0, 18.0, 23.0, 21.0, 14.0, 14.0, 16.0, 41.0, 38.0, 31.0, 19.0, 13.0, 35.0, 19.0, 9.0, 19.0, 10.0, 15.0, 23.0, 10.0, 23.0, 13.0, 12.0, 21.0, 13.0, 50.0, 19.0, 16.0, 66.0, 16.0, 18.0, 21.0, 26.0, 14.0, 20.0, 21.0, 15.0, 12.0, 16.0, 19.0, 15.0, 13.0, 10.0, 24.0, 12.0, 73.0, 19.0, 32.0, 24.0, 25.0, 13.0, 12.0, 11.0, 20.0, 22.0, 27.0, 39.0, 14.0, 27.0, 38.0, 9.0, 16.0, 23.0, 11.0, 39.0, 26.0, 15.0, 15.0, 13.0, 26.0], "episode_lengths": [24, 18, 20, 41, 19, 45, 18, 28, 14, 17, 49, 15, 19, 17, 19, 30, 25, 33, 24, 36, 16, 37, 16, 34, 24, 17, 29, 11, 17, 14, 13, 22, 28, 12, 16, 20, 21, 14, 10, 13, 18, 16, 26, 22, 14, 22, 11, 24, 12, 28, 13, 13, 23, 16, 25, 13, 45, 25, 16, 18, 37, 17, 20, 12, 30, 36, 20, 13, 11, 9, 14, 13, 11, 22, 13, 17, 15, 24, 9, 13, 33, 14, 25, 21, 10, 15, 22, 32, 17, 11, 15, 34, 33, 14, 38, 11, 17, 42, 9, 12, 14, 26, 19, 19, 45, 10, 14, 14, 16, 19, 18, 18, 16, 27, 13, 15, 54, 15, 16, 21, 18, 23, 21, 14, 14, 16, 41, 38, 31, 19, 13, 35, 19, 9, 19, 10, 15, 23, 10, 23, 13, 12, 21, 13, 50, 19, 16, 66, 16, 18, 21, 26, 14, 20, 21, 15, 12, 16, 19, 15, 13, 10, 24, 12, 73, 19, 32, 24, 25, 13, 12, 11, 20, 22, 27, 39, 14, 27, 38, 9, 16, 23, 11, 39, 26, 15, 15, 13, 26]}, "sampler_perf": {"mean_env_wait_ms": 0.056900223682177606, "mean_processing_ms": 0.14183605292295698, "mean_inference_ms": 0.621771222500466}, "off_policy_estimator": {}, "num_healthy_workers": 1, "timesteps_total": 4000, "timers": {"sample_time_ms": 4511.202, "sample_throughput": 886.682, "load_time_ms": 37.217, "load_throughput": 107477.361, "learn_time_ms": 3927.954, "learn_throughput": 1018.342, "update_time_ms": 2.668}, "info": {"learner": {"default_policy": {"cur_kl_coeff": 0.20000000298023224, "cur_lr": 9.999999747378752e-05, "total_loss": 59.83457565307617, "policy_loss": -0.0434032566845417, "vf_loss": 59.87199401855469, "vf_explained_var": 0.2755459249019623, "kl": 0.02993791550397873, "entropy": 0.6640868186950684, "entropy_coeff": 0.0, "model": {}}}, "num_steps_sampled": 4000, "num_steps_trained": 4000}, "done": true, "episodes_total": 189, "training_iteration": 1, "experiment_id": "f51efeebd71a4f6e98f68ac293606ad5", "date": "2020-08-16_03-40-39", "timestamp": 1597549239, "time_this_iter_s": 8.577840805053711, "time_total_s": 8.577840805053711, "pid": 19356, "hostname": "ntozcc-dv-mlalo-vm", "node_ip": "10.0.0.4", "config": {"num_workers": 1, "num_envs_per_worker": 1, "rollout_fragment_length": 200, "sample_batch_size": -1, "batch_mode": "truncate_episodes", "num_gpus": 0, "train_batch_size": 4000, "model": {"conv_filters": null, "conv_activation": "relu", "fcnet_activation": "tanh", "fcnet_hiddens": [256, 256], "free_log_std": false, "no_final_linear": false, "vf_share_layers": true, "use_lstm": false, "max_seq_len": 20, "lstm_cell_size": 256, "lstm_use_prev_action_reward": false, "state_shape": null, "framestack": true, "dim": 84, "grayscale": false, "zero_mean": true, "custom_model": null, "custom_model_config": {}, "custom_action_dist": null, "custom_preprocessor": null, "custom_options": -1}, "optimizer": {}, "gamma": 0.99, "horizon": null, "soft_horizon": false, "no_done_at_end": false, "env_config": {}, "env": "CartPole-v0", "normalize_actions": false, "clip_rewards": null, "clip_actions": true, "preprocessor_pref": "deepmind", "lr": 0.0001, "monitor": false, "log_level": "WARN", "callbacks": "<class 'ray.rllib.agents.callbacks.DefaultCallbacks'>", "ignore_worker_failures": false, "log_sys_usage": true, "fake_sampler": false, "framework": "tf", "eager_tracing": false, "no_eager_on_workers": false, "explore": true, "exploration_config": {"type": "StochasticSampling"}, "evaluation_interval": null, "evaluation_num_episodes": 10, "in_evaluation": false, "evaluation_config": {}, "evaluation_num_workers": 0, "custom_eval_function": null, "sample_async": false, "observation_filter": "NoFilter", "synchronize_filters": true, "tf_session_args": {"intra_op_parallelism_threads": 2, "inter_op_parallelism_threads": 2, "gpu_options": {"allow_growth": true}, "log_device_placement": false, "device_count": {"CPU": 1}, "allow_soft_placement": true}, "local_tf_session_args": {"intra_op_parallelism_threads": 8, "inter_op_parallelism_threads": 8}, "compress_observations": false, "collect_metrics_timeout": 180, "metrics_smoothing_episodes": 100, "remote_worker_envs": false, "remote_env_batch_wait_ms": 0, "min_iter_time_s": 0, "timesteps_per_iteration": 0, "seed": null, "extra_python_environs_for_driver": {}, "extra_python_environs_for_worker": {}, "num_cpus_per_worker": 1, "num_gpus_per_worker": 0, "custom_resources_per_worker": {}, "num_cpus_for_driver": 1, "memory": 0, "object_store_memory": 0, "memory_per_worker": 0, "object_store_memory_per_worker": 0, "input": "sampler", "input_evaluation": ["is", "wis"], "postprocess_inputs": false, "shuffle_buffer_size": 0, "output": null, "output_compress_columns": ["obs", "new_obs"], "output_max_file_size": 67108864, "multiagent": {"policies": {}, "policy_mapping_fn": null, "policies_to_train": null, "observation_fn": null}, "use_pytorch": -1, "use_critic": true, "use_gae": true, "lambda": 1.0, "kl_coeff": 0.2, "sgd_minibatch_size": 128, "shuffle_sequences": true, "num_sgd_iter": 30, "lr_schedule": null, "vf_share_layers": false, "vf_loss_coeff": 1.0, "entropy_coeff": 0.0, "entropy_coeff_schedule": null, "clip_param": 0.3, "vf_clip_param": 10.0, "grad_clip": null, "kl_target": 0.01, "simple_optimizer": false, "_fake_gpus": false}, "time_since_restore": 8.577840805053711, "timesteps_since_restore": 0, "iterations_since_restore": 1, "perf": {"cpu_util_percent": 71.90769230769232, "ram_util_percent": 32.323076923076925}, "trial_id": "27504_00002", "experiment_tag": "2_lr=0.0001"}
