{"episode_reward_max": 78.0, "episode_reward_min": 9.0, "episode_reward_mean": 20.673684210526314, "episode_len_mean": 20.673684210526314, "episodes_this_iter": 190, "policy_reward_min": {}, "policy_reward_max": {}, "policy_reward_mean": {}, "custom_metrics": {}, "hist_stats": {"episode_reward": [10.0, 16.0, 39.0, 37.0, 21.0, 15.0, 10.0, 29.0, 33.0, 14.0, 13.0, 13.0, 17.0, 27.0, 17.0, 13.0, 31.0, 21.0, 34.0, 12.0, 13.0, 20.0, 27.0, 18.0, 12.0, 16.0, 39.0, 22.0, 36.0, 23.0, 19.0, 15.0, 11.0, 11.0, 37.0, 25.0, 18.0, 32.0, 13.0, 29.0, 13.0, 9.0, 19.0, 22.0, 19.0, 13.0, 17.0, 11.0, 10.0, 13.0, 14.0, 47.0, 22.0, 13.0, 11.0, 56.0, 11.0, 14.0, 29.0, 22.0, 19.0, 29.0, 26.0, 30.0, 23.0, 24.0, 13.0, 19.0, 17.0, 14.0, 19.0, 24.0, 13.0, 13.0, 14.0, 14.0, 22.0, 17.0, 11.0, 21.0, 20.0, 27.0, 10.0, 12.0, 9.0, 24.0, 15.0, 23.0, 40.0, 16.0, 19.0, 17.0, 15.0, 19.0, 18.0, 13.0, 13.0, 32.0, 31.0, 21.0, 14.0, 12.0, 36.0, 24.0, 39.0, 31.0, 13.0, 33.0, 11.0, 10.0, 10.0, 22.0, 21.0, 13.0, 39.0, 9.0, 12.0, 21.0, 33.0, 11.0, 13.0, 16.0, 13.0, 22.0, 15.0, 23.0, 19.0, 22.0, 19.0, 15.0, 18.0, 25.0, 16.0, 17.0, 16.0, 22.0, 15.0, 56.0, 64.0, 12.0, 13.0, 18.0, 34.0, 17.0, 16.0, 21.0, 11.0, 11.0, 30.0, 27.0, 18.0, 17.0, 13.0, 17.0, 21.0, 12.0, 21.0, 30.0, 15.0, 14.0, 18.0, 13.0, 12.0, 11.0, 11.0, 13.0, 26.0, 10.0, 40.0, 14.0, 28.0, 13.0, 78.0, 38.0, 75.0, 11.0, 10.0, 56.0, 17.0, 16.0, 15.0, 26.0, 17.0, 19.0, 9.0, 13.0, 19.0, 16.0, 16.0, 21.0], "episode_lengths": [10, 16, 39, 37, 21, 15, 10, 29, 33, 14, 13, 13, 17, 27, 17, 13, 31, 21, 34, 12, 13, 20, 27, 18, 12, 16, 39, 22, 36, 23, 19, 15, 11, 11, 37, 25, 18, 32, 13, 29, 13, 9, 19, 22, 19, 13, 17, 11, 10, 13, 14, 47, 22, 13, 11, 56, 11, 14, 29, 22, 19, 29, 26, 30, 23, 24, 13, 19, 17, 14, 19, 24, 13, 13, 14, 14, 22, 17, 11, 21, 20, 27, 10, 12, 9, 24, 15, 23, 40, 16, 19, 17, 15, 19, 18, 13, 13, 32, 31, 21, 14, 12, 36, 24, 39, 31, 13, 33, 11, 10, 10, 22, 21, 13, 39, 9, 12, 21, 33, 11, 13, 16, 13, 22, 15, 23, 19, 22, 19, 15, 18, 25, 16, 17, 16, 22, 15, 56, 64, 12, 13, 18, 34, 17, 16, 21, 11, 11, 30, 27, 18, 17, 13, 17, 21, 12, 21, 30, 15, 14, 18, 13, 12, 11, 11, 13, 26, 10, 40, 14, 28, 13, 78, 38, 75, 11, 10, 56, 17, 16, 15, 26, 17, 19, 9, 13, 19, 16, 16, 21]}, "sampler_perf": {"mean_env_wait_ms": 0.07274144293516464, "mean_processing_ms": 0.18588121877077726, "mean_inference_ms": 0.7586146080324095}, "off_policy_estimator": {}, "num_healthy_workers": 1, "timesteps_total": 4000, "timers": {"sample_time_ms": 5011.837, "sample_throughput": 798.111, "load_time_ms": 51.723, "load_throughput": 77335.03, "learn_time_ms": 3938.111, "learn_throughput": 1015.715, "update_time_ms": 2.918}, "info": {"learner": {"default_policy": {"cur_kl_coeff": 0.20000000298023224, "cur_lr": 0.009999999776482582, "total_loss": 78.55010986328125, "policy_loss": -0.04711969196796417, "vf_loss": 78.59048461914062, "vf_explained_var": 0.28824326395988464, "kl": 0.03373486176133156, "entropy": 0.6607476472854614, "entropy_coeff": 0.0, "model": {}}}, "num_steps_sampled": 4000, "num_steps_trained": 4000}, "done": true, "episodes_total": 190, "training_iteration": 1, "experiment_id": "d791275bcb5d4dd48ade3dba928552c4", "date": "2020-08-18_17-11-44", "timestamp": 1597770704, "time_this_iter_s": 9.14605975151062, "time_total_s": 9.14605975151062, "pid": 10464, "hostname": "terminator-1000", "node_ip": "10.168.0.7", "config": {"num_workers": 1, "num_envs_per_worker": 1, "rollout_fragment_length": 200, "sample_batch_size": -1, "batch_mode": "truncate_episodes", "num_gpus": 0, "train_batch_size": 4000, "model": {"conv_filters": null, "conv_activation": "relu", "fcnet_activation": "tanh", "fcnet_hiddens": [256, 256], "free_log_std": false, "no_final_linear": false, "vf_share_layers": true, "use_lstm": false, "max_seq_len": 20, "lstm_cell_size": 256, "lstm_use_prev_action_reward": false, "state_shape": null, "framestack": true, "dim": 84, "grayscale": false, "zero_mean": true, "custom_model": null, "custom_model_config": {}, "custom_action_dist": null, "custom_preprocessor": null, "custom_options": -1}, "optimizer": {}, "gamma": 0.99, "horizon": null, "soft_horizon": false, "no_done_at_end": false, "env_config": {}, "env": "CartPole-v0", "normalize_actions": false, "clip_rewards": null, "clip_actions": true, "preprocessor_pref": "deepmind", "lr": 0.01, "monitor": false, "log_level": "WARN", "callbacks": "<class 'ray.rllib.agents.callbacks.DefaultCallbacks'>", "ignore_worker_failures": false, "log_sys_usage": true, "fake_sampler": false, "framework": "tf", "eager_tracing": false, "no_eager_on_workers": false, "explore": true, "exploration_config": {"type": "StochasticSampling"}, "evaluation_interval": null, "evaluation_num_episodes": 10, "in_evaluation": false, "evaluation_config": {}, "evaluation_num_workers": 0, "custom_eval_function": null, "sample_async": false, "observation_filter": "NoFilter", "synchronize_filters": true, "tf_session_args": {"intra_op_parallelism_threads": 2, "inter_op_parallelism_threads": 2, "gpu_options": {"allow_growth": true}, "log_device_placement": false, "device_count": {"CPU": 1}, "allow_soft_placement": true}, "local_tf_session_args": {"intra_op_parallelism_threads": 8, "inter_op_parallelism_threads": 8}, "compress_observations": false, "collect_metrics_timeout": 180, "metrics_smoothing_episodes": 100, "remote_worker_envs": false, "remote_env_batch_wait_ms": 0, "min_iter_time_s": 0, "timesteps_per_iteration": 0, "seed": null, "extra_python_environs_for_driver": {}, "extra_python_environs_for_worker": {}, "num_cpus_per_worker": 1, "num_gpus_per_worker": 0, "custom_resources_per_worker": {}, "num_cpus_for_driver": 1, "memory": 0, "object_store_memory": 0, "memory_per_worker": 0, "object_store_memory_per_worker": 0, "input": "sampler", "input_evaluation": ["is", "wis"], "postprocess_inputs": false, "shuffle_buffer_size": 0, "output": null, "output_compress_columns": ["obs", "new_obs"], "output_max_file_size": 67108864, "multiagent": {"policies": {}, "policy_mapping_fn": null, "policies_to_train": null, "observation_fn": null}, "use_pytorch": -1, "use_critic": true, "use_gae": true, "lambda": 1.0, "kl_coeff": 0.2, "sgd_minibatch_size": 128, "shuffle_sequences": true, "num_sgd_iter": 30, "lr_schedule": null, "vf_share_layers": false, "vf_loss_coeff": 1.0, "entropy_coeff": 0.0, "entropy_coeff_schedule": null, "clip_param": 0.3, "vf_clip_param": 10.0, "grad_clip": null, "kl_target": 0.01, "simple_optimizer": false, "_fake_gpus": false}, "time_since_restore": 9.14605975151062, "timesteps_since_restore": 0, "iterations_since_restore": 1, "perf": {"cpu_util_percent": 37.69285714285714, "ram_util_percent": 3.528571428571429}, "trial_id": "dc208_00000", "experiment_tag": "0_lr=0.01"}
