{"episode_reward_max": 84.0, "episode_reward_min": 9.0, "episode_reward_mean": 22.312849162011172, "episode_len_mean": 22.312849162011172, "episodes_this_iter": 179, "policy_reward_min": {}, "policy_reward_max": {}, "policy_reward_mean": {}, "custom_metrics": {}, "hist_stats": {"episode_reward": [32.0, 15.0, 24.0, 26.0, 47.0, 13.0, 23.0, 16.0, 45.0, 41.0, 29.0, 12.0, 15.0, 11.0, 13.0, 18.0, 17.0, 20.0, 14.0, 18.0, 31.0, 15.0, 17.0, 18.0, 13.0, 14.0, 45.0, 21.0, 38.0, 31.0, 12.0, 20.0, 19.0, 19.0, 33.0, 22.0, 15.0, 10.0, 32.0, 15.0, 21.0, 36.0, 31.0, 11.0, 10.0, 13.0, 15.0, 38.0, 15.0, 25.0, 22.0, 19.0, 26.0, 13.0, 18.0, 10.0, 10.0, 12.0, 12.0, 28.0, 32.0, 15.0, 35.0, 15.0, 28.0, 26.0, 15.0, 19.0, 14.0, 16.0, 22.0, 17.0, 15.0, 17.0, 22.0, 12.0, 14.0, 15.0, 24.0, 29.0, 32.0, 18.0, 43.0, 36.0, 16.0, 18.0, 21.0, 25.0, 14.0, 16.0, 10.0, 18.0, 30.0, 17.0, 18.0, 24.0, 21.0, 13.0, 66.0, 15.0, 32.0, 40.0, 19.0, 13.0, 17.0, 28.0, 46.0, 15.0, 25.0, 15.0, 12.0, 11.0, 43.0, 14.0, 31.0, 18.0, 22.0, 13.0, 17.0, 22.0, 33.0, 16.0, 36.0, 13.0, 15.0, 19.0, 11.0, 13.0, 23.0, 17.0, 59.0, 42.0, 23.0, 13.0, 16.0, 39.0, 11.0, 14.0, 28.0, 18.0, 22.0, 29.0, 22.0, 16.0, 20.0, 38.0, 42.0, 12.0, 84.0, 14.0, 46.0, 20.0, 15.0, 31.0, 16.0, 20.0, 38.0, 20.0, 20.0, 9.0, 21.0, 22.0, 20.0, 11.0, 37.0, 15.0, 12.0, 22.0, 21.0, 22.0, 54.0, 20.0, 14.0, 15.0, 34.0, 17.0, 13.0, 16.0, 15.0], "episode_lengths": [32, 15, 24, 26, 47, 13, 23, 16, 45, 41, 29, 12, 15, 11, 13, 18, 17, 20, 14, 18, 31, 15, 17, 18, 13, 14, 45, 21, 38, 31, 12, 20, 19, 19, 33, 22, 15, 10, 32, 15, 21, 36, 31, 11, 10, 13, 15, 38, 15, 25, 22, 19, 26, 13, 18, 10, 10, 12, 12, 28, 32, 15, 35, 15, 28, 26, 15, 19, 14, 16, 22, 17, 15, 17, 22, 12, 14, 15, 24, 29, 32, 18, 43, 36, 16, 18, 21, 25, 14, 16, 10, 18, 30, 17, 18, 24, 21, 13, 66, 15, 32, 40, 19, 13, 17, 28, 46, 15, 25, 15, 12, 11, 43, 14, 31, 18, 22, 13, 17, 22, 33, 16, 36, 13, 15, 19, 11, 13, 23, 17, 59, 42, 23, 13, 16, 39, 11, 14, 28, 18, 22, 29, 22, 16, 20, 38, 42, 12, 84, 14, 46, 20, 15, 31, 16, 20, 38, 20, 20, 9, 21, 22, 20, 11, 37, 15, 12, 22, 21, 22, 54, 20, 14, 15, 34, 17, 13, 16, 15]}, "sampler_perf": {"mean_env_wait_ms": 0.0743969652957244, "mean_processing_ms": 0.1831285895719674, "mean_inference_ms": 0.7702409252766461}, "off_policy_estimator": {}, "num_healthy_workers": 1, "timesteps_total": 4000, "timers": {"sample_time_ms": 5090.099, "sample_throughput": 785.839, "load_time_ms": 46.207, "load_throughput": 86567.062, "learn_time_ms": 3866.251, "learn_throughput": 1034.594, "update_time_ms": 2.746}, "info": {"learner": {"default_policy": {"cur_kl_coeff": 0.20000000298023224, "cur_lr": 0.0010000000474974513, "total_loss": 83.09645080566406, "policy_loss": -0.04760945960879326, "vf_loss": 83.13695526123047, "vf_explained_var": 0.2832116186618805, "kl": 0.03550700843334198, "entropy": 0.6584521532058716, "entropy_coeff": 0.0, "model": {}}}, "num_steps_sampled": 4000, "num_steps_trained": 4000}, "done": true, "episodes_total": 179, "training_iteration": 1, "experiment_id": "ed5dddaeb358426a9a7a5ddd6555e0c3", "date": "2020-08-18_17-56-36", "timestamp": 1597773396, "time_this_iter_s": 9.130658864974976, "time_total_s": 9.130658864974976, "pid": 14708, "hostname": "terminator-1000", "node_ip": "10.168.0.7", "config": {"num_workers": 1, "num_envs_per_worker": 1, "rollout_fragment_length": 200, "sample_batch_size": -1, "batch_mode": "truncate_episodes", "num_gpus": 0, "train_batch_size": 4000, "model": {"conv_filters": null, "conv_activation": "relu", "fcnet_activation": "tanh", "fcnet_hiddens": [256, 256], "free_log_std": false, "no_final_linear": false, "vf_share_layers": true, "use_lstm": false, "max_seq_len": 20, "lstm_cell_size": 256, "lstm_use_prev_action_reward": false, "state_shape": null, "framestack": true, "dim": 84, "grayscale": false, "zero_mean": true, "custom_model": null, "custom_model_config": {}, "custom_action_dist": null, "custom_preprocessor": null, "custom_options": -1}, "optimizer": {}, "gamma": 0.99, "horizon": null, "soft_horizon": false, "no_done_at_end": false, "env_config": {}, "env": "CartPole-v0", "normalize_actions": false, "clip_rewards": null, "clip_actions": true, "preprocessor_pref": "deepmind", "lr": 0.001, "monitor": false, "log_level": "WARN", "callbacks": "<class 'ray.rllib.agents.callbacks.DefaultCallbacks'>", "ignore_worker_failures": false, "log_sys_usage": true, "fake_sampler": false, "framework": "tf", "eager_tracing": false, "no_eager_on_workers": false, "explore": true, "exploration_config": {"type": "StochasticSampling"}, "evaluation_interval": null, "evaluation_num_episodes": 10, "in_evaluation": false, "evaluation_config": {}, "evaluation_num_workers": 0, "custom_eval_function": null, "sample_async": false, "observation_filter": "NoFilter", "synchronize_filters": true, "tf_session_args": {"intra_op_parallelism_threads": 2, "inter_op_parallelism_threads": 2, "gpu_options": {"allow_growth": true}, "log_device_placement": false, "device_count": {"CPU": 1}, "allow_soft_placement": true}, "local_tf_session_args": {"intra_op_parallelism_threads": 8, "inter_op_parallelism_threads": 8}, "compress_observations": false, "collect_metrics_timeout": 180, "metrics_smoothing_episodes": 100, "remote_worker_envs": false, "remote_env_batch_wait_ms": 0, "min_iter_time_s": 0, "timesteps_per_iteration": 0, "seed": null, "extra_python_environs_for_driver": {}, "extra_python_environs_for_worker": {}, "num_cpus_per_worker": 1, "num_gpus_per_worker": 0, "custom_resources_per_worker": {}, "num_cpus_for_driver": 1, "memory": 0, "object_store_memory": 0, "memory_per_worker": 0, "object_store_memory_per_worker": 0, "input": "sampler", "input_evaluation": ["is", "wis"], "postprocess_inputs": false, "shuffle_buffer_size": 0, "output": null, "output_compress_columns": ["obs", "new_obs"], "output_max_file_size": 67108864, "multiagent": {"policies": {}, "policy_mapping_fn": null, "policies_to_train": null, "observation_fn": null}, "use_pytorch": -1, "use_critic": true, "use_gae": true, "lambda": 1.0, "kl_coeff": 0.2, "sgd_minibatch_size": 128, "shuffle_sequences": true, "num_sgd_iter": 30, "lr_schedule": null, "vf_share_layers": false, "vf_loss_coeff": 1.0, "entropy_coeff": 0.0, "entropy_coeff_schedule": null, "clip_param": 0.3, "vf_clip_param": 10.0, "grad_clip": null, "kl_target": 0.01, "simple_optimizer": false, "_fake_gpus": false}, "time_since_restore": 9.130658864974976, "timesteps_since_restore": 0, "iterations_since_restore": 1, "perf": {"cpu_util_percent": 37.31428571428571, "ram_util_percent": 3.535714285714286}, "trial_id": "20c3f_00001", "experiment_tag": "1_lr=0.001"}
