{"episode_reward_max": 95.0, "episode_reward_min": 10.0, "episode_reward_mean": 21.403225806451612, "episode_len_mean": 21.403225806451612, "episodes_this_iter": 186, "policy_reward_min": {}, "policy_reward_max": {}, "policy_reward_mean": {}, "custom_metrics": {}, "hist_stats": {"episode_reward": [12.0, 19.0, 21.0, 40.0, 21.0, 27.0, 27.0, 16.0, 29.0, 13.0, 14.0, 10.0, 29.0, 15.0, 16.0, 18.0, 10.0, 16.0, 55.0, 15.0, 17.0, 11.0, 11.0, 26.0, 12.0, 18.0, 48.0, 24.0, 10.0, 95.0, 20.0, 26.0, 19.0, 14.0, 18.0, 12.0, 22.0, 24.0, 31.0, 22.0, 13.0, 14.0, 16.0, 13.0, 24.0, 12.0, 18.0, 13.0, 19.0, 20.0, 50.0, 15.0, 17.0, 37.0, 15.0, 26.0, 22.0, 24.0, 18.0, 11.0, 22.0, 37.0, 16.0, 21.0, 17.0, 33.0, 18.0, 46.0, 32.0, 16.0, 26.0, 46.0, 12.0, 24.0, 14.0, 24.0, 15.0, 31.0, 26.0, 10.0, 14.0, 11.0, 22.0, 14.0, 17.0, 30.0, 12.0, 16.0, 18.0, 28.0, 37.0, 39.0, 27.0, 59.0, 21.0, 17.0, 35.0, 15.0, 13.0, 10.0, 24.0, 19.0, 19.0, 15.0, 32.0, 16.0, 27.0, 14.0, 21.0, 11.0, 15.0, 28.0, 23.0, 13.0, 21.0, 15.0, 20.0, 33.0, 20.0, 24.0, 26.0, 35.0, 14.0, 15.0, 14.0, 27.0, 14.0, 26.0, 13.0, 15.0, 16.0, 15.0, 29.0, 14.0, 36.0, 11.0, 12.0, 19.0, 11.0, 18.0, 13.0, 23.0, 26.0, 41.0, 27.0, 13.0, 40.0, 19.0, 25.0, 10.0, 14.0, 21.0, 17.0, 10.0, 14.0, 16.0, 39.0, 16.0, 25.0, 18.0, 29.0, 15.0, 52.0, 13.0, 11.0, 10.0, 33.0, 24.0, 19.0, 38.0, 13.0, 11.0, 14.0, 12.0, 14.0, 35.0, 10.0, 16.0, 15.0, 25.0, 18.0, 10.0, 22.0, 23.0, 23.0, 18.0], "episode_lengths": [12, 19, 21, 40, 21, 27, 27, 16, 29, 13, 14, 10, 29, 15, 16, 18, 10, 16, 55, 15, 17, 11, 11, 26, 12, 18, 48, 24, 10, 95, 20, 26, 19, 14, 18, 12, 22, 24, 31, 22, 13, 14, 16, 13, 24, 12, 18, 13, 19, 20, 50, 15, 17, 37, 15, 26, 22, 24, 18, 11, 22, 37, 16, 21, 17, 33, 18, 46, 32, 16, 26, 46, 12, 24, 14, 24, 15, 31, 26, 10, 14, 11, 22, 14, 17, 30, 12, 16, 18, 28, 37, 39, 27, 59, 21, 17, 35, 15, 13, 10, 24, 19, 19, 15, 32, 16, 27, 14, 21, 11, 15, 28, 23, 13, 21, 15, 20, 33, 20, 24, 26, 35, 14, 15, 14, 27, 14, 26, 13, 15, 16, 15, 29, 14, 36, 11, 12, 19, 11, 18, 13, 23, 26, 41, 27, 13, 40, 19, 25, 10, 14, 21, 17, 10, 14, 16, 39, 16, 25, 18, 29, 15, 52, 13, 11, 10, 33, 24, 19, 38, 13, 11, 14, 12, 14, 35, 10, 16, 15, 25, 18, 10, 22, 23, 23, 18]}, "sampler_perf": {"mean_env_wait_ms": 0.0731041061374671, "mean_processing_ms": 0.1831593974713414, "mean_inference_ms": 0.7559522573008175}, "off_policy_estimator": {}, "num_healthy_workers": 1, "timesteps_total": 4000, "timers": {"sample_time_ms": 5054.393, "sample_throughput": 791.391, "load_time_ms": 50.723, "load_throughput": 78859.942, "learn_time_ms": 3952.788, "learn_throughput": 1011.944, "update_time_ms": 2.334}, "info": {"learner": {"default_policy": {"cur_kl_coeff": 0.20000000298023224, "cur_lr": 0.0010000000474974513, "total_loss": 76.4095230102539, "policy_loss": -0.05111880227923393, "vf_loss": 76.45260620117188, "vf_explained_var": 0.29968830943107605, "kl": 0.04020238667726517, "entropy": 0.654412031173706, "entropy_coeff": 0.0, "model": {}}}, "num_steps_sampled": 4000, "num_steps_trained": 4000}, "done": true, "episodes_total": 186, "training_iteration": 1, "experiment_id": "577abbd2d6fd4536b91bdd68395f5dc9", "date": "2020-08-18_17-11-44", "timestamp": 1597770704, "time_this_iter_s": 9.187262535095215, "time_total_s": 9.187262535095215, "pid": 10462, "hostname": "terminator-1000", "node_ip": "10.168.0.7", "config": {"num_workers": 1, "num_envs_per_worker": 1, "rollout_fragment_length": 200, "sample_batch_size": -1, "batch_mode": "truncate_episodes", "num_gpus": 0, "train_batch_size": 4000, "model": {"conv_filters": null, "conv_activation": "relu", "fcnet_activation": "tanh", "fcnet_hiddens": [256, 256], "free_log_std": false, "no_final_linear": false, "vf_share_layers": true, "use_lstm": false, "max_seq_len": 20, "lstm_cell_size": 256, "lstm_use_prev_action_reward": false, "state_shape": null, "framestack": true, "dim": 84, "grayscale": false, "zero_mean": true, "custom_model": null, "custom_model_config": {}, "custom_action_dist": null, "custom_preprocessor": null, "custom_options": -1}, "optimizer": {}, "gamma": 0.99, "horizon": null, "soft_horizon": false, "no_done_at_end": false, "env_config": {}, "env": "CartPole-v0", "normalize_actions": false, "clip_rewards": null, "clip_actions": true, "preprocessor_pref": "deepmind", "lr": 0.001, "monitor": false, "log_level": "WARN", "callbacks": "<class 'ray.rllib.agents.callbacks.DefaultCallbacks'>", "ignore_worker_failures": false, "log_sys_usage": true, "fake_sampler": false, "framework": "tf", "eager_tracing": false, "no_eager_on_workers": false, "explore": true, "exploration_config": {"type": "StochasticSampling"}, "evaluation_interval": null, "evaluation_num_episodes": 10, "in_evaluation": false, "evaluation_config": {}, "evaluation_num_workers": 0, "custom_eval_function": null, "sample_async": false, "observation_filter": "NoFilter", "synchronize_filters": true, "tf_session_args": {"intra_op_parallelism_threads": 2, "inter_op_parallelism_threads": 2, "gpu_options": {"allow_growth": true}, "log_device_placement": false, "device_count": {"CPU": 1}, "allow_soft_placement": true}, "local_tf_session_args": {"intra_op_parallelism_threads": 8, "inter_op_parallelism_threads": 8}, "compress_observations": false, "collect_metrics_timeout": 180, "metrics_smoothing_episodes": 100, "remote_worker_envs": false, "remote_env_batch_wait_ms": 0, "min_iter_time_s": 0, "timesteps_per_iteration": 0, "seed": null, "extra_python_environs_for_driver": {}, "extra_python_environs_for_worker": {}, "num_cpus_per_worker": 1, "num_gpus_per_worker": 0, "custom_resources_per_worker": {}, "num_cpus_for_driver": 1, "memory": 0, "object_store_memory": 0, "memory_per_worker": 0, "object_store_memory_per_worker": 0, "input": "sampler", "input_evaluation": ["is", "wis"], "postprocess_inputs": false, "shuffle_buffer_size": 0, "output": null, "output_compress_columns": ["obs", "new_obs"], "output_max_file_size": 67108864, "multiagent": {"policies": {}, "policy_mapping_fn": null, "policies_to_train": null, "observation_fn": null}, "use_pytorch": -1, "use_critic": true, "use_gae": true, "lambda": 1.0, "kl_coeff": 0.2, "sgd_minibatch_size": 128, "shuffle_sequences": true, "num_sgd_iter": 30, "lr_schedule": null, "vf_share_layers": false, "vf_loss_coeff": 1.0, "entropy_coeff": 0.0, "entropy_coeff_schedule": null, "clip_param": 0.3, "vf_clip_param": 10.0, "grad_clip": null, "kl_target": 0.01, "simple_optimizer": false, "_fake_gpus": false}, "time_since_restore": 9.187262535095215, "timesteps_since_restore": 0, "iterations_since_restore": 1, "perf": {"cpu_util_percent": 37.79285714285714, "ram_util_percent": 3.528571428571429}, "trial_id": "dc208_00001", "experiment_tag": "1_lr=0.001"}
