{"episode_reward_max": 128.0, "episode_reward_min": 8.0, "episode_reward_mean": 22.89080459770115, "episode_len_mean": 22.89080459770115, "episodes_this_iter": 174, "policy_reward_min": {}, "policy_reward_max": {}, "policy_reward_mean": {}, "custom_metrics": {}, "hist_stats": {"episode_reward": [11.0, 21.0, 15.0, 20.0, 10.0, 79.0, 15.0, 22.0, 14.0, 36.0, 9.0, 16.0, 57.0, 13.0, 12.0, 16.0, 14.0, 21.0, 19.0, 16.0, 21.0, 21.0, 38.0, 12.0, 12.0, 71.0, 14.0, 25.0, 34.0, 36.0, 16.0, 11.0, 12.0, 13.0, 12.0, 24.0, 21.0, 19.0, 128.0, 14.0, 26.0, 21.0, 29.0, 45.0, 18.0, 15.0, 14.0, 24.0, 20.0, 20.0, 24.0, 12.0, 22.0, 19.0, 33.0, 32.0, 11.0, 40.0, 14.0, 14.0, 28.0, 16.0, 27.0, 11.0, 15.0, 14.0, 8.0, 22.0, 19.0, 15.0, 10.0, 14.0, 16.0, 12.0, 23.0, 25.0, 37.0, 16.0, 20.0, 26.0, 30.0, 12.0, 19.0, 19.0, 17.0, 19.0, 47.0, 16.0, 47.0, 29.0, 16.0, 15.0, 43.0, 27.0, 16.0, 27.0, 16.0, 30.0, 11.0, 22.0, 23.0, 22.0, 32.0, 11.0, 12.0, 14.0, 13.0, 24.0, 21.0, 14.0, 22.0, 10.0, 12.0, 16.0, 53.0, 14.0, 34.0, 18.0, 17.0, 44.0, 21.0, 14.0, 13.0, 11.0, 13.0, 44.0, 17.0, 12.0, 21.0, 22.0, 51.0, 43.0, 12.0, 23.0, 20.0, 17.0, 29.0, 14.0, 19.0, 25.0, 34.0, 30.0, 20.0, 12.0, 23.0, 21.0, 13.0, 21.0, 72.0, 21.0, 11.0, 24.0, 13.0, 23.0, 22.0, 22.0, 17.0, 32.0, 30.0, 17.0, 14.0, 29.0, 26.0, 34.0, 31.0, 32.0, 21.0, 17.0, 14.0, 25.0, 18.0, 21.0, 50.0, 11.0], "episode_lengths": [11, 21, 15, 20, 10, 79, 15, 22, 14, 36, 9, 16, 57, 13, 12, 16, 14, 21, 19, 16, 21, 21, 38, 12, 12, 71, 14, 25, 34, 36, 16, 11, 12, 13, 12, 24, 21, 19, 128, 14, 26, 21, 29, 45, 18, 15, 14, 24, 20, 20, 24, 12, 22, 19, 33, 32, 11, 40, 14, 14, 28, 16, 27, 11, 15, 14, 8, 22, 19, 15, 10, 14, 16, 12, 23, 25, 37, 16, 20, 26, 30, 12, 19, 19, 17, 19, 47, 16, 47, 29, 16, 15, 43, 27, 16, 27, 16, 30, 11, 22, 23, 22, 32, 11, 12, 14, 13, 24, 21, 14, 22, 10, 12, 16, 53, 14, 34, 18, 17, 44, 21, 14, 13, 11, 13, 44, 17, 12, 21, 22, 51, 43, 12, 23, 20, 17, 29, 14, 19, 25, 34, 30, 20, 12, 23, 21, 13, 21, 72, 21, 11, 24, 13, 23, 22, 22, 17, 32, 30, 17, 14, 29, 26, 34, 31, 32, 21, 17, 14, 25, 18, 21, 50, 11]}, "sampler_perf": {"mean_env_wait_ms": 0.07103479257138841, "mean_processing_ms": 0.18287586945350448, "mean_inference_ms": 0.74713994669515}, "off_policy_estimator": {}, "num_healthy_workers": 1, "timesteps_total": 4000, "timers": {"sample_time_ms": 4972.252, "sample_throughput": 804.464, "load_time_ms": 49.408, "load_throughput": 80959.007, "learn_time_ms": 3946.384, "learn_throughput": 1013.586, "update_time_ms": 3.088}, "info": {"learner": {"default_policy": {"cur_kl_coeff": 0.20000000298023224, "cur_lr": 0.0010000000474974513, "total_loss": 133.017578125, "policy_loss": -0.047823477536439896, "vf_loss": 133.0578155517578, "vf_explained_var": 0.20741942524909973, "kl": 0.0378684364259243, "entropy": 0.6564818620681763, "entropy_coeff": 0.0, "model": {}}}, "num_steps_sampled": 4000, "num_steps_trained": 4000}, "done": true, "episodes_total": 174, "training_iteration": 1, "experiment_id": "451bf29498ea4ae5b624944aecbb5522", "date": "2020-08-18_17-25-09", "timestamp": 1597771509, "time_this_iter_s": 9.138575077056885, "time_total_s": 9.138575077056885, "pid": 12200, "hostname": "terminator-1000", "node_ip": "10.168.0.7", "config": {"num_workers": 1, "num_envs_per_worker": 1, "rollout_fragment_length": 200, "sample_batch_size": -1, "batch_mode": "truncate_episodes", "num_gpus": 0, "train_batch_size": 4000, "model": {"conv_filters": null, "conv_activation": "relu", "fcnet_activation": "tanh", "fcnet_hiddens": [256, 256], "free_log_std": false, "no_final_linear": false, "vf_share_layers": true, "use_lstm": false, "max_seq_len": 20, "lstm_cell_size": 256, "lstm_use_prev_action_reward": false, "state_shape": null, "framestack": true, "dim": 84, "grayscale": false, "zero_mean": true, "custom_model": null, "custom_model_config": {}, "custom_action_dist": null, "custom_preprocessor": null, "custom_options": -1}, "optimizer": {}, "gamma": 0.99, "horizon": null, "soft_horizon": false, "no_done_at_end": false, "env_config": {}, "env": "CartPole-v0", "normalize_actions": false, "clip_rewards": null, "clip_actions": true, "preprocessor_pref": "deepmind", "lr": 0.001, "monitor": false, "log_level": "WARN", "callbacks": "<class 'ray.rllib.agents.callbacks.DefaultCallbacks'>", "ignore_worker_failures": false, "log_sys_usage": true, "fake_sampler": false, "framework": "tf", "eager_tracing": false, "no_eager_on_workers": false, "explore": true, "exploration_config": {"type": "StochasticSampling"}, "evaluation_interval": null, "evaluation_num_episodes": 10, "in_evaluation": false, "evaluation_config": {}, "evaluation_num_workers": 0, "custom_eval_function": null, "sample_async": false, "observation_filter": "NoFilter", "synchronize_filters": true, "tf_session_args": {"intra_op_parallelism_threads": 2, "inter_op_parallelism_threads": 2, "gpu_options": {"allow_growth": true}, "log_device_placement": false, "device_count": {"CPU": 1}, "allow_soft_placement": true}, "local_tf_session_args": {"intra_op_parallelism_threads": 8, "inter_op_parallelism_threads": 8}, "compress_observations": false, "collect_metrics_timeout": 180, "metrics_smoothing_episodes": 100, "remote_worker_envs": false, "remote_env_batch_wait_ms": 0, "min_iter_time_s": 0, "timesteps_per_iteration": 0, "seed": null, "extra_python_environs_for_driver": {}, "extra_python_environs_for_worker": {}, "num_cpus_per_worker": 1, "num_gpus_per_worker": 0, "custom_resources_per_worker": {}, "num_cpus_for_driver": 1, "memory": 0, "object_store_memory": 0, "memory_per_worker": 0, "object_store_memory_per_worker": 0, "input": "sampler", "input_evaluation": ["is", "wis"], "postprocess_inputs": false, "shuffle_buffer_size": 0, "output": null, "output_compress_columns": ["obs", "new_obs"], "output_max_file_size": 67108864, "multiagent": {"policies": {}, "policy_mapping_fn": null, "policies_to_train": null, "observation_fn": null}, "use_pytorch": -1, "use_critic": true, "use_gae": true, "lambda": 1.0, "kl_coeff": 0.2, "sgd_minibatch_size": 128, "shuffle_sequences": true, "num_sgd_iter": 30, "lr_schedule": null, "vf_share_layers": false, "vf_loss_coeff": 1.0, "entropy_coeff": 0.0, "entropy_coeff_schedule": null, "clip_param": 0.3, "vf_clip_param": 10.0, "grad_clip": null, "kl_target": 0.01, "simple_optimizer": false, "_fake_gpus": false}, "time_since_restore": 9.138575077056885, "timesteps_since_restore": 0, "iterations_since_restore": 1, "perf": {"cpu_util_percent": 38.392857142857146, "ram_util_percent": 3.528571428571429}, "trial_id": "bbf33_00001", "experiment_tag": "1_lr=0.001"}
