{"episode_reward_max": 58.0, "episode_reward_min": 9.0, "episode_reward_mean": 22.241573033707866, "episode_len_mean": 22.241573033707866, "episodes_this_iter": 178, "policy_reward_min": {}, "policy_reward_max": {}, "policy_reward_mean": {}, "custom_metrics": {}, "hist_stats": {"episode_reward": [14.0, 17.0, 32.0, 15.0, 25.0, 11.0, 34.0, 19.0, 25.0, 23.0, 25.0, 17.0, 20.0, 58.0, 17.0, 10.0, 15.0, 15.0, 18.0, 22.0, 21.0, 9.0, 14.0, 30.0, 13.0, 29.0, 31.0, 27.0, 19.0, 55.0, 18.0, 25.0, 55.0, 11.0, 11.0, 27.0, 12.0, 14.0, 26.0, 31.0, 28.0, 9.0, 34.0, 14.0, 35.0, 23.0, 13.0, 18.0, 12.0, 18.0, 19.0, 11.0, 17.0, 19.0, 12.0, 17.0, 49.0, 12.0, 35.0, 13.0, 23.0, 24.0, 12.0, 19.0, 15.0, 24.0, 12.0, 22.0, 25.0, 54.0, 26.0, 23.0, 56.0, 12.0, 20.0, 9.0, 32.0, 22.0, 25.0, 12.0, 46.0, 26.0, 13.0, 13.0, 16.0, 13.0, 20.0, 31.0, 23.0, 20.0, 26.0, 24.0, 21.0, 25.0, 10.0, 25.0, 26.0, 14.0, 20.0, 22.0, 21.0, 10.0, 18.0, 13.0, 24.0, 21.0, 13.0, 31.0, 20.0, 25.0, 13.0, 17.0, 54.0, 49.0, 22.0, 19.0, 22.0, 35.0, 28.0, 23.0, 13.0, 14.0, 13.0, 15.0, 12.0, 24.0, 18.0, 15.0, 24.0, 35.0, 16.0, 15.0, 14.0, 11.0, 37.0, 14.0, 13.0, 16.0, 12.0, 15.0, 31.0, 41.0, 23.0, 27.0, 48.0, 17.0, 15.0, 35.0, 19.0, 30.0, 25.0, 41.0, 19.0, 19.0, 38.0, 14.0, 20.0, 13.0, 10.0, 47.0, 16.0, 25.0, 14.0, 13.0, 40.0, 39.0, 15.0, 11.0, 32.0, 20.0, 11.0, 33.0, 24.0, 12.0, 11.0, 35.0, 12.0, 21.0], "episode_lengths": [14, 17, 32, 15, 25, 11, 34, 19, 25, 23, 25, 17, 20, 58, 17, 10, 15, 15, 18, 22, 21, 9, 14, 30, 13, 29, 31, 27, 19, 55, 18, 25, 55, 11, 11, 27, 12, 14, 26, 31, 28, 9, 34, 14, 35, 23, 13, 18, 12, 18, 19, 11, 17, 19, 12, 17, 49, 12, 35, 13, 23, 24, 12, 19, 15, 24, 12, 22, 25, 54, 26, 23, 56, 12, 20, 9, 32, 22, 25, 12, 46, 26, 13, 13, 16, 13, 20, 31, 23, 20, 26, 24, 21, 25, 10, 25, 26, 14, 20, 22, 21, 10, 18, 13, 24, 21, 13, 31, 20, 25, 13, 17, 54, 49, 22, 19, 22, 35, 28, 23, 13, 14, 13, 15, 12, 24, 18, 15, 24, 35, 16, 15, 14, 11, 37, 14, 13, 16, 12, 15, 31, 41, 23, 27, 48, 17, 15, 35, 19, 30, 25, 41, 19, 19, 38, 14, 20, 13, 10, 47, 16, 25, 14, 13, 40, 39, 15, 11, 32, 20, 11, 33, 24, 12, 11, 35, 12, 21]}, "sampler_perf": {"mean_env_wait_ms": 0.07169766892078248, "mean_processing_ms": 0.18154779275457014, "mean_inference_ms": 0.7596584416365391}, "off_policy_estimator": {}, "num_healthy_workers": 1, "timesteps_total": 4000, "timers": {"sample_time_ms": 4983.924, "sample_throughput": 802.581, "load_time_ms": 48.932, "load_throughput": 81746.767, "learn_time_ms": 3883.551, "learn_throughput": 1029.985, "update_time_ms": 2.828}, "info": {"learner": {"default_policy": {"cur_kl_coeff": 0.20000000298023224, "cur_lr": 0.0010000000474974513, "total_loss": 73.9553451538086, "policy_loss": -0.04805394634604454, "vf_loss": 73.99581909179688, "vf_explained_var": 0.2882947027683258, "kl": 0.037918806076049805, "entropy": 0.6564573049545288, "entropy_coeff": 0.0, "model": {}}}, "num_steps_sampled": 4000, "num_steps_trained": 4000}, "done": true, "episodes_total": 178, "training_iteration": 1, "experiment_id": "bdc0a17c2e2747168d9350edd67e88ab", "date": "2020-08-18_17-49-30", "timestamp": 1597772970, "time_this_iter_s": 9.060041189193726, "time_total_s": 9.060041189193726, "pid": 13561, "hostname": "terminator-1000", "node_ip": "10.168.0.7", "config": {"num_workers": 1, "num_envs_per_worker": 1, "rollout_fragment_length": 200, "sample_batch_size": -1, "batch_mode": "truncate_episodes", "num_gpus": 0, "train_batch_size": 4000, "model": {"conv_filters": null, "conv_activation": "relu", "fcnet_activation": "tanh", "fcnet_hiddens": [256, 256], "free_log_std": false, "no_final_linear": false, "vf_share_layers": true, "use_lstm": false, "max_seq_len": 20, "lstm_cell_size": 256, "lstm_use_prev_action_reward": false, "state_shape": null, "framestack": true, "dim": 84, "grayscale": false, "zero_mean": true, "custom_model": null, "custom_model_config": {}, "custom_action_dist": null, "custom_preprocessor": null, "custom_options": -1}, "optimizer": {}, "gamma": 0.99, "horizon": null, "soft_horizon": false, "no_done_at_end": false, "env_config": {}, "env": "CartPole-v0", "normalize_actions": false, "clip_rewards": null, "clip_actions": true, "preprocessor_pref": "deepmind", "lr": 0.001, "monitor": false, "log_level": "WARN", "callbacks": "<class 'ray.rllib.agents.callbacks.DefaultCallbacks'>", "ignore_worker_failures": false, "log_sys_usage": true, "fake_sampler": false, "framework": "tf", "eager_tracing": false, "no_eager_on_workers": false, "explore": true, "exploration_config": {"type": "StochasticSampling"}, "evaluation_interval": null, "evaluation_num_episodes": 10, "in_evaluation": false, "evaluation_config": {}, "evaluation_num_workers": 0, "custom_eval_function": null, "sample_async": false, "observation_filter": "NoFilter", "synchronize_filters": true, "tf_session_args": {"intra_op_parallelism_threads": 2, "inter_op_parallelism_threads": 2, "gpu_options": {"allow_growth": true}, "log_device_placement": false, "device_count": {"CPU": 1}, "allow_soft_placement": true}, "local_tf_session_args": {"intra_op_parallelism_threads": 8, "inter_op_parallelism_threads": 8}, "compress_observations": false, "collect_metrics_timeout": 180, "metrics_smoothing_episodes": 100, "remote_worker_envs": false, "remote_env_batch_wait_ms": 0, "min_iter_time_s": 0, "timesteps_per_iteration": 0, "seed": null, "extra_python_environs_for_driver": {}, "extra_python_environs_for_worker": {}, "num_cpus_per_worker": 1, "num_gpus_per_worker": 0, "custom_resources_per_worker": {}, "num_cpus_for_driver": 1, "memory": 0, "object_store_memory": 0, "memory_per_worker": 0, "object_store_memory_per_worker": 0, "input": "sampler", "input_evaluation": ["is", "wis"], "postprocess_inputs": false, "shuffle_buffer_size": 0, "output": null, "output_compress_columns": ["obs", "new_obs"], "output_max_file_size": 67108864, "multiagent": {"policies": {}, "policy_mapping_fn": null, "policies_to_train": null, "observation_fn": null}, "use_pytorch": -1, "use_critic": true, "use_gae": true, "lambda": 1.0, "kl_coeff": 0.2, "sgd_minibatch_size": 128, "shuffle_sequences": true, "num_sgd_iter": 30, "lr_schedule": null, "vf_share_layers": false, "vf_loss_coeff": 1.0, "entropy_coeff": 0.0, "entropy_coeff_schedule": null, "clip_param": 0.3, "vf_clip_param": 10.0, "grad_clip": null, "kl_target": 0.01, "simple_optimizer": false, "_fake_gpus": false}, "time_since_restore": 9.060041189193726, "timesteps_since_restore": 0, "iterations_since_restore": 1, "perf": {"cpu_util_percent": 36.9, "ram_util_percent": 3.5230769230769234}, "trial_id": "22e8e_00001", "experiment_tag": "1_lr=0.001"}
