{"episode_reward_max": 95.0, "episode_reward_min": 8.0, "episode_reward_mean": 21.722826086956523, "episode_len_mean": 21.722826086956523, "episodes_this_iter": 184, "policy_reward_min": {}, "policy_reward_max": {}, "policy_reward_mean": {}, "custom_metrics": {}, "hist_stats": {"episode_reward": [12.0, 14.0, 23.0, 15.0, 27.0, 26.0, 30.0, 29.0, 25.0, 27.0, 21.0, 29.0, 14.0, 16.0, 15.0, 12.0, 29.0, 14.0, 34.0, 11.0, 34.0, 95.0, 19.0, 14.0, 21.0, 36.0, 9.0, 21.0, 34.0, 13.0, 19.0, 12.0, 13.0, 12.0, 25.0, 14.0, 25.0, 14.0, 32.0, 11.0, 16.0, 13.0, 24.0, 27.0, 49.0, 27.0, 17.0, 11.0, 17.0, 19.0, 27.0, 19.0, 13.0, 16.0, 41.0, 17.0, 11.0, 19.0, 50.0, 19.0, 16.0, 33.0, 8.0, 42.0, 15.0, 11.0, 20.0, 20.0, 19.0, 21.0, 10.0, 23.0, 13.0, 12.0, 23.0, 24.0, 28.0, 23.0, 31.0, 14.0, 20.0, 16.0, 27.0, 28.0, 36.0, 23.0, 15.0, 16.0, 32.0, 36.0, 44.0, 39.0, 23.0, 13.0, 30.0, 35.0, 24.0, 13.0, 19.0, 16.0, 21.0, 19.0, 14.0, 18.0, 35.0, 16.0, 45.0, 15.0, 14.0, 52.0, 19.0, 16.0, 53.0, 22.0, 11.0, 25.0, 15.0, 27.0, 22.0, 15.0, 16.0, 32.0, 18.0, 13.0, 15.0, 9.0, 15.0, 13.0, 19.0, 22.0, 17.0, 11.0, 10.0, 9.0, 40.0, 16.0, 13.0, 12.0, 12.0, 50.0, 16.0, 34.0, 11.0, 25.0, 17.0, 47.0, 10.0, 28.0, 11.0, 13.0, 31.0, 29.0, 11.0, 26.0, 17.0, 18.0, 11.0, 18.0, 19.0, 9.0, 14.0, 11.0, 31.0, 18.0, 25.0, 18.0, 16.0, 19.0, 53.0, 36.0, 10.0, 13.0, 25.0, 12.0, 18.0, 17.0, 19.0, 20.0, 10.0, 26.0, 15.0, 14.0, 40.0, 21.0], "episode_lengths": [12, 14, 23, 15, 27, 26, 30, 29, 25, 27, 21, 29, 14, 16, 15, 12, 29, 14, 34, 11, 34, 95, 19, 14, 21, 36, 9, 21, 34, 13, 19, 12, 13, 12, 25, 14, 25, 14, 32, 11, 16, 13, 24, 27, 49, 27, 17, 11, 17, 19, 27, 19, 13, 16, 41, 17, 11, 19, 50, 19, 16, 33, 8, 42, 15, 11, 20, 20, 19, 21, 10, 23, 13, 12, 23, 24, 28, 23, 31, 14, 20, 16, 27, 28, 36, 23, 15, 16, 32, 36, 44, 39, 23, 13, 30, 35, 24, 13, 19, 16, 21, 19, 14, 18, 35, 16, 45, 15, 14, 52, 19, 16, 53, 22, 11, 25, 15, 27, 22, 15, 16, 32, 18, 13, 15, 9, 15, 13, 19, 22, 17, 11, 10, 9, 40, 16, 13, 12, 12, 50, 16, 34, 11, 25, 17, 47, 10, 28, 11, 13, 31, 29, 11, 26, 17, 18, 11, 18, 19, 9, 14, 11, 31, 18, 25, 18, 16, 19, 53, 36, 10, 13, 25, 12, 18, 17, 19, 20, 10, 26, 15, 14, 40, 21]}, "sampler_perf": {"mean_env_wait_ms": 0.05881913272597376, "mean_processing_ms": 0.14375514073599516, "mean_inference_ms": 0.6422555556865789}, "off_policy_estimator": {}, "num_healthy_workers": 1, "timesteps_total": 4000, "timers": {"sample_time_ms": 4658.962, "sample_throughput": 858.56, "load_time_ms": 38.331, "load_throughput": 104353.442, "learn_time_ms": 3868.517, "learn_throughput": 1033.988, "update_time_ms": 2.168}, "info": {"learner": {"default_policy": {"cur_kl_coeff": 0.20000000298023224, "cur_lr": 9.999999747378752e-05, "total_loss": 85.58987426757812, "policy_loss": -0.04290738329291344, "vf_loss": 85.62646484375, "vf_explained_var": 0.2070106416940689, "kl": 0.031590286642313004, "entropy": 0.6623405814170837, "entropy_coeff": 0.0, "model": {}}}, "num_steps_sampled": 4000, "num_steps_trained": 4000}, "done": true, "episodes_total": 184, "training_iteration": 1, "experiment_id": "0820ff56232444f880595d506cacf830", "date": "2020-08-16_03-59-16", "timestamp": 1597550356, "time_this_iter_s": 8.665082454681396, "time_total_s": 8.665082454681396, "pid": 22126, "hostname": "ntozcc-dv-mlalo-vm", "node_ip": "10.0.0.4", "config": {"num_workers": 1, "num_envs_per_worker": 1, "rollout_fragment_length": 200, "sample_batch_size": -1, "batch_mode": "truncate_episodes", "num_gpus": 0, "train_batch_size": 4000, "model": {"conv_filters": null, "conv_activation": "relu", "fcnet_activation": "tanh", "fcnet_hiddens": [256, 256], "free_log_std": false, "no_final_linear": false, "vf_share_layers": true, "use_lstm": false, "max_seq_len": 20, "lstm_cell_size": 256, "lstm_use_prev_action_reward": false, "state_shape": null, "framestack": true, "dim": 84, "grayscale": false, "zero_mean": true, "custom_model": null, "custom_model_config": {}, "custom_action_dist": null, "custom_preprocessor": null, "custom_options": -1}, "optimizer": {}, "gamma": 0.99, "horizon": null, "soft_horizon": false, "no_done_at_end": false, "env_config": {}, "env": "CartPole-v0", "normalize_actions": false, "clip_rewards": null, "clip_actions": true, "preprocessor_pref": "deepmind", "lr": 0.0001, "monitor": false, "log_level": "WARN", "callbacks": "<class 'ray.rllib.agents.callbacks.DefaultCallbacks'>", "ignore_worker_failures": false, "log_sys_usage": true, "fake_sampler": false, "framework": "tf", "eager_tracing": false, "no_eager_on_workers": false, "explore": true, "exploration_config": {"type": "StochasticSampling"}, "evaluation_interval": null, "evaluation_num_episodes": 10, "in_evaluation": false, "evaluation_config": {}, "evaluation_num_workers": 0, "custom_eval_function": null, "sample_async": false, "observation_filter": "NoFilter", "synchronize_filters": true, "tf_session_args": {"intra_op_parallelism_threads": 2, "inter_op_parallelism_threads": 2, "gpu_options": {"allow_growth": true}, "log_device_placement": false, "device_count": {"CPU": 1}, "allow_soft_placement": true}, "local_tf_session_args": {"intra_op_parallelism_threads": 8, "inter_op_parallelism_threads": 8}, "compress_observations": false, "collect_metrics_timeout": 180, "metrics_smoothing_episodes": 100, "remote_worker_envs": false, "remote_env_batch_wait_ms": 0, "min_iter_time_s": 0, "timesteps_per_iteration": 0, "seed": null, "extra_python_environs_for_driver": {}, "extra_python_environs_for_worker": {}, "num_cpus_per_worker": 1, "num_gpus_per_worker": 0, "custom_resources_per_worker": {}, "num_cpus_for_driver": 1, "memory": 0, "object_store_memory": 0, "memory_per_worker": 0, "object_store_memory_per_worker": 0, "input": "sampler", "input_evaluation": ["is", "wis"], "postprocess_inputs": false, "shuffle_buffer_size": 0, "output": null, "output_compress_columns": ["obs", "new_obs"], "output_max_file_size": 67108864, "multiagent": {"policies": {}, "policy_mapping_fn": null, "policies_to_train": null, "observation_fn": null}, "use_pytorch": -1, "use_critic": true, "use_gae": true, "lambda": 1.0, "kl_coeff": 0.2, "sgd_minibatch_size": 128, "shuffle_sequences": true, "num_sgd_iter": 30, "lr_schedule": null, "vf_share_layers": false, "vf_loss_coeff": 1.0, "entropy_coeff": 0.0, "entropy_coeff_schedule": null, "clip_param": 0.3, "vf_clip_param": 10.0, "grad_clip": null, "kl_target": 0.01, "simple_optimizer": false, "_fake_gpus": false}, "time_since_restore": 8.665082454681396, "timesteps_since_restore": 0, "iterations_since_restore": 1, "perf": {"cpu_util_percent": 71.35384615384615, "ram_util_percent": 32.24615384615385}, "trial_id": "c1017_00002", "experiment_tag": "2_lr=0.0001"}
