{"episode_reward_max": 89.0, "episode_reward_min": 9.0, "episode_reward_mean": 22.51412429378531, "episode_len_mean": 22.51412429378531, "episodes_this_iter": 177, "policy_reward_min": {}, "policy_reward_max": {}, "policy_reward_mean": {}, "custom_metrics": {}, "hist_stats": {"episode_reward": [16.0, 16.0, 23.0, 17.0, 16.0, 12.0, 13.0, 12.0, 19.0, 11.0, 21.0, 19.0, 12.0, 18.0, 16.0, 14.0, 10.0, 22.0, 17.0, 13.0, 12.0, 19.0, 29.0, 12.0, 24.0, 23.0, 33.0, 27.0, 13.0, 23.0, 17.0, 33.0, 21.0, 17.0, 18.0, 14.0, 18.0, 29.0, 10.0, 24.0, 18.0, 17.0, 12.0, 32.0, 34.0, 18.0, 13.0, 17.0, 85.0, 14.0, 25.0, 35.0, 13.0, 27.0, 17.0, 13.0, 28.0, 29.0, 28.0, 17.0, 10.0, 14.0, 11.0, 30.0, 18.0, 13.0, 14.0, 11.0, 51.0, 14.0, 18.0, 46.0, 18.0, 9.0, 33.0, 16.0, 12.0, 27.0, 15.0, 24.0, 28.0, 11.0, 29.0, 20.0, 18.0, 13.0, 15.0, 16.0, 12.0, 30.0, 33.0, 17.0, 60.0, 30.0, 16.0, 21.0, 16.0, 35.0, 32.0, 15.0, 14.0, 19.0, 48.0, 18.0, 15.0, 27.0, 12.0, 27.0, 48.0, 25.0, 63.0, 11.0, 13.0, 16.0, 25.0, 28.0, 14.0, 50.0, 44.0, 12.0, 17.0, 13.0, 14.0, 16.0, 22.0, 14.0, 28.0, 15.0, 14.0, 19.0, 14.0, 24.0, 11.0, 12.0, 33.0, 18.0, 89.0, 16.0, 18.0, 60.0, 23.0, 14.0, 23.0, 19.0, 21.0, 23.0, 28.0, 14.0, 32.0, 21.0, 20.0, 11.0, 38.0, 53.0, 40.0, 13.0, 27.0, 10.0, 13.0, 17.0, 18.0, 49.0, 17.0, 10.0, 13.0, 23.0, 20.0, 19.0, 11.0, 36.0, 19.0, 29.0, 19.0, 75.0, 20.0, 26.0, 29.0], "episode_lengths": [16, 16, 23, 17, 16, 12, 13, 12, 19, 11, 21, 19, 12, 18, 16, 14, 10, 22, 17, 13, 12, 19, 29, 12, 24, 23, 33, 27, 13, 23, 17, 33, 21, 17, 18, 14, 18, 29, 10, 24, 18, 17, 12, 32, 34, 18, 13, 17, 85, 14, 25, 35, 13, 27, 17, 13, 28, 29, 28, 17, 10, 14, 11, 30, 18, 13, 14, 11, 51, 14, 18, 46, 18, 9, 33, 16, 12, 27, 15, 24, 28, 11, 29, 20, 18, 13, 15, 16, 12, 30, 33, 17, 60, 30, 16, 21, 16, 35, 32, 15, 14, 19, 48, 18, 15, 27, 12, 27, 48, 25, 63, 11, 13, 16, 25, 28, 14, 50, 44, 12, 17, 13, 14, 16, 22, 14, 28, 15, 14, 19, 14, 24, 11, 12, 33, 18, 89, 16, 18, 60, 23, 14, 23, 19, 21, 23, 28, 14, 32, 21, 20, 11, 38, 53, 40, 13, 27, 10, 13, 17, 18, 49, 17, 10, 13, 23, 20, 19, 11, 36, 19, 29, 19, 75, 20, 26, 29]}, "sampler_perf": {"mean_env_wait_ms": 0.07148856849737151, "mean_processing_ms": 0.1790916821385169, "mean_inference_ms": 0.7570408428051981}, "off_policy_estimator": {}, "num_healthy_workers": 1, "timesteps_total": 4000, "timers": {"sample_time_ms": 5001.674, "sample_throughput": 799.732, "load_time_ms": 47.601, "load_throughput": 84031.034, "learn_time_ms": 3874.878, "learn_throughput": 1032.291, "update_time_ms": 2.518}, "info": {"learner": {"default_policy": {"cur_kl_coeff": 0.20000000298023224, "cur_lr": 0.0010000000474974513, "total_loss": 107.27153015136719, "policy_loss": -0.03833694010972977, "vf_loss": 107.30401611328125, "vf_explained_var": 0.22655487060546875, "kl": 0.02920076996088028, "entropy": 0.6651265621185303, "entropy_coeff": 0.0, "model": {}}}, "num_steps_sampled": 4000, "num_steps_trained": 4000}, "done": true, "episodes_total": 177, "training_iteration": 1, "experiment_id": "83fc6af2f3054aad8e42322948e7289f", "date": "2020-08-18_18-35-51", "timestamp": 1597775751, "time_this_iter_s": 9.068655967712402, "time_total_s": 9.068655967712402, "pid": 17892, "hostname": "terminator-1000", "node_ip": "10.168.0.7", "config": {"num_workers": 1, "num_envs_per_worker": 1, "rollout_fragment_length": 200, "sample_batch_size": -1, "batch_mode": "truncate_episodes", "num_gpus": 0, "train_batch_size": 4000, "model": {"conv_filters": null, "conv_activation": "relu", "fcnet_activation": "tanh", "fcnet_hiddens": [256, 256], "free_log_std": false, "no_final_linear": false, "vf_share_layers": true, "use_lstm": false, "max_seq_len": 20, "lstm_cell_size": 256, "lstm_use_prev_action_reward": false, "state_shape": null, "framestack": true, "dim": 84, "grayscale": false, "zero_mean": true, "custom_model": null, "custom_model_config": {}, "custom_action_dist": null, "custom_preprocessor": null, "custom_options": -1}, "optimizer": {}, "gamma": 0.99, "horizon": null, "soft_horizon": false, "no_done_at_end": false, "env_config": {}, "env": "CartPole-v0", "normalize_actions": false, "clip_rewards": null, "clip_actions": true, "preprocessor_pref": "deepmind", "lr": 0.001, "monitor": false, "log_level": "WARN", "callbacks": "<class 'ray.rllib.agents.callbacks.DefaultCallbacks'>", "ignore_worker_failures": false, "log_sys_usage": true, "fake_sampler": false, "framework": "tf", "eager_tracing": false, "no_eager_on_workers": false, "explore": true, "exploration_config": {"type": "StochasticSampling"}, "evaluation_interval": null, "evaluation_num_episodes": 10, "in_evaluation": false, "evaluation_config": {}, "evaluation_num_workers": 0, "custom_eval_function": null, "sample_async": false, "observation_filter": "NoFilter", "synchronize_filters": true, "tf_session_args": {"intra_op_parallelism_threads": 2, "inter_op_parallelism_threads": 2, "gpu_options": {"allow_growth": true}, "log_device_placement": false, "device_count": {"CPU": 1}, "allow_soft_placement": true}, "local_tf_session_args": {"intra_op_parallelism_threads": 8, "inter_op_parallelism_threads": 8}, "compress_observations": false, "collect_metrics_timeout": 180, "metrics_smoothing_episodes": 100, "remote_worker_envs": false, "remote_env_batch_wait_ms": 0, "min_iter_time_s": 0, "timesteps_per_iteration": 0, "seed": null, "extra_python_environs_for_driver": {}, "extra_python_environs_for_worker": {}, "num_cpus_per_worker": 1, "num_gpus_per_worker": 0, "custom_resources_per_worker": {}, "num_cpus_for_driver": 1, "memory": 0, "object_store_memory": 0, "memory_per_worker": 0, "object_store_memory_per_worker": 0, "input": "sampler", "input_evaluation": ["is", "wis"], "postprocess_inputs": false, "shuffle_buffer_size": 0, "output": null, "output_compress_columns": ["obs", "new_obs"], "output_max_file_size": 67108864, "multiagent": {"policies": {}, "policy_mapping_fn": null, "policies_to_train": null, "observation_fn": null}, "use_pytorch": -1, "use_critic": true, "use_gae": true, "lambda": 1.0, "kl_coeff": 0.2, "sgd_minibatch_size": 128, "shuffle_sequences": true, "num_sgd_iter": 30, "lr_schedule": null, "vf_share_layers": false, "vf_loss_coeff": 1.0, "entropy_coeff": 0.0, "entropy_coeff_schedule": null, "clip_param": 0.3, "vf_clip_param": 10.0, "grad_clip": null, "kl_target": 0.01, "simple_optimizer": false, "_fake_gpus": false}, "time_since_restore": 9.068655967712402, "timesteps_since_restore": 0, "iterations_since_restore": 1, "perf": {"cpu_util_percent": 36.223076923076924, "ram_util_percent": 3.530769230769231}, "trial_id": "9c03b_00001", "experiment_tag": "1_lr=0.001"}
