{"episode_reward_max": 76.0, "episode_reward_min": 9.0, "episode_reward_mean": 21.6, "episode_len_mean": 21.6, "episodes_this_iter": 185, "policy_reward_min": {}, "policy_reward_max": {}, "policy_reward_mean": {}, "custom_metrics": {}, "hist_stats": {"episode_reward": [20.0, 31.0, 9.0, 16.0, 16.0, 13.0, 20.0, 27.0, 27.0, 31.0, 12.0, 14.0, 60.0, 17.0, 16.0, 28.0, 22.0, 21.0, 11.0, 37.0, 32.0, 76.0, 18.0, 19.0, 11.0, 14.0, 29.0, 20.0, 17.0, 20.0, 32.0, 30.0, 20.0, 19.0, 28.0, 27.0, 23.0, 21.0, 19.0, 20.0, 23.0, 32.0, 17.0, 20.0, 26.0, 15.0, 41.0, 21.0, 25.0, 26.0, 19.0, 20.0, 13.0, 10.0, 35.0, 29.0, 9.0, 24.0, 19.0, 13.0, 28.0, 15.0, 14.0, 12.0, 57.0, 20.0, 20.0, 10.0, 21.0, 14.0, 13.0, 12.0, 12.0, 11.0, 30.0, 37.0, 15.0, 13.0, 16.0, 14.0, 22.0, 21.0, 26.0, 34.0, 18.0, 11.0, 23.0, 15.0, 13.0, 17.0, 38.0, 15.0, 10.0, 20.0, 20.0, 19.0, 9.0, 19.0, 33.0, 15.0, 36.0, 18.0, 17.0, 14.0, 19.0, 14.0, 23.0, 9.0, 18.0, 25.0, 17.0, 17.0, 13.0, 21.0, 20.0, 25.0, 23.0, 17.0, 22.0, 16.0, 22.0, 21.0, 12.0, 70.0, 75.0, 10.0, 10.0, 22.0, 75.0, 27.0, 23.0, 12.0, 18.0, 10.0, 10.0, 21.0, 13.0, 30.0, 13.0, 22.0, 12.0, 19.0, 14.0, 12.0, 26.0, 39.0, 25.0, 10.0, 51.0, 19.0, 23.0, 17.0, 19.0, 14.0, 27.0, 25.0, 16.0, 15.0, 15.0, 18.0, 14.0, 20.0, 12.0, 12.0, 11.0, 12.0, 22.0, 15.0, 29.0, 31.0, 30.0, 19.0, 17.0, 14.0, 18.0, 20.0, 47.0, 10.0, 12.0, 29.0, 41.0, 14.0, 21.0, 27.0, 21.0], "episode_lengths": [20, 31, 9, 16, 16, 13, 20, 27, 27, 31, 12, 14, 60, 17, 16, 28, 22, 21, 11, 37, 32, 76, 18, 19, 11, 14, 29, 20, 17, 20, 32, 30, 20, 19, 28, 27, 23, 21, 19, 20, 23, 32, 17, 20, 26, 15, 41, 21, 25, 26, 19, 20, 13, 10, 35, 29, 9, 24, 19, 13, 28, 15, 14, 12, 57, 20, 20, 10, 21, 14, 13, 12, 12, 11, 30, 37, 15, 13, 16, 14, 22, 21, 26, 34, 18, 11, 23, 15, 13, 17, 38, 15, 10, 20, 20, 19, 9, 19, 33, 15, 36, 18, 17, 14, 19, 14, 23, 9, 18, 25, 17, 17, 13, 21, 20, 25, 23, 17, 22, 16, 22, 21, 12, 70, 75, 10, 10, 22, 75, 27, 23, 12, 18, 10, 10, 21, 13, 30, 13, 22, 12, 19, 14, 12, 26, 39, 25, 10, 51, 19, 23, 17, 19, 14, 27, 25, 16, 15, 15, 18, 14, 20, 12, 12, 11, 12, 22, 15, 29, 31, 30, 19, 17, 14, 18, 20, 47, 10, 12, 29, 41, 14, 21, 27, 21]}, "sampler_perf": {"mean_env_wait_ms": 0.056980610251337306, "mean_processing_ms": 0.14316532141683821, "mean_inference_ms": 0.6434961546364202}, "off_policy_estimator": {}, "num_healthy_workers": 1, "timesteps_total": 4000, "timers": {"sample_time_ms": 4228.746, "sample_throughput": 945.907, "load_time_ms": 36.657, "load_throughput": 109120.104, "learn_time_ms": 3870.778, "learn_throughput": 1033.384, "update_time_ms": 2.294}, "info": {"learner": {"default_policy": {"cur_kl_coeff": 0.20000000298023224, "cur_lr": 0.009999999776482582, "total_loss": 86.3412857055664, "policy_loss": -0.042445678263902664, "vf_loss": 86.37681579589844, "vf_explained_var": 0.26413071155548096, "kl": 0.03448556736111641, "entropy": 0.6601107716560364, "entropy_coeff": 0.0, "model": {}}}, "num_steps_sampled": 4000, "num_steps_trained": 4000}, "done": true, "episodes_total": 185, "training_iteration": 1, "experiment_id": "0ff6bf3804cc4b928abac3a6acf27b41", "date": "2020-08-16_04-37-44", "timestamp": 1597552664, "time_this_iter_s": 8.236760377883911, "time_total_s": 8.236760377883911, "pid": 25682, "hostname": "ntozcc-dv-mlalo-vm", "node_ip": "10.0.0.4", "config": {"num_workers": 1, "num_envs_per_worker": 1, "rollout_fragment_length": 200, "sample_batch_size": -1, "batch_mode": "truncate_episodes", "num_gpus": 0, "train_batch_size": 4000, "model": {"conv_filters": null, "conv_activation": "relu", "fcnet_activation": "tanh", "fcnet_hiddens": [256, 256], "free_log_std": false, "no_final_linear": false, "vf_share_layers": true, "use_lstm": false, "max_seq_len": 20, "lstm_cell_size": 256, "lstm_use_prev_action_reward": false, "state_shape": null, "framestack": true, "dim": 84, "grayscale": false, "zero_mean": true, "custom_model": null, "custom_model_config": {}, "custom_action_dist": null, "custom_preprocessor": null, "custom_options": -1}, "optimizer": {}, "gamma": 0.99, "horizon": null, "soft_horizon": false, "no_done_at_end": false, "env_config": {}, "env": "CartPole-v0", "normalize_actions": false, "clip_rewards": null, "clip_actions": true, "preprocessor_pref": "deepmind", "lr": 0.01, "monitor": false, "log_level": "WARN", "callbacks": "<class 'ray.rllib.agents.callbacks.DefaultCallbacks'>", "ignore_worker_failures": false, "log_sys_usage": true, "fake_sampler": false, "framework": "tf", "eager_tracing": false, "no_eager_on_workers": false, "explore": true, "exploration_config": {"type": "StochasticSampling"}, "evaluation_interval": null, "evaluation_num_episodes": 10, "in_evaluation": false, "evaluation_config": {}, "evaluation_num_workers": 0, "custom_eval_function": null, "sample_async": false, "observation_filter": "NoFilter", "synchronize_filters": true, "tf_session_args": {"intra_op_parallelism_threads": 2, "inter_op_parallelism_threads": 2, "gpu_options": {"allow_growth": true}, "log_device_placement": false, "device_count": {"CPU": 1}, "allow_soft_placement": true}, "local_tf_session_args": {"intra_op_parallelism_threads": 8, "inter_op_parallelism_threads": 8}, "compress_observations": false, "collect_metrics_timeout": 180, "metrics_smoothing_episodes": 100, "remote_worker_envs": false, "remote_env_batch_wait_ms": 0, "min_iter_time_s": 0, "timesteps_per_iteration": 0, "seed": null, "extra_python_environs_for_driver": {}, "extra_python_environs_for_worker": {}, "num_cpus_per_worker": 1, "num_gpus_per_worker": 0, "custom_resources_per_worker": {}, "num_cpus_for_driver": 1, "memory": 0, "object_store_memory": 0, "memory_per_worker": 0, "object_store_memory_per_worker": 0, "input": "sampler", "input_evaluation": ["is", "wis"], "postprocess_inputs": false, "shuffle_buffer_size": 0, "output": null, "output_compress_columns": ["obs", "new_obs"], "output_max_file_size": 67108864, "multiagent": {"policies": {}, "policy_mapping_fn": null, "policies_to_train": null, "observation_fn": null}, "use_pytorch": -1, "use_critic": true, "use_gae": true, "lambda": 1.0, "kl_coeff": 0.2, "sgd_minibatch_size": 128, "shuffle_sequences": true, "num_sgd_iter": 30, "lr_schedule": null, "vf_share_layers": false, "vf_loss_coeff": 1.0, "entropy_coeff": 0.0, "entropy_coeff_schedule": null, "clip_param": 0.3, "vf_clip_param": 10.0, "grad_clip": null, "kl_target": 0.01, "simple_optimizer": false, "_fake_gpus": false}, "time_since_restore": 8.236760377883911, "timesteps_since_restore": 0, "iterations_since_restore": 1, "perf": {"cpu_util_percent": 72.16666666666667, "ram_util_percent": 32.275}, "trial_id": "31a1b_00000", "experiment_tag": "0_lr=0.01"}
