{"episode_reward_max": 114.0, "episode_reward_min": 9.0, "episode_reward_mean": 23.609467455621303, "episode_len_mean": 23.609467455621303, "episodes_this_iter": 169, "policy_reward_min": {}, "policy_reward_max": {}, "policy_reward_mean": {}, "custom_metrics": {}, "hist_stats": {"episode_reward": [25.0, 9.0, 13.0, 15.0, 12.0, 18.0, 45.0, 47.0, 16.0, 15.0, 19.0, 44.0, 24.0, 33.0, 19.0, 15.0, 13.0, 16.0, 37.0, 14.0, 19.0, 16.0, 22.0, 32.0, 19.0, 13.0, 35.0, 14.0, 39.0, 30.0, 16.0, 12.0, 18.0, 11.0, 11.0, 18.0, 15.0, 35.0, 23.0, 25.0, 14.0, 29.0, 12.0, 13.0, 15.0, 21.0, 15.0, 64.0, 41.0, 43.0, 16.0, 11.0, 13.0, 13.0, 23.0, 12.0, 26.0, 63.0, 14.0, 21.0, 23.0, 16.0, 9.0, 21.0, 10.0, 15.0, 12.0, 48.0, 13.0, 31.0, 20.0, 17.0, 22.0, 34.0, 14.0, 16.0, 11.0, 60.0, 26.0, 16.0, 16.0, 23.0, 26.0, 16.0, 38.0, 28.0, 13.0, 10.0, 31.0, 19.0, 9.0, 26.0, 17.0, 17.0, 36.0, 20.0, 18.0, 22.0, 27.0, 15.0, 20.0, 19.0, 10.0, 9.0, 27.0, 9.0, 52.0, 55.0, 12.0, 114.0, 16.0, 32.0, 14.0, 30.0, 58.0, 16.0, 16.0, 22.0, 13.0, 21.0, 11.0, 21.0, 19.0, 17.0, 17.0, 13.0, 21.0, 34.0, 15.0, 29.0, 14.0, 13.0, 16.0, 17.0, 28.0, 15.0, 36.0, 13.0, 13.0, 16.0, 31.0, 13.0, 29.0, 49.0, 20.0, 13.0, 17.0, 12.0, 29.0, 45.0, 112.0, 32.0, 19.0, 17.0, 37.0, 31.0, 24.0, 14.0, 16.0, 22.0, 46.0, 34.0, 20.0, 11.0, 53.0, 15.0, 24.0, 16.0, 34.0], "episode_lengths": [25, 9, 13, 15, 12, 18, 45, 47, 16, 15, 19, 44, 24, 33, 19, 15, 13, 16, 37, 14, 19, 16, 22, 32, 19, 13, 35, 14, 39, 30, 16, 12, 18, 11, 11, 18, 15, 35, 23, 25, 14, 29, 12, 13, 15, 21, 15, 64, 41, 43, 16, 11, 13, 13, 23, 12, 26, 63, 14, 21, 23, 16, 9, 21, 10, 15, 12, 48, 13, 31, 20, 17, 22, 34, 14, 16, 11, 60, 26, 16, 16, 23, 26, 16, 38, 28, 13, 10, 31, 19, 9, 26, 17, 17, 36, 20, 18, 22, 27, 15, 20, 19, 10, 9, 27, 9, 52, 55, 12, 114, 16, 32, 14, 30, 58, 16, 16, 22, 13, 21, 11, 21, 19, 17, 17, 13, 21, 34, 15, 29, 14, 13, 16, 17, 28, 15, 36, 13, 13, 16, 31, 13, 29, 49, 20, 13, 17, 12, 29, 45, 112, 32, 19, 17, 37, 31, 24, 14, 16, 22, 46, 34, 20, 11, 53, 15, 24, 16, 34]}, "sampler_perf": {"mean_env_wait_ms": 0.07004023968830789, "mean_processing_ms": 0.1806264160812214, "mean_inference_ms": 0.73215342318824}, "off_policy_estimator": {}, "num_healthy_workers": 1, "timesteps_total": 4000, "timers": {"sample_time_ms": 4959.69, "sample_throughput": 806.502, "load_time_ms": 50.375, "load_throughput": 79404.866, "learn_time_ms": 3883.4, "learn_throughput": 1030.025, "update_time_ms": 2.234}, "info": {"learner": {"default_policy": {"cur_kl_coeff": 0.20000000298023224, "cur_lr": 9.999999747378752e-05, "total_loss": 155.9057159423828, "policy_loss": -0.040110375732183456, "vf_loss": 155.9403533935547, "vf_explained_var": 0.14306551218032837, "kl": 0.027465397492051125, "entropy": 0.6667118072509766, "entropy_coeff": 0.0, "model": {}}}, "num_steps_sampled": 4000, "num_steps_trained": 4000}, "done": true, "episodes_total": 169, "training_iteration": 1, "experiment_id": "49f6014f601d49f4a8b713adbf6bb369", "date": "2020-08-18_17-11-02", "timestamp": 1597770662, "time_this_iter_s": 9.022801876068115, "time_total_s": 9.022801876068115, "pid": 9943, "hostname": "terminator-1000", "node_ip": "10.168.0.7", "config": {"num_workers": 1, "num_envs_per_worker": 1, "rollout_fragment_length": 200, "sample_batch_size": -1, "batch_mode": "truncate_episodes", "num_gpus": 0, "train_batch_size": 4000, "model": {"conv_filters": null, "conv_activation": "relu", "fcnet_activation": "tanh", "fcnet_hiddens": [256, 256], "free_log_std": false, "no_final_linear": false, "vf_share_layers": true, "use_lstm": false, "max_seq_len": 20, "lstm_cell_size": 256, "lstm_use_prev_action_reward": false, "state_shape": null, "framestack": true, "dim": 84, "grayscale": false, "zero_mean": true, "custom_model": null, "custom_model_config": {}, "custom_action_dist": null, "custom_preprocessor": null, "custom_options": -1}, "optimizer": {}, "gamma": 0.99, "horizon": null, "soft_horizon": false, "no_done_at_end": false, "env_config": {}, "env": "CartPole-v0", "normalize_actions": false, "clip_rewards": null, "clip_actions": true, "preprocessor_pref": "deepmind", "lr": 0.0001, "monitor": false, "log_level": "WARN", "callbacks": "<class 'ray.rllib.agents.callbacks.DefaultCallbacks'>", "ignore_worker_failures": false, "log_sys_usage": true, "fake_sampler": false, "framework": "tf", "eager_tracing": false, "no_eager_on_workers": false, "explore": true, "exploration_config": {"type": "StochasticSampling"}, "evaluation_interval": null, "evaluation_num_episodes": 10, "in_evaluation": false, "evaluation_config": {}, "evaluation_num_workers": 0, "custom_eval_function": null, "sample_async": false, "observation_filter": "NoFilter", "synchronize_filters": true, "tf_session_args": {"intra_op_parallelism_threads": 2, "inter_op_parallelism_threads": 2, "gpu_options": {"allow_growth": true}, "log_device_placement": false, "device_count": {"CPU": 1}, "allow_soft_placement": true}, "local_tf_session_args": {"intra_op_parallelism_threads": 8, "inter_op_parallelism_threads": 8}, "compress_observations": false, "collect_metrics_timeout": 180, "metrics_smoothing_episodes": 100, "remote_worker_envs": false, "remote_env_batch_wait_ms": 0, "min_iter_time_s": 0, "timesteps_per_iteration": 0, "seed": null, "extra_python_environs_for_driver": {}, "extra_python_environs_for_worker": {}, "num_cpus_per_worker": 1, "num_gpus_per_worker": 0, "custom_resources_per_worker": {}, "num_cpus_for_driver": 1, "memory": 0, "object_store_memory": 0, "memory_per_worker": 0, "object_store_memory_per_worker": 0, "input": "sampler", "input_evaluation": ["is", "wis"], "postprocess_inputs": false, "shuffle_buffer_size": 0, "output": null, "output_compress_columns": ["obs", "new_obs"], "output_max_file_size": 67108864, "multiagent": {"policies": {}, "policy_mapping_fn": null, "policies_to_train": null, "observation_fn": null}, "use_pytorch": -1, "use_critic": true, "use_gae": true, "lambda": 1.0, "kl_coeff": 0.2, "sgd_minibatch_size": 128, "shuffle_sequences": true, "num_sgd_iter": 30, "lr_schedule": null, "vf_share_layers": false, "vf_loss_coeff": 1.0, "entropy_coeff": 0.0, "entropy_coeff_schedule": null, "clip_param": 0.3, "vf_clip_param": 10.0, "grad_clip": null, "kl_target": 0.01, "simple_optimizer": false, "_fake_gpus": false}, "time_since_restore": 9.022801876068115, "timesteps_since_restore": 0, "iterations_since_restore": 1, "perf": {"cpu_util_percent": 36.26153846153846, "ram_util_percent": 3.4923076923076923}, "trial_id": "c2f79_00002", "experiment_tag": "2_lr=0.0001"}
