{"episode_reward_max": 60.0, "episode_reward_min": 9.0, "episode_reward_mean": 22.531073446327685, "episode_len_mean": 22.531073446327685, "episodes_this_iter": 177, "policy_reward_min": {}, "policy_reward_max": {}, "policy_reward_mean": {}, "custom_metrics": {}, "hist_stats": {"episode_reward": [17.0, 25.0, 60.0, 11.0, 12.0, 21.0, 20.0, 17.0, 25.0, 30.0, 19.0, 23.0, 20.0, 10.0, 16.0, 15.0, 13.0, 32.0, 13.0, 14.0, 39.0, 36.0, 28.0, 18.0, 14.0, 11.0, 25.0, 24.0, 14.0, 10.0, 20.0, 14.0, 33.0, 47.0, 44.0, 23.0, 36.0, 35.0, 14.0, 31.0, 15.0, 24.0, 19.0, 13.0, 17.0, 15.0, 13.0, 13.0, 25.0, 12.0, 37.0, 9.0, 10.0, 10.0, 22.0, 35.0, 16.0, 31.0, 18.0, 12.0, 21.0, 25.0, 24.0, 15.0, 25.0, 33.0, 29.0, 12.0, 29.0, 25.0, 15.0, 15.0, 52.0, 18.0, 13.0, 30.0, 20.0, 23.0, 15.0, 28.0, 26.0, 17.0, 21.0, 24.0, 20.0, 45.0, 52.0, 12.0, 33.0, 18.0, 55.0, 23.0, 13.0, 21.0, 13.0, 40.0, 14.0, 16.0, 25.0, 37.0, 24.0, 50.0, 21.0, 17.0, 15.0, 14.0, 56.0, 14.0, 18.0, 13.0, 25.0, 10.0, 26.0, 19.0, 17.0, 25.0, 14.0, 22.0, 50.0, 16.0, 24.0, 20.0, 26.0, 26.0, 24.0, 14.0, 12.0, 17.0, 32.0, 35.0, 12.0, 19.0, 17.0, 15.0, 19.0, 14.0, 22.0, 29.0, 27.0, 20.0, 51.0, 9.0, 11.0, 13.0, 15.0, 18.0, 21.0, 18.0, 14.0, 37.0, 10.0, 20.0, 23.0, 13.0, 20.0, 13.0, 12.0, 34.0, 24.0, 37.0, 11.0, 9.0, 19.0, 20.0, 19.0, 45.0, 13.0, 15.0, 41.0, 19.0, 34.0, 15.0, 40.0, 31.0, 19.0, 19.0, 29.0], "episode_lengths": [17, 25, 60, 11, 12, 21, 20, 17, 25, 30, 19, 23, 20, 10, 16, 15, 13, 32, 13, 14, 39, 36, 28, 18, 14, 11, 25, 24, 14, 10, 20, 14, 33, 47, 44, 23, 36, 35, 14, 31, 15, 24, 19, 13, 17, 15, 13, 13, 25, 12, 37, 9, 10, 10, 22, 35, 16, 31, 18, 12, 21, 25, 24, 15, 25, 33, 29, 12, 29, 25, 15, 15, 52, 18, 13, 30, 20, 23, 15, 28, 26, 17, 21, 24, 20, 45, 52, 12, 33, 18, 55, 23, 13, 21, 13, 40, 14, 16, 25, 37, 24, 50, 21, 17, 15, 14, 56, 14, 18, 13, 25, 10, 26, 19, 17, 25, 14, 22, 50, 16, 24, 20, 26, 26, 24, 14, 12, 17, 32, 35, 12, 19, 17, 15, 19, 14, 22, 29, 27, 20, 51, 9, 11, 13, 15, 18, 21, 18, 14, 37, 10, 20, 23, 13, 20, 13, 12, 34, 24, 37, 11, 9, 19, 20, 19, 45, 13, 15, 41, 19, 34, 15, 40, 31, 19, 19, 29]}, "sampler_perf": {"mean_env_wait_ms": 0.056482797502071004, "mean_processing_ms": 0.13802880437574935, "mean_inference_ms": 0.6067426882216825}, "off_policy_estimator": {}, "num_healthy_workers": 1, "timesteps_total": 4000, "timers": {"sample_time_ms": 4023.42, "sample_throughput": 994.179, "load_time_ms": 37.195, "load_throughput": 107540.742, "learn_time_ms": 3967.966, "learn_throughput": 1008.073, "update_time_ms": 2.21}, "info": {"learner": {"default_policy": {"cur_kl_coeff": 0.20000000298023224, "cur_lr": 0.009999999776482582, "total_loss": 70.73735046386719, "policy_loss": -0.05422269552946091, "vf_loss": 70.78363037109375, "vf_explained_var": 0.29780313372612, "kl": 0.03974480926990509, "entropy": 0.6542099118232727, "entropy_coeff": 0.0, "model": {}}}, "num_steps_sampled": 4000, "num_steps_trained": 4000}, "done": true, "episodes_total": 177, "training_iteration": 1, "experiment_id": "f4a911492c3d402a83070ef09ddde5c5", "date": "2020-08-16_04-10-45", "timestamp": 1597551045, "time_this_iter_s": 8.127657651901245, "time_total_s": 8.127657651901245, "pid": 23786, "hostname": "ntozcc-dv-mlalo-vm", "node_ip": "10.0.0.4", "config": {"num_workers": 1, "num_envs_per_worker": 1, "rollout_fragment_length": 200, "sample_batch_size": -1, "batch_mode": "truncate_episodes", "num_gpus": 0, "train_batch_size": 4000, "model": {"conv_filters": null, "conv_activation": "relu", "fcnet_activation": "tanh", "fcnet_hiddens": [256, 256], "free_log_std": false, "no_final_linear": false, "vf_share_layers": true, "use_lstm": false, "max_seq_len": 20, "lstm_cell_size": 256, "lstm_use_prev_action_reward": false, "state_shape": null, "framestack": true, "dim": 84, "grayscale": false, "zero_mean": true, "custom_model": null, "custom_model_config": {}, "custom_action_dist": null, "custom_preprocessor": null, "custom_options": -1}, "optimizer": {}, "gamma": 0.99, "horizon": null, "soft_horizon": false, "no_done_at_end": false, "env_config": {}, "env": "CartPole-v0", "normalize_actions": false, "clip_rewards": null, "clip_actions": true, "preprocessor_pref": "deepmind", "lr": 0.01, "monitor": false, "log_level": "WARN", "callbacks": "<class 'ray.rllib.agents.callbacks.DefaultCallbacks'>", "ignore_worker_failures": false, "log_sys_usage": true, "fake_sampler": false, "framework": "tf", "eager_tracing": false, "no_eager_on_workers": false, "explore": true, "exploration_config": {"type": "StochasticSampling"}, "evaluation_interval": null, "evaluation_num_episodes": 10, "in_evaluation": false, "evaluation_config": {}, "evaluation_num_workers": 0, "custom_eval_function": null, "sample_async": false, "observation_filter": "NoFilter", "synchronize_filters": true, "tf_session_args": {"intra_op_parallelism_threads": 2, "inter_op_parallelism_threads": 2, "gpu_options": {"allow_growth": true}, "log_device_placement": false, "device_count": {"CPU": 1}, "allow_soft_placement": true}, "local_tf_session_args": {"intra_op_parallelism_threads": 8, "inter_op_parallelism_threads": 8}, "compress_observations": false, "collect_metrics_timeout": 180, "metrics_smoothing_episodes": 100, "remote_worker_envs": false, "remote_env_batch_wait_ms": 0, "min_iter_time_s": 0, "timesteps_per_iteration": 0, "seed": null, "extra_python_environs_for_driver": {}, "extra_python_environs_for_worker": {}, "num_cpus_per_worker": 1, "num_gpus_per_worker": 0, "custom_resources_per_worker": {}, "num_cpus_for_driver": 1, "memory": 0, "object_store_memory": 0, "memory_per_worker": 0, "object_store_memory_per_worker": 0, "input": "sampler", "input_evaluation": ["is", "wis"], "postprocess_inputs": false, "shuffle_buffer_size": 0, "output": null, "output_compress_columns": ["obs", "new_obs"], "output_max_file_size": 67108864, "multiagent": {"policies": {}, "policy_mapping_fn": null, "policies_to_train": null, "observation_fn": null}, "use_pytorch": -1, "use_critic": true, "use_gae": true, "lambda": 1.0, "kl_coeff": 0.2, "sgd_minibatch_size": 128, "shuffle_sequences": true, "num_sgd_iter": 30, "lr_schedule": null, "vf_share_layers": false, "vf_loss_coeff": 1.0, "entropy_coeff": 0.0, "entropy_coeff_schedule": null, "clip_param": 0.3, "vf_clip_param": 10.0, "grad_clip": null, "kl_target": 0.01, "simple_optimizer": false, "_fake_gpus": false}, "time_since_restore": 8.127657651901245, "timesteps_since_restore": 0, "iterations_since_restore": 1, "perf": {"cpu_util_percent": 73.225, "ram_util_percent": 32.291666666666664}, "trial_id": "6cfce_00000", "experiment_tag": "0_lr=0.01"}
