{"episode_reward_max": 117.0, "episode_reward_min": 8.0, "episode_reward_mean": 22.598870056497177, "episode_len_mean": 22.598870056497177, "episodes_this_iter": 177, "policy_reward_min": {}, "policy_reward_max": {}, "policy_reward_mean": {}, "custom_metrics": {}, "hist_stats": {"episode_reward": [18.0, 24.0, 19.0, 21.0, 34.0, 12.0, 17.0, 22.0, 20.0, 19.0, 16.0, 15.0, 36.0, 17.0, 18.0, 28.0, 12.0, 29.0, 20.0, 35.0, 32.0, 20.0, 26.0, 14.0, 13.0, 16.0, 24.0, 14.0, 19.0, 27.0, 37.0, 40.0, 18.0, 13.0, 12.0, 21.0, 12.0, 43.0, 58.0, 40.0, 15.0, 31.0, 19.0, 22.0, 11.0, 17.0, 10.0, 12.0, 23.0, 43.0, 28.0, 13.0, 16.0, 15.0, 20.0, 9.0, 21.0, 12.0, 13.0, 17.0, 48.0, 14.0, 17.0, 19.0, 15.0, 19.0, 9.0, 23.0, 27.0, 16.0, 30.0, 34.0, 14.0, 34.0, 23.0, 10.0, 34.0, 48.0, 8.0, 12.0, 58.0, 47.0, 19.0, 13.0, 29.0, 12.0, 17.0, 23.0, 14.0, 17.0, 18.0, 16.0, 14.0, 20.0, 9.0, 11.0, 57.0, 11.0, 33.0, 20.0, 9.0, 63.0, 13.0, 27.0, 14.0, 35.0, 13.0, 17.0, 33.0, 19.0, 23.0, 28.0, 10.0, 30.0, 25.0, 17.0, 9.0, 18.0, 23.0, 21.0, 21.0, 39.0, 13.0, 28.0, 11.0, 8.0, 46.0, 9.0, 15.0, 11.0, 13.0, 29.0, 14.0, 16.0, 12.0, 53.0, 10.0, 33.0, 30.0, 11.0, 13.0, 20.0, 58.0, 19.0, 20.0, 15.0, 15.0, 23.0, 28.0, 17.0, 28.0, 14.0, 19.0, 20.0, 34.0, 21.0, 19.0, 12.0, 14.0, 12.0, 24.0, 22.0, 16.0, 11.0, 18.0, 80.0, 14.0, 18.0, 17.0, 15.0, 15.0, 28.0, 17.0, 52.0, 117.0, 21.0, 15.0], "episode_lengths": [18, 24, 19, 21, 34, 12, 17, 22, 20, 19, 16, 15, 36, 17, 18, 28, 12, 29, 20, 35, 32, 20, 26, 14, 13, 16, 24, 14, 19, 27, 37, 40, 18, 13, 12, 21, 12, 43, 58, 40, 15, 31, 19, 22, 11, 17, 10, 12, 23, 43, 28, 13, 16, 15, 20, 9, 21, 12, 13, 17, 48, 14, 17, 19, 15, 19, 9, 23, 27, 16, 30, 34, 14, 34, 23, 10, 34, 48, 8, 12, 58, 47, 19, 13, 29, 12, 17, 23, 14, 17, 18, 16, 14, 20, 9, 11, 57, 11, 33, 20, 9, 63, 13, 27, 14, 35, 13, 17, 33, 19, 23, 28, 10, 30, 25, 17, 9, 18, 23, 21, 21, 39, 13, 28, 11, 8, 46, 9, 15, 11, 13, 29, 14, 16, 12, 53, 10, 33, 30, 11, 13, 20, 58, 19, 20, 15, 15, 23, 28, 17, 28, 14, 19, 20, 34, 21, 19, 12, 14, 12, 24, 22, 16, 11, 18, 80, 14, 18, 17, 15, 15, 28, 17, 52, 117, 21, 15]}, "sampler_perf": {"mean_env_wait_ms": 0.05808468909002608, "mean_processing_ms": 0.14678265743927787, "mean_inference_ms": 0.6539067814452028}, "off_policy_estimator": {}, "num_healthy_workers": 1, "timesteps_total": 4000, "timers": {"sample_time_ms": 4625.173, "sample_throughput": 864.833, "load_time_ms": 37.575, "load_throughput": 106455.092, "learn_time_ms": 3733.47, "learn_throughput": 1071.389, "update_time_ms": 2.693}, "info": {"learner": {"default_policy": {"cur_kl_coeff": 0.20000000298023224, "cur_lr": 0.0010000000474974513, "total_loss": 121.55657958984375, "policy_loss": -0.04722721129655838, "vf_loss": 121.59650421142578, "vf_explained_var": 0.20678231120109558, "kl": 0.036388300359249115, "entropy": 0.6580687165260315, "entropy_coeff": 0.0, "model": {}}}, "num_steps_sampled": 4000, "num_steps_trained": 4000}, "done": true, "episodes_total": 177, "training_iteration": 1, "experiment_id": "13ffd795c77f47d297ce9090fecaa0ec", "date": "2020-08-16_03-40-25", "timestamp": 1597549225, "time_this_iter_s": 8.497737169265747, "time_total_s": 8.497737169265747, "pid": 19280, "hostname": "ntozcc-dv-mlalo-vm", "node_ip": "10.0.0.4", "config": {"num_workers": 1, "num_envs_per_worker": 1, "rollout_fragment_length": 200, "sample_batch_size": -1, "batch_mode": "truncate_episodes", "num_gpus": 0, "train_batch_size": 4000, "model": {"conv_filters": null, "conv_activation": "relu", "fcnet_activation": "tanh", "fcnet_hiddens": [256, 256], "free_log_std": false, "no_final_linear": false, "vf_share_layers": true, "use_lstm": false, "max_seq_len": 20, "lstm_cell_size": 256, "lstm_use_prev_action_reward": false, "state_shape": null, "framestack": true, "dim": 84, "grayscale": false, "zero_mean": true, "custom_model": null, "custom_model_config": {}, "custom_action_dist": null, "custom_preprocessor": null, "custom_options": -1}, "optimizer": {}, "gamma": 0.99, "horizon": null, "soft_horizon": false, "no_done_at_end": false, "env_config": {}, "env": "CartPole-v0", "normalize_actions": false, "clip_rewards": null, "clip_actions": true, "preprocessor_pref": "deepmind", "lr": 0.001, "monitor": false, "log_level": "WARN", "callbacks": "<class 'ray.rllib.agents.callbacks.DefaultCallbacks'>", "ignore_worker_failures": false, "log_sys_usage": true, "fake_sampler": false, "framework": "tf", "eager_tracing": false, "no_eager_on_workers": false, "explore": true, "exploration_config": {"type": "StochasticSampling"}, "evaluation_interval": null, "evaluation_num_episodes": 10, "in_evaluation": false, "evaluation_config": {}, "evaluation_num_workers": 0, "custom_eval_function": null, "sample_async": false, "observation_filter": "NoFilter", "synchronize_filters": true, "tf_session_args": {"intra_op_parallelism_threads": 2, "inter_op_parallelism_threads": 2, "gpu_options": {"allow_growth": true}, "log_device_placement": false, "device_count": {"CPU": 1}, "allow_soft_placement": true}, "local_tf_session_args": {"intra_op_parallelism_threads": 8, "inter_op_parallelism_threads": 8}, "compress_observations": false, "collect_metrics_timeout": 180, "metrics_smoothing_episodes": 100, "remote_worker_envs": false, "remote_env_batch_wait_ms": 0, "min_iter_time_s": 0, "timesteps_per_iteration": 0, "seed": null, "extra_python_environs_for_driver": {}, "extra_python_environs_for_worker": {}, "num_cpus_per_worker": 1, "num_gpus_per_worker": 0, "custom_resources_per_worker": {}, "num_cpus_for_driver": 1, "memory": 0, "object_store_memory": 0, "memory_per_worker": 0, "object_store_memory_per_worker": 0, "input": "sampler", "input_evaluation": ["is", "wis"], "postprocess_inputs": false, "shuffle_buffer_size": 0, "output": null, "output_compress_columns": ["obs", "new_obs"], "output_max_file_size": 67108864, "multiagent": {"policies": {}, "policy_mapping_fn": null, "policies_to_train": null, "observation_fn": null}, "use_pytorch": -1, "use_critic": true, "use_gae": true, "lambda": 1.0, "kl_coeff": 0.2, "sgd_minibatch_size": 128, "shuffle_sequences": true, "num_sgd_iter": 30, "lr_schedule": null, "vf_share_layers": false, "vf_loss_coeff": 1.0, "entropy_coeff": 0.0, "entropy_coeff_schedule": null, "clip_param": 0.3, "vf_clip_param": 10.0, "grad_clip": null, "kl_target": 0.01, "simple_optimizer": false, "_fake_gpus": false}, "time_since_restore": 8.497737169265747, "timesteps_since_restore": 0, "iterations_since_restore": 1, "perf": {"cpu_util_percent": 71.62307692307692, "ram_util_percent": 32.30769230769231}, "trial_id": "27504_00001", "experiment_tag": "1_lr=0.001"}
