{"episode_reward_max": 111.0, "episode_reward_min": 9.0, "episode_reward_mean": 22.630681818181817, "episode_len_mean": 22.630681818181817, "episodes_this_iter": 176, "policy_reward_min": {}, "policy_reward_max": {}, "policy_reward_mean": {}, "custom_metrics": {}, "hist_stats": {"episode_reward": [14.0, 27.0, 24.0, 19.0, 22.0, 16.0, 25.0, 11.0, 16.0, 11.0, 22.0, 20.0, 19.0, 15.0, 21.0, 21.0, 44.0, 27.0, 37.0, 19.0, 17.0, 13.0, 37.0, 111.0, 24.0, 26.0, 14.0, 10.0, 11.0, 17.0, 39.0, 15.0, 22.0, 18.0, 54.0, 12.0, 19.0, 20.0, 10.0, 14.0, 15.0, 25.0, 28.0, 12.0, 21.0, 14.0, 20.0, 12.0, 15.0, 19.0, 46.0, 15.0, 17.0, 41.0, 20.0, 21.0, 15.0, 51.0, 12.0, 17.0, 11.0, 13.0, 30.0, 15.0, 18.0, 12.0, 28.0, 32.0, 15.0, 11.0, 19.0, 20.0, 27.0, 12.0, 15.0, 11.0, 18.0, 43.0, 22.0, 26.0, 14.0, 45.0, 13.0, 16.0, 23.0, 12.0, 9.0, 37.0, 24.0, 13.0, 13.0, 11.0, 38.0, 16.0, 13.0, 18.0, 23.0, 28.0, 13.0, 13.0, 11.0, 20.0, 45.0, 11.0, 9.0, 49.0, 32.0, 25.0, 21.0, 12.0, 29.0, 20.0, 11.0, 12.0, 29.0, 32.0, 25.0, 30.0, 11.0, 43.0, 16.0, 24.0, 21.0, 43.0, 36.0, 17.0, 17.0, 11.0, 10.0, 19.0, 14.0, 59.0, 43.0, 31.0, 18.0, 33.0, 33.0, 34.0, 18.0, 27.0, 23.0, 12.0, 23.0, 10.0, 23.0, 21.0, 36.0, 15.0, 20.0, 23.0, 26.0, 18.0, 27.0, 18.0, 12.0, 37.0, 22.0, 34.0, 25.0, 18.0, 21.0, 22.0, 20.0, 27.0, 19.0, 9.0, 14.0, 12.0, 18.0, 29.0, 30.0, 29.0, 16.0, 55.0, 23.0, 36.0], "episode_lengths": [14, 27, 24, 19, 22, 16, 25, 11, 16, 11, 22, 20, 19, 15, 21, 21, 44, 27, 37, 19, 17, 13, 37, 111, 24, 26, 14, 10, 11, 17, 39, 15, 22, 18, 54, 12, 19, 20, 10, 14, 15, 25, 28, 12, 21, 14, 20, 12, 15, 19, 46, 15, 17, 41, 20, 21, 15, 51, 12, 17, 11, 13, 30, 15, 18, 12, 28, 32, 15, 11, 19, 20, 27, 12, 15, 11, 18, 43, 22, 26, 14, 45, 13, 16, 23, 12, 9, 37, 24, 13, 13, 11, 38, 16, 13, 18, 23, 28, 13, 13, 11, 20, 45, 11, 9, 49, 32, 25, 21, 12, 29, 20, 11, 12, 29, 32, 25, 30, 11, 43, 16, 24, 21, 43, 36, 17, 17, 11, 10, 19, 14, 59, 43, 31, 18, 33, 33, 34, 18, 27, 23, 12, 23, 10, 23, 21, 36, 15, 20, 23, 26, 18, 27, 18, 12, 37, 22, 34, 25, 18, 21, 22, 20, 27, 19, 9, 14, 12, 18, 29, 30, 29, 16, 55, 23, 36]}, "sampler_perf": {"mean_env_wait_ms": 0.05681244798434792, "mean_processing_ms": 0.14055844874001838, "mean_inference_ms": 0.6179522347730328}, "off_policy_estimator": {}, "num_healthy_workers": 1, "timesteps_total": 4000, "timers": {"sample_time_ms": 4115.982, "sample_throughput": 971.822, "load_time_ms": 36.622, "load_throughput": 109223.111, "learn_time_ms": 3812.413, "learn_throughput": 1049.204, "update_time_ms": 2.218}, "info": {"learner": {"default_policy": {"cur_kl_coeff": 0.20000000298023224, "cur_lr": 0.009999999776482582, "total_loss": 92.59696197509766, "policy_loss": -0.04905509203672409, "vf_loss": 92.63829803466797, "vf_explained_var": 0.24671757221221924, "kl": 0.038593899458646774, "entropy": 0.6555936932563782, "entropy_coeff": 0.0, "model": {}}}, "num_steps_sampled": 4000, "num_steps_trained": 4000}, "done": false, "episodes_total": 176, "training_iteration": 1, "experiment_id": "a7d68ba4d45944fa9ce6d30790da9799", "date": "2020-08-16_04-44-21", "timestamp": 1597553061, "time_this_iter_s": 8.07713794708252, "time_total_s": 8.07713794708252, "pid": 26702, "hostname": "ntozcc-dv-mlalo-vm", "node_ip": "10.0.0.4", "config": {"num_workers": 1, "num_envs_per_worker": 1, "rollout_fragment_length": 200, "sample_batch_size": -1, "batch_mode": "truncate_episodes", "num_gpus": 0, "train_batch_size": 4000, "model": {"conv_filters": null, "conv_activation": "relu", "fcnet_activation": "tanh", "fcnet_hiddens": [256, 256], "free_log_std": false, "no_final_linear": false, "vf_share_layers": true, "use_lstm": false, "max_seq_len": 20, "lstm_cell_size": 256, "lstm_use_prev_action_reward": false, "state_shape": null, "framestack": true, "dim": 84, "grayscale": false, "zero_mean": true, "custom_model": null, "custom_model_config": {}, "custom_action_dist": null, "custom_preprocessor": null, "custom_options": -1}, "optimizer": {}, "gamma": 0.99, "horizon": null, "soft_horizon": false, "no_done_at_end": false, "env_config": {}, "env": "CartPole-v0", "normalize_actions": false, "clip_rewards": null, "clip_actions": true, "preprocessor_pref": "deepmind", "lr": 0.01, "monitor": false, "log_level": "WARN", "callbacks": "<class 'ray.rllib.agents.callbacks.DefaultCallbacks'>", "ignore_worker_failures": false, "log_sys_usage": true, "fake_sampler": false, "framework": "tf", "eager_tracing": false, "no_eager_on_workers": false, "explore": true, "exploration_config": {"type": "StochasticSampling"}, "evaluation_interval": null, "evaluation_num_episodes": 10, "in_evaluation": false, "evaluation_config": {}, "evaluation_num_workers": 0, "custom_eval_function": null, "sample_async": false, "observation_filter": "NoFilter", "synchronize_filters": true, "tf_session_args": {"intra_op_parallelism_threads": 2, "inter_op_parallelism_threads": 2, "gpu_options": {"allow_growth": true}, "log_device_placement": false, "device_count": {"CPU": 1}, "allow_soft_placement": true}, "local_tf_session_args": {"intra_op_parallelism_threads": 8, "inter_op_parallelism_threads": 8}, "compress_observations": false, "collect_metrics_timeout": 180, "metrics_smoothing_episodes": 100, "remote_worker_envs": false, "remote_env_batch_wait_ms": 0, "min_iter_time_s": 0, "timesteps_per_iteration": 0, "seed": null, "extra_python_environs_for_driver": {}, "extra_python_environs_for_worker": {}, "num_cpus_per_worker": 1, "num_gpus_per_worker": 0, "custom_resources_per_worker": {}, "num_cpus_for_driver": 1, "memory": 0, "object_store_memory": 0, "memory_per_worker": 0, "object_store_memory_per_worker": 0, "input": "sampler", "input_evaluation": ["is", "wis"], "postprocess_inputs": false, "shuffle_buffer_size": 0, "output": null, "output_compress_columns": ["obs", "new_obs"], "output_max_file_size": 67108864, "multiagent": {"policies": {}, "policy_mapping_fn": null, "policies_to_train": null, "observation_fn": null}, "use_pytorch": -1, "use_critic": true, "use_gae": true, "lambda": 1.0, "kl_coeff": 0.2, "sgd_minibatch_size": 128, "shuffle_sequences": true, "num_sgd_iter": 30, "lr_schedule": null, "vf_share_layers": false, "vf_loss_coeff": 1.0, "entropy_coeff": 0.0, "entropy_coeff_schedule": null, "clip_param": 0.3, "vf_clip_param": 10.0, "grad_clip": null, "kl_target": 0.01, "simple_optimizer": false, "_fake_gpus": false}, "time_since_restore": 8.07713794708252, "timesteps_since_restore": 0, "iterations_since_restore": 1, "perf": {"cpu_util_percent": 73.22500000000001, "ram_util_percent": 32.28333333333334}, "trial_id": "1e5b7_00000", "experiment_tag": "0_lr=0.01"}
{"episode_reward_max": 127.0, "episode_reward_min": 9.0, "episode_reward_mean": 41.68, "episode_len_mean": 41.68, "episodes_this_iter": 95, "policy_reward_min": {}, "policy_reward_max": {}, "policy_reward_mean": {}, "custom_metrics": {}, "hist_stats": {"episode_reward": [32.0, 18.0, 43.0, 36.0, 16.0, 44.0, 48.0, 32.0, 25.0, 54.0, 23.0, 37.0, 101.0, 28.0, 15.0, 96.0, 20.0, 17.0, 20.0, 42.0, 37.0, 27.0, 103.0, 100.0, 41.0, 69.0, 23.0, 24.0, 49.0, 15.0, 11.0, 51.0, 36.0, 41.0, 46.0, 53.0, 14.0, 13.0, 12.0, 10.0, 16.0, 23.0, 18.0, 83.0, 76.0, 15.0, 23.0, 26.0, 62.0, 33.0, 30.0, 23.0, 106.0, 39.0, 92.0, 35.0, 11.0, 24.0, 33.0, 10.0, 61.0, 21.0, 45.0, 51.0, 16.0, 36.0, 96.0, 24.0, 54.0, 64.0, 11.0, 66.0, 33.0, 127.0, 18.0, 17.0, 51.0, 57.0, 42.0, 25.0, 66.0, 38.0, 40.0, 9.0, 47.0, 88.0, 75.0, 27.0, 70.0, 31.0, 106.0, 15.0, 50.0, 116.0, 16.0, 29.0, 16.0, 55.0, 23.0, 36.0], "episode_lengths": [32, 18, 43, 36, 16, 44, 48, 32, 25, 54, 23, 37, 101, 28, 15, 96, 20, 17, 20, 42, 37, 27, 103, 100, 41, 69, 23, 24, 49, 15, 11, 51, 36, 41, 46, 53, 14, 13, 12, 10, 16, 23, 18, 83, 76, 15, 23, 26, 62, 33, 30, 23, 106, 39, 92, 35, 11, 24, 33, 10, 61, 21, 45, 51, 16, 36, 96, 24, 54, 64, 11, 66, 33, 127, 18, 17, 51, 57, 42, 25, 66, 38, 40, 9, 47, 88, 75, 27, 70, 31, 106, 15, 50, 116, 16, 29, 16, 55, 23, 36]}, "sampler_perf": {"mean_env_wait_ms": 0.05712857904846943, "mean_processing_ms": 0.13762628067425708,