{"episode_reward_max": 101.0, "episode_reward_min": 9.0, "episode_reward_mean": 22.410112359550563, "episode_len_mean": 22.410112359550563, "episodes_this_iter": 178, "policy_reward_min": {}, "policy_reward_max": {}, "policy_reward_mean": {}, "custom_metrics": {}, "hist_stats": {"episode_reward": [19.0, 19.0, 47.0, 27.0, 21.0, 14.0, 20.0, 11.0, 24.0, 22.0, 33.0, 11.0, 11.0, 28.0, 22.0, 17.0, 26.0, 21.0, 17.0, 25.0, 35.0, 10.0, 15.0, 14.0, 20.0, 15.0, 25.0, 16.0, 14.0, 12.0, 19.0, 24.0, 27.0, 15.0, 18.0, 10.0, 13.0, 12.0, 14.0, 23.0, 14.0, 25.0, 24.0, 19.0, 17.0, 19.0, 11.0, 20.0, 21.0, 14.0, 24.0, 19.0, 19.0, 12.0, 23.0, 44.0, 20.0, 53.0, 14.0, 52.0, 12.0, 30.0, 15.0, 14.0, 13.0, 14.0, 25.0, 15.0, 49.0, 10.0, 101.0, 16.0, 32.0, 16.0, 12.0, 16.0, 17.0, 20.0, 17.0, 19.0, 23.0, 21.0, 11.0, 12.0, 14.0, 48.0, 21.0, 19.0, 15.0, 31.0, 13.0, 16.0, 9.0, 35.0, 18.0, 11.0, 11.0, 34.0, 12.0, 17.0, 13.0, 10.0, 22.0, 12.0, 21.0, 10.0, 14.0, 20.0, 28.0, 22.0, 24.0, 65.0, 32.0, 18.0, 18.0, 20.0, 30.0, 13.0, 12.0, 16.0, 9.0, 68.0, 14.0, 19.0, 14.0, 21.0, 22.0, 17.0, 11.0, 22.0, 16.0, 40.0, 74.0, 17.0, 43.0, 14.0, 46.0, 30.0, 16.0, 39.0, 28.0, 30.0, 96.0, 34.0, 21.0, 14.0, 12.0, 29.0, 13.0, 10.0, 18.0, 16.0, 10.0, 11.0, 20.0, 25.0, 20.0, 27.0, 23.0, 17.0, 19.0, 21.0, 25.0, 27.0, 29.0, 31.0, 20.0, 19.0, 17.0, 16.0, 33.0, 15.0, 57.0, 22.0, 23.0, 12.0, 19.0, 34.0], "episode_lengths": [19, 19, 47, 27, 21, 14, 20, 11, 24, 22, 33, 11, 11, 28, 22, 17, 26, 21, 17, 25, 35, 10, 15, 14, 20, 15, 25, 16, 14, 12, 19, 24, 27, 15, 18, 10, 13, 12, 14, 23, 14, 25, 24, 19, 17, 19, 11, 20, 21, 14, 24, 19, 19, 12, 23, 44, 20, 53, 14, 52, 12, 30, 15, 14, 13, 14, 25, 15, 49, 10, 101, 16, 32, 16, 12, 16, 17, 20, 17, 19, 23, 21, 11, 12, 14, 48, 21, 19, 15, 31, 13, 16, 9, 35, 18, 11, 11, 34, 12, 17, 13, 10, 22, 12, 21, 10, 14, 20, 28, 22, 24, 65, 32, 18, 18, 20, 30, 13, 12, 16, 9, 68, 14, 19, 14, 21, 22, 17, 11, 22, 16, 40, 74, 17, 43, 14, 46, 30, 16, 39, 28, 30, 96, 34, 21, 14, 12, 29, 13, 10, 18, 16, 10, 11, 20, 25, 20, 27, 23, 17, 19, 21, 25, 27, 29, 31, 20, 19, 17, 16, 33, 15, 57, 22, 23, 12, 19, 34]}, "sampler_perf": {"mean_env_wait_ms": 0.05795448549209134, "mean_processing_ms": 0.1422665888474781, "mean_inference_ms": 0.6257542608023227}, "off_policy_estimator": {}, "num_healthy_workers": 1, "timesteps_total": 4000, "timers": {"sample_time_ms": 4156.723, "sample_throughput": 962.296, "load_time_ms": 40.731, "load_throughput": 98205.411, "learn_time_ms": 3902.568, "learn_throughput": 1024.966, "update_time_ms": 2.496}, "info": {"learner": {"default_policy": {"cur_kl_coeff": 0.20000000298023224, "cur_lr": 0.009999999776482582, "total_loss": 111.84366607666016, "policy_loss": -0.039544131606817245, "vf_loss": 111.87625885009766, "vf_explained_var": 0.20660938322544098, "kl": 0.034784987568855286, "entropy": 0.6586867570877075, "entropy_coeff": 0.0, "model": {}}}, "num_steps_sampled": 4000, "num_steps_trained": 4000}, "done": false, "episodes_total": 178, "training_iteration": 1, "experiment_id": "0c07f2614ae14c31b7f869e558983e01", "date": "2020-08-16_04-56-41", "timestamp": 1597553801, "time_this_iter_s": 8.203260660171509, "time_total_s": 8.203260660171509, "pid": 27391, "hostname": "ntozcc-dv-mlalo-vm", "node_ip": "10.0.0.4", "config": {"num_workers": 1, "num_envs_per_worker": 1, "rollout_fragment_length": 200, "sample_batch_size": -1, "batch_mode": "truncate_episodes", "num_gpus": 0, "train_batch_size": 4000, "model": {"conv_filters": null, "conv_activation": "relu", "fcnet_activation": "tanh", "fcnet_hiddens": [256, 256], "free_log_std": false, "no_final_linear": false, "vf_share_layers": true, "use_lstm": false, "max_seq_len": 20, "lstm_cell_size": 256, "lstm_use_prev_action_reward": false, "state_shape": null, "framestack": true, "dim": 84, "grayscale": false, "zero_mean": true, "custom_model": null, "custom_model_config": {}, "custom_action_dist": null, "custom_preprocessor": null, "custom_options": -1}, "optimizer": {}, "gamma": 0.99, "horizon": null, "soft_horizon": false, "no_done_at_end": false, "env_config": {}, "env": "CartPole-v0", "normalize_actions": false, "clip_rewards": null, "clip_actions": true, "preprocessor_pref": "deepmind", "lr": 0.01, "monitor": false, "log_level": "WARN", "callbacks": "<class 'ray.rllib.agents.callbacks.DefaultCallbacks'>", "ignore_worker_failures": false, "log_sys_usage": true, "fake_sampler": false, "framework": "tf", "eager_tracing": false, "no_eager_on_workers": false, "explore": true, "exploration_config": {"type": "StochasticSampling"}, "evaluation_interval": null, "evaluation_num_episodes": 10, "in_evaluation": false, "evaluation_config": {}, "evaluation_num_workers": 0, "custom_eval_function": null, "sample_async": false, "observation_filter": "NoFilter", "synchronize_filters": true, "tf_session_args": {"intra_op_parallelism_threads": 2, "inter_op_parallelism_threads": 2, "gpu_options": {"allow_growth": true}, "log_device_placement": false, "device_count": {"CPU": 1}, "allow_soft_placement": true}, "local_tf_session_args": {"intra_op_parallelism_threads": 8, "inter_op_parallelism_threads": 8}, "compress_observations": false, "collect_metrics_timeout": 180, "metrics_smoothing_episodes": 100, "remote_worker_envs": false, "remote_env_batch_wait_ms": 0, "min_iter_time_s": 0, "timesteps_per_iteration": 0, "seed": null, "extra_python_environs_for_driver": {}, "extra_python_environs_for_worker": {}, "num_cpus_per_worker": 1, "num_gpus_per_worker": 0, "custom_resources_per_worker": {}, "num_cpus_for_driver": 1, "memory": 0, "object_store_memory": 0, "memory_per_worker": 0, "object_store_memory_per_worker": 0, "input": "sampler", "input_evaluation": ["is", "wis"], "postprocess_inputs": false, "shuffle_buffer_size": 0, "output": null, "output_compress_columns": ["obs", "new_obs"], "output_max_file_size": 67108864, "multiagent": {"policies": {}, "policy_mapping_fn": null, "policies_to_train": null, "observation_fn": null}, "use_pytorch": -1, "use_critic": true, "use_gae": true, "lambda": 1.0, "kl_coeff": 0.2, "sgd_minibatch_size": 128, "shuffle_sequences": true, "num_sgd_iter": 30, "lr_schedule": null, "vf_share_layers": false, "vf_loss_coeff": 1.0, "entropy_coeff": 0.0, "entropy_coeff_schedule": null, "clip_param": 0.3, "vf_clip_param": 10.0, "grad_clip": null, "kl_target": 0.01, "simple_optimizer": false, "_fake_gpus": false}, "time_since_restore": 8.203260660171509, "timesteps_since_restore": 0, "iterations_since_restore": 1, "perf": {"cpu_util_percent": 72.89166666666667, "ram_util_percent": 32.35}, "trial_id": "d793c_00000", "experiment_tag": "0_lr=0.01"}
{"episode_reward_max": 147.0, "episode_reward_min": 10.0, "episode_reward_mean": 45.54, "episode_len_mean": 45.54, "episodes_this_iter": 72, "policy_reward_min": {}, "policy_reward_max": {}, "policy_reward_mean": {}, "custom_metrics": {}, "hist_stats": {"episode_reward": [123.0, 34.0, 50.0, 105.0, 61.0, 87.0, 69.0, 46.0, 16.0, 69.0, 21.0, 39.0, 41.0, 71.0, 74.0, 58.0, 20.0, 14.0, 15.0, 98.0, 25.0, 42.0, 83.0, 79.0, 45.0, 127.0, 81.0, 34.0, 31.0, 12.0, 66.0, 20.0, 49.0, 24.0, 26.0, 34.0, 62.0, 81.0, 63.0, 25.0, 21.0, 126.0, 72.0, 40.0, 147.0, 92.0, 15.0, 61.0, 58.0, 98.0, 19.0, 13.0, 24.0, 41.0, 114.0, 20.0, 29.0, 87.0, 23.0, 82.0, 35.0, 15.0, 105.0, 50.0, 24.0, 54.0, 49.0, 75.0, 55.0, 89.0, 55.0, 20.0, 18.0, 16.0, 10.0, 11.0, 20.0, 25.0, 20.0, 27.0, 23.0, 17.0, 19.0, 21.0, 25.0, 27.0, 29.0, 31.0, 20.0, 19.0, 17.0, 16.0, 33.0, 15.0, 57.0, 22.0, 23.0, 12.0, 19.0, 34.0], "episode_lengths": [123, 34, 50, 105, 61, 87, 69, 46, 16, 69, 21, 39, 41, 71, 74, 58, 20, 14, 15, 98, 25, 42, 83, 79, 45, 127, 81, 34, 31, 12, 66, 20, 49, 24, 26, 34, 62, 81, 63, 25, 21, 126, 72, 40, 147, 92, 15, 61, 58, 98, 19, 13, 24, 41, 114, 20, 29, 87, 23, 82, 35, 15, 105, 50, 24, 54, 49, 75, 55, 89, 55, 20, 18, 16, 10, 11, 20, 25, 20, 27, 23, 17, 19, 21, 25, 27, 29, 31, 20, 19, 17, 16, 33, 15, 57, 22, 23, 12, 19, 34]}, "sampler_perf": {"mean_env_wait_ms": 0.05789301863419658, "mean_processing_ms": 0.13870376693085432,