{"episode_reward_max": 76.0, "episode_reward_min": 8.0, "episode_reward_mean": 22.22222222222222, "episode_len_mean": 22.22222222222222, "episodes_this_iter": 180, "policy_reward_min": {}, "policy_reward_max": {}, "policy_reward_mean": {}, "custom_metrics": {}, "hist_stats": {"episode_reward": [26.0, 10.0, 23.0, 23.0, 59.0, 11.0, 20.0, 19.0, 12.0, 23.0, 18.0, 18.0, 61.0, 15.0, 11.0, 15.0, 18.0, 12.0, 21.0, 28.0, 16.0, 25.0, 16.0, 19.0, 23.0, 15.0, 18.0, 15.0, 10.0, 15.0, 18.0, 24.0, 14.0, 38.0, 20.0, 13.0, 40.0, 15.0, 14.0, 19.0, 11.0, 13.0, 19.0, 16.0, 20.0, 34.0, 21.0, 12.0, 34.0, 18.0, 30.0, 13.0, 76.0, 17.0, 17.0, 15.0, 15.0, 27.0, 15.0, 15.0, 8.0, 19.0, 26.0, 14.0, 12.0, 20.0, 40.0, 18.0, 22.0, 51.0, 13.0, 13.0, 12.0, 26.0, 12.0, 10.0, 68.0, 30.0, 16.0, 59.0, 9.0, 14.0, 19.0, 47.0, 34.0, 28.0, 17.0, 36.0, 18.0, 22.0, 19.0, 14.0, 12.0, 12.0, 22.0, 23.0, 17.0, 18.0, 20.0, 26.0, 21.0, 10.0, 46.0, 15.0, 16.0, 17.0, 16.0, 14.0, 22.0, 20.0, 21.0, 19.0, 16.0, 38.0, 21.0, 13.0, 23.0, 14.0, 19.0, 16.0, 14.0, 73.0, 37.0, 28.0, 16.0, 18.0, 19.0, 14.0, 21.0, 12.0, 25.0, 9.0, 14.0, 14.0, 19.0, 30.0, 25.0, 35.0, 47.0, 19.0, 29.0, 13.0, 40.0, 46.0, 21.0, 16.0, 30.0, 10.0, 70.0, 13.0, 12.0, 13.0, 9.0, 9.0, 22.0, 25.0, 13.0, 32.0, 15.0, 68.0, 16.0, 14.0, 12.0, 35.0, 36.0, 23.0, 18.0, 24.0, 25.0, 24.0, 23.0, 25.0, 15.0, 9.0, 27.0, 19.0, 35.0, 17.0, 10.0, 17.0], "episode_lengths": [26, 10, 23, 23, 59, 11, 20, 19, 12, 23, 18, 18, 61, 15, 11, 15, 18, 12, 21, 28, 16, 25, 16, 19, 23, 15, 18, 15, 10, 15, 18, 24, 14, 38, 20, 13, 40, 15, 14, 19, 11, 13, 19, 16, 20, 34, 21, 12, 34, 18, 30, 13, 76, 17, 17, 15, 15, 27, 15, 15, 8, 19, 26, 14, 12, 20, 40, 18, 22, 51, 13, 13, 12, 26, 12, 10, 68, 30, 16, 59, 9, 14, 19, 47, 34, 28, 17, 36, 18, 22, 19, 14, 12, 12, 22, 23, 17, 18, 20, 26, 21, 10, 46, 15, 16, 17, 16, 14, 22, 20, 21, 19, 16, 38, 21, 13, 23, 14, 19, 16, 14, 73, 37, 28, 16, 18, 19, 14, 21, 12, 25, 9, 14, 14, 19, 30, 25, 35, 47, 19, 29, 13, 40, 46, 21, 16, 30, 10, 70, 13, 12, 13, 9, 9, 22, 25, 13, 32, 15, 68, 16, 14, 12, 35, 36, 23, 18, 24, 25, 24, 23, 25, 15, 9, 27, 19, 35, 17, 10, 17]}, "sampler_perf": {"mean_env_wait_ms": 0.11037969791838541, "mean_processing_ms": 0.2541369242955374, "mean_inference_ms": 1.1485147345098845}, "off_policy_estimator": {}, "num_healthy_workers": 1, "timesteps_total": 4000, "timers": {"sample_time_ms": 7215.478, "sample_throughput": 554.364, "load_time_ms": 77.521, "load_throughput": 51599.182, "learn_time_ms": 5602.368, "learn_throughput": 713.984, "update_time_ms": 3.13}, "info": {"learner": {"default_policy": {"cur_kl_coeff": 0.20000000298023224, "cur_lr": 9.999999747378752e-05, "total_loss": 105.21724700927734, "policy_loss": -0.04839580878615379, "vf_loss": 105.2594985961914, "vf_explained_var": 0.21997639536857605, "kl": 0.030765868723392487, "entropy": 0.6629058718681335, "entropy_coeff": 0.0, "model": {}}}, "num_steps_sampled": 4000, "num_steps_trained": 4000}, "done": true, "episodes_total": 180, "training_iteration": 1, "experiment_id": "d97496acec3b4f56b13dbed02e0a3021", "date": "2020-08-18_17-27-06", "timestamp": 1597771626, "time_this_iter_s": 13.106690406799316, "time_total_s": 13.106690406799316, "pid": 12747, "hostname": "terminator-1000", "node_ip": "10.168.0.7", "config": {"num_workers": 1, "num_envs_per_worker": 1, "rollout_fragment_length": 200, "sample_batch_size": -1, "batch_mode": "truncate_episodes", "num_gpus": 0, "train_batch_size": 4000, "model": {"conv_filters": null, "conv_activation": "relu", "fcnet_activation": "tanh", "fcnet_hiddens": [256, 256], "free_log_std": false, "no_final_linear": false, "vf_share_layers": true, "use_lstm": false, "max_seq_len": 20, "lstm_cell_size": 256, "lstm_use_prev_action_reward": false, "state_shape": null, "framestack": true, "dim": 84, "grayscale": false, "zero_mean": true, "custom_model": null, "custom_model_config": {}, "custom_action_dist": null, "custom_preprocessor": null, "custom_options": -1}, "optimizer": {}, "gamma": 0.99, "horizon": null, "soft_horizon": false, "no_done_at_end": false, "env_config": {}, "env": "CartPole-v0", "normalize_actions": false, "clip_rewards": null, "clip_actions": true, "preprocessor_pref": "deepmind", "lr": 0.0001, "monitor": false, "log_level": "WARN", "callbacks": "<class 'ray.rllib.agents.callbacks.DefaultCallbacks'>", "ignore_worker_failures": false, "log_sys_usage": true, "fake_sampler": false, "framework": "tf", "eager_tracing": false, "no_eager_on_workers": false, "explore": true, "exploration_config": {"type": "StochasticSampling"}, "evaluation_interval": null, "evaluation_num_episodes": 10, "in_evaluation": false, "evaluation_config": {}, "evaluation_num_workers": 0, "custom_eval_function": null, "sample_async": false, "observation_filter": "NoFilter", "synchronize_filters": true, "tf_session_args": {"intra_op_parallelism_threads": 2, "inter_op_parallelism_threads": 2, "gpu_options": {"allow_growth": true}, "log_device_placement": false, "device_count": {"CPU": 1}, "allow_soft_placement": true}, "local_tf_session_args": {"intra_op_parallelism_threads": 8, "inter_op_parallelism_threads": 8}, "compress_observations": false, "collect_metrics_timeout": 180, "metrics_smoothing_episodes": 100, "remote_worker_envs": false, "remote_env_batch_wait_ms": 0, "min_iter_time_s": 0, "timesteps_per_iteration": 0, "seed": null, "extra_python_environs_for_driver": {}, "extra_python_environs_for_worker": {}, "num_cpus_per_worker": 1, "num_gpus_per_worker": 0, "custom_resources_per_worker": {}, "num_cpus_for_driver": 1, "memory": 0, "object_store_memory": 0, "memory_per_worker": 0, "object_store_memory_per_worker": 0, "input": "sampler", "input_evaluation": ["is", "wis"], "postprocess_inputs": false, "shuffle_buffer_size": 0, "output": null, "output_compress_columns": ["obs", "new_obs"], "output_max_file_size": 67108864, "multiagent": {"policies": {}, "policy_mapping_fn": null, "policies_to_train": null, "observation_fn": null}, "use_pytorch": -1, "use_critic": true, "use_gae": true, "lambda": 1.0, "kl_coeff": 0.2, "sgd_minibatch_size": 128, "shuffle_sequences": true, "num_sgd_iter": 30, "lr_schedule": null, "vf_share_layers": false, "vf_loss_coeff": 1.0, "entropy_coeff": 0.0, "entropy_coeff_schedule": null, "clip_param": 0.3, "vf_clip_param": 10.0, "grad_clip": null, "kl_target": 0.01, "simple_optimizer": false, "_fake_gpus": false}, "time_since_restore": 13.106690406799316, "timesteps_since_restore": 0, "iterations_since_restore": 1, "perf": {"cpu_util_percent": 37.136842105263156, "ram_util_percent": 3.5052631578947366}, "trial_id": "fe732_00002", "experiment_tag": "2_lr=0.0001"}
