{"episode_reward_max": 71.0, "episode_reward_min": 8.0, "episode_reward_mean": 22.177777777777777, "episode_len_mean": 22.177777777777777, "episodes_this_iter": 180, "policy_reward_min": {}, "policy_reward_max": {}, "policy_reward_mean": {}, "custom_metrics": {}, "hist_stats": {"episode_reward": [17.0, 24.0, 18.0, 20.0, 10.0, 21.0, 12.0, 19.0, 16.0, 21.0, 10.0, 15.0, 42.0, 11.0, 16.0, 27.0, 30.0, 29.0, 17.0, 24.0, 36.0, 22.0, 14.0, 12.0, 12.0, 11.0, 12.0, 10.0, 15.0, 20.0, 28.0, 35.0, 16.0, 16.0, 19.0, 10.0, 15.0, 11.0, 51.0, 14.0, 48.0, 17.0, 9.0, 28.0, 16.0, 18.0, 16.0, 24.0, 12.0, 14.0, 15.0, 18.0, 37.0, 13.0, 15.0, 17.0, 25.0, 14.0, 14.0, 16.0, 20.0, 19.0, 14.0, 14.0, 52.0, 14.0, 43.0, 18.0, 19.0, 15.0, 13.0, 28.0, 15.0, 35.0, 11.0, 20.0, 35.0, 14.0, 28.0, 21.0, 22.0, 10.0, 15.0, 32.0, 34.0, 47.0, 38.0, 27.0, 32.0, 11.0, 19.0, 26.0, 11.0, 17.0, 14.0, 13.0, 17.0, 37.0, 29.0, 37.0, 28.0, 31.0, 40.0, 8.0, 28.0, 34.0, 43.0, 21.0, 16.0, 18.0, 11.0, 11.0, 29.0, 14.0, 15.0, 14.0, 12.0, 26.0, 46.0, 41.0, 13.0, 17.0, 15.0, 25.0, 44.0, 15.0, 32.0, 48.0, 28.0, 10.0, 27.0, 14.0, 22.0, 16.0, 15.0, 12.0, 13.0, 29.0, 26.0, 15.0, 26.0, 22.0, 11.0, 11.0, 30.0, 29.0, 71.0, 14.0, 10.0, 46.0, 46.0, 29.0, 25.0, 28.0, 20.0, 15.0, 17.0, 26.0, 16.0, 13.0, 34.0, 10.0, 18.0, 48.0, 14.0, 20.0, 11.0, 16.0, 26.0, 41.0, 15.0, 12.0, 12.0, 26.0, 13.0, 38.0, 11.0, 46.0, 38.0, 16.0], "episode_lengths": [17, 24, 18, 20, 10, 21, 12, 19, 16, 21, 10, 15, 42, 11, 16, 27, 30, 29, 17, 24, 36, 22, 14, 12, 12, 11, 12, 10, 15, 20, 28, 35, 16, 16, 19, 10, 15, 11, 51, 14, 48, 17, 9, 28, 16, 18, 16, 24, 12, 14, 15, 18, 37, 13, 15, 17, 25, 14, 14, 16, 20, 19, 14, 14, 52, 14, 43, 18, 19, 15, 13, 28, 15, 35, 11, 20, 35, 14, 28, 21, 22, 10, 15, 32, 34, 47, 38, 27, 32, 11, 19, 26, 11, 17, 14, 13, 17, 37, 29, 37, 28, 31, 40, 8, 28, 34, 43, 21, 16, 18, 11, 11, 29, 14, 15, 14, 12, 26, 46, 41, 13, 17, 15, 25, 44, 15, 32, 48, 28, 10, 27, 14, 22, 16, 15, 12, 13, 29, 26, 15, 26, 22, 11, 11, 30, 29, 71, 14, 10, 46, 46, 29, 25, 28, 20, 15, 17, 26, 16, 13, 34, 10, 18, 48, 14, 20, 11, 16, 26, 41, 15, 12, 12, 26, 13, 38, 11, 46, 38, 16]}, "sampler_perf": {"mean_env_wait_ms": 0.057632939215452476, "mean_processing_ms": 0.14180399363888888, "mean_inference_ms": 0.6447565373823779}, "off_policy_estimator": {}, "num_healthy_workers": 1, "timesteps_total": 4000, "timers": {"sample_time_ms": 4539.621, "sample_throughput": 881.131, "load_time_ms": 40.339, "load_throughput": 99158.467, "learn_time_ms": 3835.206, "learn_throughput": 1042.969, "update_time_ms": 2.316}, "info": {"learner": {"default_policy": {"cur_kl_coeff": 0.20000000298023224, "cur_lr": 0.0010000000474974513, "total_loss": 68.42642211914062, "policy_loss": -0.057155951857566833, "vf_loss": 68.4754867553711, "vf_explained_var": 0.31026890873908997, "kl": 0.04047156870365143, "entropy": 0.6532443761825562, "entropy_coeff": 0.0, "model": {}}}, "num_steps_sampled": 4000, "num_steps_trained": 4000}, "done": true, "episodes_total": 180, "training_iteration": 1, "experiment_id": "ea97b0f7d9dd410394944e6d155097ca", "date": "2020-08-16_03-43-29", "timestamp": 1597549409, "time_this_iter_s": 8.515229225158691, "time_total_s": 8.515229225158691, "pid": 19673, "hostname": "ntozcc-dv-mlalo-vm", "node_ip": "10.0.0.4", "config": {"num_workers": 1, "num_envs_per_worker": 1, "rollout_fragment_length": 200, "sample_batch_size": -1, "batch_mode": "truncate_episodes", "num_gpus": 0, "train_batch_size": 4000, "model": {"conv_filters": null, "conv_activation": "relu", "fcnet_activation": "tanh", "fcnet_hiddens": [256, 256], "free_log_std": false, "no_final_linear": false, "vf_share_layers": true, "use_lstm": false, "max_seq_len": 20, "lstm_cell_size": 256, "lstm_use_prev_action_reward": false, "state_shape": null, "framestack": true, "dim": 84, "grayscale": false, "zero_mean": true, "custom_model": null, "custom_model_config": {}, "custom_action_dist": null, "custom_preprocessor": null, "custom_options": -1}, "optimizer": {}, "gamma": 0.99, "horizon": null, "soft_horizon": false, "no_done_at_end": false, "env_config": {}, "env": "CartPole-v0", "normalize_actions": false, "clip_rewards": null, "clip_actions": true, "preprocessor_pref": "deepmind", "lr": 0.001, "monitor": false, "log_level": "WARN", "callbacks": "<class 'ray.rllib.agents.callbacks.DefaultCallbacks'>", "ignore_worker_failures": false, "log_sys_usage": true, "fake_sampler": false, "framework": "tf", "eager_tracing": false, "no_eager_on_workers": false, "explore": true, "exploration_config": {"type": "StochasticSampling"}, "evaluation_interval": null, "evaluation_num_episodes": 10, "in_evaluation": false, "evaluation_config": {}, "evaluation_num_workers": 0, "custom_eval_function": null, "sample_async": false, "observation_filter": "NoFilter", "synchronize_filters": true, "tf_session_args": {"intra_op_parallelism_threads": 2, "inter_op_parallelism_threads": 2, "gpu_options": {"allow_growth": true}, "log_device_placement": false, "device_count": {"CPU": 1}, "allow_soft_placement": true}, "local_tf_session_args": {"intra_op_parallelism_threads": 8, "inter_op_parallelism_threads": 8}, "compress_observations": false, "collect_metrics_timeout": 180, "metrics_smoothing_episodes": 100, "remote_worker_envs": false, "remote_env_batch_wait_ms": 0, "min_iter_time_s": 0, "timesteps_per_iteration": 0, "seed": null, "extra_python_environs_for_driver": {}, "extra_python_environs_for_worker": {}, "num_cpus_per_worker": 1, "num_gpus_per_worker": 0, "custom_resources_per_worker": {}, "num_cpus_for_driver": 1, "memory": 0, "object_store_memory": 0, "memory_per_worker": 0, "object_store_memory_per_worker": 0, "input": "sampler", "input_evaluation": ["is", "wis"], "postprocess_inputs": false, "shuffle_buffer_size": 0, "output": null, "output_compress_columns": ["obs", "new_obs"], "output_max_file_size": 67108864, "multiagent": {"policies": {}, "policy_mapping_fn": null, "policies_to_train": null, "observation_fn": null}, "use_pytorch": -1, "use_critic": true, "use_gae": true, "lambda": 1.0, "kl_coeff": 0.2, "sgd_minibatch_size": 128, "shuffle_sequences": true, "num_sgd_iter": 30, "lr_schedule": null, "vf_share_layers": false, "vf_loss_coeff": 1.0, "entropy_coeff": 0.0, "entropy_coeff_schedule": null, "clip_param": 0.3, "vf_clip_param": 10.0, "grad_clip": null, "kl_target": 0.01, "simple_optimizer": false, "_fake_gpus": false}, "time_since_restore": 8.515229225158691, "timesteps_since_restore": 0, "iterations_since_restore": 1, "perf": {"cpu_util_percent": 71.62307692307692, "ram_util_percent": 32.35384615384616}, "trial_id": "951be_00001", "experiment_tag": "1_lr=0.001"}
