{"episode_reward_max": 86.0, "episode_reward_min": 8.0, "episode_reward_mean": 20.93193717277487, "episode_len_mean": 20.93193717277487, "episodes_this_iter": 191, "policy_reward_min": {}, "policy_reward_max": {}, "policy_reward_mean": {}, "custom_metrics": {}, "hist_stats": {"episode_reward": [16.0, 12.0, 31.0, 11.0, 34.0, 14.0, 13.0, 13.0, 15.0, 18.0, 15.0, 19.0, 10.0, 21.0, 9.0, 56.0, 12.0, 47.0, 20.0, 18.0, 13.0, 32.0, 30.0, 18.0, 37.0, 25.0, 17.0, 11.0, 21.0, 11.0, 25.0, 19.0, 10.0, 20.0, 28.0, 45.0, 26.0, 12.0, 12.0, 16.0, 10.0, 28.0, 28.0, 17.0, 11.0, 22.0, 34.0, 26.0, 11.0, 18.0, 18.0, 14.0, 31.0, 20.0, 17.0, 24.0, 42.0, 15.0, 27.0, 19.0, 17.0, 15.0, 20.0, 17.0, 15.0, 19.0, 18.0, 31.0, 12.0, 14.0, 27.0, 23.0, 10.0, 46.0, 45.0, 24.0, 57.0, 21.0, 10.0, 15.0, 34.0, 14.0, 16.0, 16.0, 31.0, 9.0, 18.0, 16.0, 16.0, 12.0, 43.0, 13.0, 24.0, 15.0, 20.0, 18.0, 13.0, 17.0, 18.0, 10.0, 9.0, 13.0, 31.0, 22.0, 26.0, 36.0, 21.0, 14.0, 21.0, 11.0, 12.0, 86.0, 19.0, 17.0, 15.0, 29.0, 17.0, 13.0, 28.0, 19.0, 24.0, 13.0, 11.0, 15.0, 10.0, 16.0, 15.0, 22.0, 39.0, 23.0, 32.0, 14.0, 18.0, 40.0, 12.0, 13.0, 17.0, 23.0, 17.0, 19.0, 25.0, 25.0, 11.0, 28.0, 10.0, 14.0, 56.0, 32.0, 20.0, 31.0, 29.0, 25.0, 10.0, 17.0, 29.0, 14.0, 18.0, 17.0, 21.0, 31.0, 25.0, 21.0, 30.0, 16.0, 16.0, 11.0, 12.0, 24.0, 27.0, 11.0, 32.0, 22.0, 14.0, 20.0, 22.0, 11.0, 12.0, 19.0, 14.0, 13.0, 32.0, 27.0, 10.0, 25.0, 8.0, 15.0, 19.0, 18.0, 28.0, 21.0, 15.0], "episode_lengths": [16, 12, 31, 11, 34, 14, 13, 13, 15, 18, 15, 19, 10, 21, 9, 56, 12, 47, 20, 18, 13, 32, 30, 18, 37, 25, 17, 11, 21, 11, 25, 19, 10, 20, 28, 45, 26, 12, 12, 16, 10, 28, 28, 17, 11, 22, 34, 26, 11, 18, 18, 14, 31, 20, 17, 24, 42, 15, 27, 19, 17, 15, 20, 17, 15, 19, 18, 31, 12, 14, 27, 23, 10, 46, 45, 24, 57, 21, 10, 15, 34, 14, 16, 16, 31, 9, 18, 16, 16, 12, 43, 13, 24, 15, 20, 18, 13, 17, 18, 10, 9, 13, 31, 22, 26, 36, 21, 14, 21, 11, 12, 86, 19, 17, 15, 29, 17, 13, 28, 19, 24, 13, 11, 15, 10, 16, 15, 22, 39, 23, 32, 14, 18, 40, 12, 13, 17, 23, 17, 19, 25, 25, 11, 28, 10, 14, 56, 32, 20, 31, 29, 25, 10, 17, 29, 14, 18, 17, 21, 31, 25, 21, 30, 16, 16, 11, 12, 24, 27, 11, 32, 22, 14, 20, 22, 11, 12, 19, 14, 13, 32, 27, 10, 25, 8, 15, 19, 18, 28, 21, 15]}, "sampler_perf": {"mean_env_wait_ms": 0.056977034866496995, "mean_processing_ms": 0.14192418615927066, "mean_inference_ms": 0.6123580088826365}, "off_policy_estimator": {}, "num_healthy_workers": 1, "timesteps_total": 4000, "timers": {"sample_time_ms": 4417.047, "sample_throughput": 905.582, "load_time_ms": 40.126, "load_throughput": 99686.962, "learn_time_ms": 3876.828, "learn_throughput": 1031.771, "update_time_ms": 2.764}, "info": {"learner": {"default_policy": {"cur_kl_coeff": 0.20000000298023224, "cur_lr": 0.0010000000474974513, "total_loss": 73.18730926513672, "policy_loss": -0.04820241034030914, "vf_loss": 73.22769927978516, "vf_explained_var": 0.2739141583442688, "kl": 0.0390717051923275, "entropy": 0.6544241905212402, "entropy_coeff": 0.0, "model": {}}}, "num_steps_sampled": 4000, "num_steps_trained": 4000}, "done": true, "episodes_total": 191, "training_iteration": 1, "experiment_id": "56ef4e7f1302471c9e115faad29a068b", "date": "2020-08-16_04-01-37", "timestamp": 1597550497, "time_this_iter_s": 8.43837857246399, "time_total_s": 8.43837857246399, "pid": 22903, "hostname": "ntozcc-dv-mlalo-vm", "node_ip": "10.0.0.4", "config": {"num_workers": 1, "num_envs_per_worker": 1, "rollout_fragment_length": 200, "sample_batch_size": -1, "batch_mode": "truncate_episodes", "num_gpus": 0, "train_batch_size": 4000, "model": {"conv_filters": null, "conv_activation": "relu", "fcnet_activation": "tanh", "fcnet_hiddens": [256, 256], "free_log_std": false, "no_final_linear": false, "vf_share_layers": true, "use_lstm": false, "max_seq_len": 20, "lstm_cell_size": 256, "lstm_use_prev_action_reward": false, "state_shape": null, "framestack": true, "dim": 84, "grayscale": false, "zero_mean": true, "custom_model": null, "custom_model_config": {}, "custom_action_dist": null, "custom_preprocessor": null, "custom_options": -1}, "optimizer": {}, "gamma": 0.99, "horizon": null, "soft_horizon": false, "no_done_at_end": false, "env_config": {}, "env": "CartPole-v0", "normalize_actions": false, "clip_rewards": null, "clip_actions": true, "preprocessor_pref": "deepmind", "lr": 0.001, "monitor": false, "log_level": "WARN", "callbacks": "<class 'ray.rllib.agents.callbacks.DefaultCallbacks'>", "ignore_worker_failures": false, "log_sys_usage": true, "fake_sampler": false, "framework": "tf", "eager_tracing": false, "no_eager_on_workers": false, "explore": true, "exploration_config": {"type": "StochasticSampling"}, "evaluation_interval": null, "evaluation_num_episodes": 10, "in_evaluation": false, "evaluation_config": {}, "evaluation_num_workers": 0, "custom_eval_function": null, "sample_async": false, "observation_filter": "NoFilter", "synchronize_filters": true, "tf_session_args": {"intra_op_parallelism_threads": 2, "inter_op_parallelism_threads": 2, "gpu_options": {"allow_growth": true}, "log_device_placement": false, "device_count": {"CPU": 1}, "allow_soft_placement": true}, "local_tf_session_args": {"intra_op_parallelism_threads": 8, "inter_op_parallelism_threads": 8}, "compress_observations": false, "collect_metrics_timeout": 180, "metrics_smoothing_episodes": 100, "remote_worker_envs": false, "remote_env_batch_wait_ms": 0, "min_iter_time_s": 0, "timesteps_per_iteration": 0, "seed": null, "extra_python_environs_for_driver": {}, "extra_python_environs_for_worker": {}, "num_cpus_per_worker": 1, "num_gpus_per_worker": 0, "custom_resources_per_worker": {}, "num_cpus_for_driver": 1, "memory": 0, "object_store_memory": 0, "memory_per_worker": 0, "object_store_memory_per_worker": 0, "input": "sampler", "input_evaluation": ["is", "wis"], "postprocess_inputs": false, "shuffle_buffer_size": 0, "output": null, "output_compress_columns": ["obs", "new_obs"], "output_max_file_size": 67108864, "multiagent": {"policies": {}, "policy_mapping_fn": null, "policies_to_train": null, "observation_fn": null}, "use_pytorch": -1, "use_critic": true, "use_gae": true, "lambda": 1.0, "kl_coeff": 0.2, "sgd_minibatch_size": 128, "shuffle_sequences": true, "num_sgd_iter": 30, "lr_schedule": null, "vf_share_layers": false, "vf_loss_coeff": 1.0, "entropy_coeff": 0.0, "entropy_coeff_schedule": null, "clip_param": 0.3, "vf_clip_param": 10.0, "grad_clip": null, "kl_target": 0.01, "simple_optimizer": false, "_fake_gpus": false}, "time_since_restore": 8.43837857246399, "timesteps_since_restore": 0, "iterations_since_restore": 1, "perf": {"cpu_util_percent": 72.2923076923077, "ram_util_percent": 32.26153846153846}, "trial_id": "1daf6_00001", "experiment_tag": "1_lr=0.001"}
