{"episode_reward_max": 73.0, "episode_reward_min": 8.0, "episode_reward_mean": 21.497297297297298, "episode_len_mean": 21.497297297297298, "episodes_this_iter": 185, "policy_reward_min": {}, "policy_reward_max": {}, "policy_reward_mean": {}, "custom_metrics": {}, "hist_stats": {"episode_reward": [12.0, 11.0, 17.0, 12.0, 33.0, 14.0, 23.0, 22.0, 23.0, 12.0, 18.0, 25.0, 20.0, 22.0, 9.0, 15.0, 30.0, 24.0, 27.0, 25.0, 20.0, 21.0, 19.0, 26.0, 35.0, 12.0, 11.0, 25.0, 27.0, 15.0, 32.0, 28.0, 36.0, 16.0, 23.0, 19.0, 21.0, 18.0, 47.0, 28.0, 10.0, 24.0, 13.0, 30.0, 11.0, 32.0, 14.0, 34.0, 37.0, 14.0, 40.0, 14.0, 28.0, 12.0, 16.0, 19.0, 13.0, 10.0, 19.0, 13.0, 22.0, 68.0, 15.0, 11.0, 14.0, 15.0, 10.0, 16.0, 16.0, 26.0, 12.0, 17.0, 10.0, 31.0, 36.0, 35.0, 15.0, 31.0, 18.0, 8.0, 14.0, 12.0, 19.0, 18.0, 11.0, 21.0, 21.0, 25.0, 11.0, 21.0, 16.0, 13.0, 11.0, 41.0, 12.0, 14.0, 24.0, 12.0, 23.0, 14.0, 30.0, 18.0, 29.0, 29.0, 9.0, 38.0, 24.0, 21.0, 20.0, 17.0, 13.0, 17.0, 18.0, 40.0, 38.0, 33.0, 28.0, 20.0, 37.0, 26.0, 16.0, 28.0, 25.0, 57.0, 9.0, 12.0, 13.0, 20.0, 18.0, 17.0, 26.0, 21.0, 19.0, 12.0, 28.0, 15.0, 14.0, 15.0, 13.0, 21.0, 24.0, 31.0, 21.0, 32.0, 16.0, 14.0, 12.0, 25.0, 19.0, 14.0, 17.0, 15.0, 17.0, 29.0, 22.0, 23.0, 26.0, 13.0, 35.0, 11.0, 19.0, 45.0, 31.0, 14.0, 41.0, 13.0, 19.0, 23.0, 73.0, 28.0, 16.0, 12.0, 27.0, 25.0, 27.0, 18.0, 13.0, 12.0, 13.0, 20.0, 23.0, 12.0, 22.0, 39.0, 17.0], "episode_lengths": [12, 11, 17, 12, 33, 14, 23, 22, 23, 12, 18, 25, 20, 22, 9, 15, 30, 24, 27, 25, 20, 21, 19, 26, 35, 12, 11, 25, 27, 15, 32, 28, 36, 16, 23, 19, 21, 18, 47, 28, 10, 24, 13, 30, 11, 32, 14, 34, 37, 14, 40, 14, 28, 12, 16, 19, 13, 10, 19, 13, 22, 68, 15, 11, 14, 15, 10, 16, 16, 26, 12, 17, 10, 31, 36, 35, 15, 31, 18, 8, 14, 12, 19, 18, 11, 21, 21, 25, 11, 21, 16, 13, 11, 41, 12, 14, 24, 12, 23, 14, 30, 18, 29, 29, 9, 38, 24, 21, 20, 17, 13, 17, 18, 40, 38, 33, 28, 20, 37, 26, 16, 28, 25, 57, 9, 12, 13, 20, 18, 17, 26, 21, 19, 12, 28, 15, 14, 15, 13, 21, 24, 31, 21, 32, 16, 14, 12, 25, 19, 14, 17, 15, 17, 29, 22, 23, 26, 13, 35, 11, 19, 45, 31, 14, 41, 13, 19, 23, 73, 28, 16, 12, 27, 25, 27, 18, 13, 12, 13, 20, 23, 12, 22, 39, 17]}, "sampler_perf": {"mean_env_wait_ms": 0.058480543781596096, "mean_processing_ms": 0.14465047668975695, "mean_inference_ms": 0.6395588812605199}, "off_policy_estimator": {}, "num_healthy_workers": 1, "timesteps_total": 4000, "timers": {"sample_time_ms": 4153.367, "sample_throughput": 963.074, "load_time_ms": 37.563, "load_throughput": 106488.201, "learn_time_ms": 3867.677, "learn_throughput": 1034.212, "update_time_ms": 2.203}, "info": {"learner": {"default_policy": {"cur_kl_coeff": 0.20000000298023224, "cur_lr": 0.009999999776482582, "total_loss": 58.994964599609375, "policy_loss": -0.04315786808729172, "vf_loss": 59.03112030029297, "vf_explained_var": 0.3486902713775635, "kl": 0.035013992339372635, "entropy": 0.6591655015945435, "entropy_coeff": 0.0, "model": {}}}, "num_steps_sampled": 4000, "num_steps_trained": 4000}, "done": true, "episodes_total": 185, "training_iteration": 1, "experiment_id": "673f824aca414f7584ee3947a053c488", "date": "2020-08-16_03-58-48", "timestamp": 1597550328, "time_this_iter_s": 8.162418127059937, "time_total_s": 8.162418127059937, "pid": 21924, "hostname": "ntozcc-dv-mlalo-vm", "node_ip": "10.0.0.4", "config": {"num_workers": 1, "num_envs_per_worker": 1, "rollout_fragment_length": 200, "sample_batch_size": -1, "batch_mode": "truncate_episodes", "num_gpus": 0, "train_batch_size": 4000, "model": {"conv_filters": null, "conv_activation": "relu", "fcnet_activation": "tanh", "fcnet_hiddens": [256, 256], "free_log_std": false, "no_final_linear": false, "vf_share_layers": true, "use_lstm": false, "max_seq_len": 20, "lstm_cell_size": 256, "lstm_use_prev_action_reward": false, "state_shape": null, "framestack": true, "dim": 84, "grayscale": false, "zero_mean": true, "custom_model": null, "custom_model_config": {}, "custom_action_dist": null, "custom_preprocessor": null, "custom_options": -1}, "optimizer": {}, "gamma": 0.99, "horizon": null, "soft_horizon": false, "no_done_at_end": false, "env_config": {}, "env": "CartPole-v0", "normalize_actions": false, "clip_rewards": null, "clip_actions": true, "preprocessor_pref": "deepmind", "lr": 0.01, "monitor": false, "log_level": "WARN", "callbacks": "<class 'ray.rllib.agents.callbacks.DefaultCallbacks'>", "ignore_worker_failures": false, "log_sys_usage": true, "fake_sampler": false, "framework": "tf", "eager_tracing": false, "no_eager_on_workers": false, "explore": true, "exploration_config": {"type": "StochasticSampling"}, "evaluation_interval": null, "evaluation_num_episodes": 10, "in_evaluation": false, "evaluation_config": {}, "evaluation_num_workers": 0, "custom_eval_function": null, "sample_async": false, "observation_filter": "NoFilter", "synchronize_filters": true, "tf_session_args": {"intra_op_parallelism_threads": 2, "inter_op_parallelism_threads": 2, "gpu_options": {"allow_growth": true}, "log_device_placement": false, "device_count": {"CPU": 1}, "allow_soft_placement": true}, "local_tf_session_args": {"intra_op_parallelism_threads": 8, "inter_op_parallelism_threads": 8}, "compress_observations": false, "collect_metrics_timeout": 180, "metrics_smoothing_episodes": 100, "remote_worker_envs": false, "remote_env_batch_wait_ms": 0, "min_iter_time_s": 0, "timesteps_per_iteration": 0, "seed": null, "extra_python_environs_for_driver": {}, "extra_python_environs_for_worker": {}, "num_cpus_per_worker": 1, "num_gpus_per_worker": 0, "custom_resources_per_worker": {}, "num_cpus_for_driver": 1, "memory": 0, "object_store_memory": 0, "memory_per_worker": 0, "object_store_memory_per_worker": 0, "input": "sampler", "input_evaluation": ["is", "wis"], "postprocess_inputs": false, "shuffle_buffer_size": 0, "output": null, "output_compress_columns": ["obs", "new_obs"], "output_max_file_size": 67108864, "multiagent": {"policies": {}, "policy_mapping_fn": null, "policies_to_train": null, "observation_fn": null}, "use_pytorch": -1, "use_critic": true, "use_gae": true, "lambda": 1.0, "kl_coeff": 0.2, "sgd_minibatch_size": 128, "shuffle_sequences": true, "num_sgd_iter": 30, "lr_schedule": null, "vf_share_layers": false, "vf_loss_coeff": 1.0, "entropy_coeff": 0.0, "entropy_coeff_schedule": null, "clip_param": 0.3, "vf_clip_param": 10.0, "grad_clip": null, "kl_target": 0.01, "simple_optimizer": false, "_fake_gpus": false}, "time_since_restore": 8.162418127059937, "timesteps_since_restore": 0, "iterations_since_restore": 1, "perf": {"cpu_util_percent": 73.18333333333332, "ram_util_percent": 32.224999999999994}, "trial_id": "c1017_00000", "experiment_tag": "0_lr=0.01"}
