{"episode_reward_max": 71.0, "episode_reward_min": 8.0, "episode_reward_mean": 22.415730337078653, "episode_len_mean": 22.415730337078653, "episodes_this_iter": 178, "policy_reward_min": {}, "policy_reward_max": {}, "policy_reward_mean": {}, "custom_metrics": {}, "hist_stats": {"episode_reward": [12.0, 17.0, 39.0, 17.0, 20.0, 22.0, 25.0, 24.0, 14.0, 9.0, 15.0, 19.0, 20.0, 31.0, 10.0, 14.0, 35.0, 19.0, 25.0, 21.0, 49.0, 31.0, 10.0, 19.0, 19.0, 21.0, 13.0, 14.0, 27.0, 16.0, 18.0, 9.0, 8.0, 15.0, 24.0, 9.0, 10.0, 27.0, 44.0, 15.0, 13.0, 16.0, 61.0, 10.0, 11.0, 15.0, 37.0, 27.0, 10.0, 17.0, 29.0, 71.0, 29.0, 18.0, 15.0, 12.0, 20.0, 28.0, 18.0, 24.0, 18.0, 16.0, 14.0, 16.0, 11.0, 11.0, 17.0, 66.0, 21.0, 38.0, 58.0, 13.0, 34.0, 21.0, 52.0, 22.0, 34.0, 32.0, 27.0, 9.0, 32.0, 15.0, 23.0, 15.0, 25.0, 13.0, 28.0, 26.0, 31.0, 31.0, 32.0, 37.0, 11.0, 20.0, 14.0, 16.0, 21.0, 18.0, 11.0, 18.0, 21.0, 21.0, 35.0, 12.0, 14.0, 11.0, 11.0, 53.0, 17.0, 32.0, 20.0, 33.0, 14.0, 26.0, 37.0, 9.0, 9.0, 16.0, 36.0, 24.0, 20.0, 12.0, 64.0, 31.0, 24.0, 15.0, 24.0, 11.0, 33.0, 15.0, 47.0, 18.0, 10.0, 10.0, 13.0, 30.0, 13.0, 47.0, 24.0, 11.0, 13.0, 25.0, 16.0, 57.0, 31.0, 14.0, 34.0, 22.0, 23.0, 26.0, 39.0, 13.0, 14.0, 18.0, 33.0, 20.0, 18.0, 26.0, 12.0, 29.0, 30.0, 19.0, 21.0, 13.0, 21.0, 16.0, 15.0, 38.0, 11.0, 22.0, 14.0, 8.0, 9.0, 29.0, 15.0, 15.0, 18.0, 16.0], "episode_lengths": [12, 17, 39, 17, 20, 22, 25, 24, 14, 9, 15, 19, 20, 31, 10, 14, 35, 19, 25, 21, 49, 31, 10, 19, 19, 21, 13, 14, 27, 16, 18, 9, 8, 15, 24, 9, 10, 27, 44, 15, 13, 16, 61, 10, 11, 15, 37, 27, 10, 17, 29, 71, 29, 18, 15, 12, 20, 28, 18, 24, 18, 16, 14, 16, 11, 11, 17, 66, 21, 38, 58, 13, 34, 21, 52, 22, 34, 32, 27, 9, 32, 15, 23, 15, 25, 13, 28, 26, 31, 31, 32, 37, 11, 20, 14, 16, 21, 18, 11, 18, 21, 21, 35, 12, 14, 11, 11, 53, 17, 32, 20, 33, 14, 26, 37, 9, 9, 16, 36, 24, 20, 12, 64, 31, 24, 15, 24, 11, 33, 15, 47, 18, 10, 10, 13, 30, 13, 47, 24, 11, 13, 25, 16, 57, 31, 14, 34, 22, 23, 26, 39, 13, 14, 18, 33, 20, 18, 26, 12, 29, 30, 19, 21, 13, 21, 16, 15, 38, 11, 22, 14, 8, 9, 29, 15, 15, 18, 16]}, "sampler_perf": {"mean_env_wait_ms": 0.0570424048193274, "mean_processing_ms": 0.14016646738202534, "mean_inference_ms": 0.6214125518112352}, "off_policy_estimator": {}, "num_healthy_workers": 1, "timesteps_total": 4000, "timers": {"sample_time_ms": 4129.211, "sample_throughput": 968.708, "load_time_ms": 42.932, "load_throughput": 93171.04, "learn_time_ms": 3760.289, "learn_throughput": 1063.748, "update_time_ms": 3.913}, "info": {"learner": {"default_policy": {"cur_kl_coeff": 0.20000000298023224, "cur_lr": 0.009999999776482582, "total_loss": 85.37124633789062, "policy_loss": -0.04702620580792427, "vf_loss": 85.41071319580078, "vf_explained_var": 0.2586345076560974, "kl": 0.03778504580259323, "entropy": 0.6565492153167725, "entropy_coeff": 0.0, "model": {}}}, "num_steps_sampled": 4000, "num_steps_trained": 4000}, "done": true, "episodes_total": 178, "training_iteration": 1, "experiment_id": "5484615734274e0db84700b8616f5f5b", "date": "2020-08-16_03-49-35", "timestamp": 1597549775, "time_this_iter_s": 8.036171913146973, "time_total_s": 8.036171913146973, "pid": 20490, "hostname": "ntozcc-dv-mlalo-vm", "node_ip": "10.0.0.4", "config": {"num_workers": 1, "num_envs_per_worker": 1, "rollout_fragment_length": 200, "sample_batch_size": -1, "batch_mode": "truncate_episodes", "num_gpus": 0, "train_batch_size": 4000, "model": {"conv_filters": null, "conv_activation": "relu", "fcnet_activation": "tanh", "fcnet_hiddens": [256, 256], "free_log_std": false, "no_final_linear": false, "vf_share_layers": true, "use_lstm": false, "max_seq_len": 20, "lstm_cell_size": 256, "lstm_use_prev_action_reward": false, "state_shape": null, "framestack": true, "dim": 84, "grayscale": false, "zero_mean": true, "custom_model": null, "custom_model_config": {}, "custom_action_dist": null, "custom_preprocessor": null, "custom_options": -1}, "optimizer": {}, "gamma": 0.99, "horizon": null, "soft_horizon": false, "no_done_at_end": false, "env_config": {}, "env": "CartPole-v0", "normalize_actions": false, "clip_rewards": null, "clip_actions": true, "preprocessor_pref": "deepmind", "lr": 0.01, "monitor": false, "log_level": "WARN", "callbacks": "<class 'ray.rllib.agents.callbacks.DefaultCallbacks'>", "ignore_worker_failures": false, "log_sys_usage": true, "fake_sampler": false, "framework": "tf", "eager_tracing": false, "no_eager_on_workers": false, "explore": true, "exploration_config": {"type": "StochasticSampling"}, "evaluation_interval": null, "evaluation_num_episodes": 10, "in_evaluation": false, "evaluation_config": {}, "evaluation_num_workers": 0, "custom_eval_function": null, "sample_async": false, "observation_filter": "NoFilter", "synchronize_filters": true, "tf_session_args": {"intra_op_parallelism_threads": 2, "inter_op_parallelism_threads": 2, "gpu_options": {"allow_growth": true}, "log_device_placement": false, "device_count": {"CPU": 1}, "allow_soft_placement": true}, "local_tf_session_args": {"intra_op_parallelism_threads": 8, "inter_op_parallelism_threads": 8}, "compress_observations": false, "collect_metrics_timeout": 180, "metrics_smoothing_episodes": 100, "remote_worker_envs": false, "remote_env_batch_wait_ms": 0, "min_iter_time_s": 0, "timesteps_per_iteration": 0, "seed": null, "extra_python_environs_for_driver": {}, "extra_python_environs_for_worker": {}, "num_cpus_per_worker": 1, "num_gpus_per_worker": 0, "custom_resources_per_worker": {}, "num_cpus_for_driver": 1, "memory": 0, "object_store_memory": 0, "memory_per_worker": 0, "object_store_memory_per_worker": 0, "input": "sampler", "input_evaluation": ["is", "wis"], "postprocess_inputs": false, "shuffle_buffer_size": 0, "output": null, "output_compress_columns": ["obs", "new_obs"], "output_max_file_size": 67108864, "multiagent": {"policies": {}, "policy_mapping_fn": null, "policies_to_train": null, "observation_fn": null}, "use_pytorch": -1, "use_critic": true, "use_gae": true, "lambda": 1.0, "kl_coeff": 0.2, "sgd_minibatch_size": 128, "shuffle_sequences": true, "num_sgd_iter": 30, "lr_schedule": null, "vf_share_layers": false, "vf_loss_coeff": 1.0, "entropy_coeff": 0.0, "entropy_coeff_schedule": null, "clip_param": 0.3, "vf_clip_param": 10.0, "grad_clip": null, "kl_target": 0.01, "simple_optimizer": false, "_fake_gpus": false}, "time_since_restore": 8.036171913146973, "timesteps_since_restore": 0, "iterations_since_restore": 1, "perf": {"cpu_util_percent": 72.75000000000001, "ram_util_percent": 32.20833333333333}, "trial_id": "78083_00000", "experiment_tag": "0_lr=0.01"}
