{"episode_reward_max": 65.0, "episode_reward_min": 9.0, "episode_reward_mean": 21.37433155080214, "episode_len_mean": 21.37433155080214, "episodes_this_iter": 187, "policy_reward_min": {}, "policy_reward_max": {}, "policy_reward_mean": {}, "custom_metrics": {}, "hist_stats": {"episode_reward": [13.0, 42.0, 20.0, 11.0, 29.0, 18.0, 15.0, 19.0, 23.0, 22.0, 14.0, 24.0, 14.0, 18.0, 9.0, 33.0, 15.0, 15.0, 37.0, 16.0, 33.0, 15.0, 41.0, 17.0, 13.0, 49.0, 15.0, 12.0, 15.0, 19.0, 15.0, 28.0, 21.0, 26.0, 21.0, 15.0, 27.0, 28.0, 30.0, 17.0, 10.0, 65.0, 20.0, 23.0, 13.0, 40.0, 42.0, 25.0, 25.0, 13.0, 13.0, 10.0, 19.0, 13.0, 15.0, 10.0, 29.0, 18.0, 15.0, 43.0, 10.0, 24.0, 18.0, 18.0, 29.0, 14.0, 25.0, 17.0, 13.0, 30.0, 13.0, 38.0, 23.0, 24.0, 19.0, 36.0, 24.0, 27.0, 17.0, 17.0, 9.0, 18.0, 19.0, 11.0, 20.0, 14.0, 26.0, 14.0, 22.0, 16.0, 15.0, 17.0, 43.0, 33.0, 16.0, 15.0, 19.0, 24.0, 14.0, 18.0, 14.0, 11.0, 11.0, 58.0, 14.0, 33.0, 15.0, 24.0, 11.0, 21.0, 12.0, 13.0, 21.0, 27.0, 12.0, 21.0, 27.0, 10.0, 18.0, 21.0, 50.0, 23.0, 25.0, 29.0, 15.0, 21.0, 11.0, 14.0, 19.0, 17.0, 12.0, 26.0, 14.0, 42.0, 12.0, 57.0, 16.0, 16.0, 21.0, 22.0, 15.0, 51.0, 14.0, 43.0, 23.0, 11.0, 14.0, 15.0, 24.0, 20.0, 14.0, 20.0, 16.0, 14.0, 11.0, 16.0, 15.0, 26.0, 16.0, 21.0, 17.0, 27.0, 16.0, 32.0, 18.0, 16.0, 30.0, 20.0, 10.0, 39.0, 37.0, 31.0, 14.0, 21.0, 31.0, 14.0, 14.0, 16.0, 19.0, 18.0, 37.0, 16.0, 20.0, 19.0, 23.0, 27.0, 16.0], "episode_lengths": [13, 42, 20, 11, 29, 18, 15, 19, 23, 22, 14, 24, 14, 18, 9, 33, 15, 15, 37, 16, 33, 15, 41, 17, 13, 49, 15, 12, 15, 19, 15, 28, 21, 26, 21, 15, 27, 28, 30, 17, 10, 65, 20, 23, 13, 40, 42, 25, 25, 13, 13, 10, 19, 13, 15, 10, 29, 18, 15, 43, 10, 24, 18, 18, 29, 14, 25, 17, 13, 30, 13, 38, 23, 24, 19, 36, 24, 27, 17, 17, 9, 18, 19, 11, 20, 14, 26, 14, 22, 16, 15, 17, 43, 33, 16, 15, 19, 24, 14, 18, 14, 11, 11, 58, 14, 33, 15, 24, 11, 21, 12, 13, 21, 27, 12, 21, 27, 10, 18, 21, 50, 23, 25, 29, 15, 21, 11, 14, 19, 17, 12, 26, 14, 42, 12, 57, 16, 16, 21, 22, 15, 51, 14, 43, 23, 11, 14, 15, 24, 20, 14, 20, 16, 14, 11, 16, 15, 26, 16, 21, 17, 27, 16, 32, 18, 16, 30, 20, 10, 39, 37, 31, 14, 21, 31, 14, 14, 16, 19, 18, 37, 16, 20, 19, 23, 27, 16]}, "sampler_perf": {"mean_env_wait_ms": 0.07159100327304646, "mean_processing_ms": 0.1799930366567599, "mean_inference_ms": 0.7505623050642979}, "off_policy_estimator": {}, "num_healthy_workers": 1, "timesteps_total": 4000, "timers": {"sample_time_ms": 4954.9, "sample_throughput": 807.282, "load_time_ms": 56.169, "load_throughput": 71213.617, "learn_time_ms": 3804.314, "learn_throughput": 1051.438, "update_time_ms": 3.105}, "info": {"learner": {"default_policy": {"cur_kl_coeff": 0.20000000298023224, "cur_lr": 0.0010000000474974513, "total_loss": 62.04764175415039, "policy_loss": -0.04877202957868576, "vf_loss": 62.088539123535156, "vf_explained_var": 0.33209094405174255, "kl": 0.03937043622136116, "entropy": 0.655431866645813, "entropy_coeff": 0.0, "model": {}}}, "num_steps_sampled": 4000, "num_steps_trained": 4000}, "done": true, "episodes_total": 187, "training_iteration": 1, "experiment_id": "51a98b4c640a4da58d13ab5643e9d900", "date": "2020-08-18_18-32-41", "timestamp": 1597775561, "time_this_iter_s": 9.003752708435059, "time_total_s": 9.003752708435059, "pid": 17331, "hostname": "terminator-1000", "node_ip": "10.168.0.7", "config": {"num_workers": 1, "num_envs_per_worker": 1, "rollout_fragment_length": 200, "sample_batch_size": -1, "batch_mode": "truncate_episodes", "num_gpus": 0, "train_batch_size": 4000, "model": {"conv_filters": null, "conv_activation": "relu", "fcnet_activation": "tanh", "fcnet_hiddens": [256, 256], "free_log_std": false, "no_final_linear": false, "vf_share_layers": true, "use_lstm": false, "max_seq_len": 20, "lstm_cell_size": 256, "lstm_use_prev_action_reward": false, "state_shape": null, "framestack": true, "dim": 84, "grayscale": false, "zero_mean": true, "custom_model": null, "custom_model_config": {}, "custom_action_dist": null, "custom_preprocessor": null, "custom_options": -1}, "optimizer": {}, "gamma": 0.99, "horizon": null, "soft_horizon": false, "no_done_at_end": false, "env_config": {}, "env": "CartPole-v0", "normalize_actions": false, "clip_rewards": null, "clip_actions": true, "preprocessor_pref": "deepmind", "lr": 0.001, "monitor": false, "log_level": "WARN", "callbacks": "<class 'ray.rllib.agents.callbacks.DefaultCallbacks'>", "ignore_worker_failures": false, "log_sys_usage": true, "fake_sampler": false, "framework": "tf", "eager_tracing": false, "no_eager_on_workers": false, "explore": true, "exploration_config": {"type": "StochasticSampling"}, "evaluation_interval": null, "evaluation_num_episodes": 10, "in_evaluation": false, "evaluation_config": {}, "evaluation_num_workers": 0, "custom_eval_function": null, "sample_async": false, "observation_filter": "NoFilter", "synchronize_filters": true, "tf_session_args": {"intra_op_parallelism_threads": 2, "inter_op_parallelism_threads": 2, "gpu_options": {"allow_growth": true}, "log_device_placement": false, "device_count": {"CPU": 1}, "allow_soft_placement": true}, "local_tf_session_args": {"intra_op_parallelism_threads": 8, "inter_op_parallelism_threads": 8}, "compress_observations": false, "collect_metrics_timeout": 180, "metrics_smoothing_episodes": 100, "remote_worker_envs": false, "remote_env_batch_wait_ms": 0, "min_iter_time_s": 0, "timesteps_per_iteration": 0, "seed": null, "extra_python_environs_for_driver": {}, "extra_python_environs_for_worker": {}, "num_cpus_per_worker": 1, "num_gpus_per_worker": 0, "custom_resources_per_worker": {}, "num_cpus_for_driver": 1, "memory": 0, "object_store_memory": 0, "memory_per_worker": 0, "object_store_memory_per_worker": 0, "input": "sampler", "input_evaluation": ["is", "wis"], "postprocess_inputs": false, "shuffle_buffer_size": 0, "output": null, "output_compress_columns": ["obs", "new_obs"], "output_max_file_size": 67108864, "multiagent": {"policies": {}, "policy_mapping_fn": null, "policies_to_train": null, "observation_fn": null}, "use_pytorch": -1, "use_critic": true, "use_gae": true, "lambda": 1.0, "kl_coeff": 0.2, "sgd_minibatch_size": 128, "shuffle_sequences": true, "num_sgd_iter": 30, "lr_schedule": null, "vf_share_layers": false, "vf_loss_coeff": 1.0, "entropy_coeff": 0.0, "entropy_coeff_schedule": null, "clip_param": 0.3, "vf_clip_param": 10.0, "grad_clip": null, "kl_target": 0.01, "simple_optimizer": false, "_fake_gpus": false}, "time_since_restore": 9.003752708435059, "timesteps_since_restore": 0, "iterations_since_restore": 1, "perf": {"cpu_util_percent": 36.04615384615384, "ram_util_percent": 3.530769230769231}, "trial_id": "2b5e3_00001", "experiment_tag": "1_lr=0.001"}
