{"episode_reward_max": 87.0, "episode_reward_min": 9.0, "episode_reward_mean": 21.808743169398905, "episode_len_mean": 21.808743169398905, "episodes_this_iter": 183, "policy_reward_min": {}, "policy_reward_max": {}, "policy_reward_mean": {}, "custom_metrics": {}, "hist_stats": {"episode_reward": [20.0, 28.0, 20.0, 15.0, 15.0, 14.0, 23.0, 20.0, 25.0, 19.0, 24.0, 26.0, 16.0, 32.0, 19.0, 48.0, 18.0, 22.0, 21.0, 10.0, 12.0, 20.0, 69.0, 12.0, 15.0, 24.0, 21.0, 18.0, 15.0, 29.0, 39.0, 52.0, 14.0, 58.0, 11.0, 15.0, 14.0, 15.0, 52.0, 18.0, 30.0, 20.0, 12.0, 16.0, 12.0, 29.0, 32.0, 17.0, 13.0, 14.0, 12.0, 19.0, 20.0, 24.0, 41.0, 21.0, 13.0, 20.0, 12.0, 14.0, 9.0, 13.0, 16.0, 10.0, 15.0, 19.0, 12.0, 11.0, 15.0, 18.0, 15.0, 26.0, 20.0, 17.0, 57.0, 22.0, 10.0, 17.0, 12.0, 15.0, 16.0, 32.0, 24.0, 20.0, 37.0, 9.0, 11.0, 18.0, 21.0, 23.0, 30.0, 25.0, 12.0, 24.0, 36.0, 17.0, 22.0, 29.0, 29.0, 25.0, 31.0, 37.0, 16.0, 16.0, 16.0, 12.0, 12.0, 14.0, 21.0, 20.0, 87.0, 28.0, 35.0, 35.0, 25.0, 15.0, 37.0, 15.0, 38.0, 26.0, 16.0, 18.0, 15.0, 26.0, 18.0, 17.0, 19.0, 13.0, 16.0, 29.0, 20.0, 16.0, 18.0, 11.0, 13.0, 24.0, 23.0, 14.0, 29.0, 14.0, 52.0, 23.0, 20.0, 25.0, 11.0, 19.0, 15.0, 15.0, 46.0, 16.0, 34.0, 12.0, 18.0, 10.0, 9.0, 16.0, 15.0, 25.0, 21.0, 20.0, 11.0, 15.0, 9.0, 16.0, 58.0, 13.0, 15.0, 17.0, 17.0, 45.0, 22.0, 28.0, 13.0, 10.0, 24.0, 42.0, 22.0, 16.0, 15.0, 22.0, 29.0, 19.0, 28.0], "episode_lengths": [20, 28, 20, 15, 15, 14, 23, 20, 25, 19, 24, 26, 16, 32, 19, 48, 18, 22, 21, 10, 12, 20, 69, 12, 15, 24, 21, 18, 15, 29, 39, 52, 14, 58, 11, 15, 14, 15, 52, 18, 30, 20, 12, 16, 12, 29, 32, 17, 13, 14, 12, 19, 20, 24, 41, 21, 13, 20, 12, 14, 9, 13, 16, 10, 15, 19, 12, 11, 15, 18, 15, 26, 20, 17, 57, 22, 10, 17, 12, 15, 16, 32, 24, 20, 37, 9, 11, 18, 21, 23, 30, 25, 12, 24, 36, 17, 22, 29, 29, 25, 31, 37, 16, 16, 16, 12, 12, 14, 21, 20, 87, 28, 35, 35, 25, 15, 37, 15, 38, 26, 16, 18, 15, 26, 18, 17, 19, 13, 16, 29, 20, 16, 18, 11, 13, 24, 23, 14, 29, 14, 52, 23, 20, 25, 11, 19, 15, 15, 46, 16, 34, 12, 18, 10, 9, 16, 15, 25, 21, 20, 11, 15, 9, 16, 58, 13, 15, 17, 17, 45, 22, 28, 13, 10, 24, 42, 22, 16, 15, 22, 29, 19, 28]}, "sampler_perf": {"mean_env_wait_ms": 0.05661598058737272, "mean_processing_ms": 0.14279330262420362, "mean_inference_ms": 0.6298802549080441}, "off_policy_estimator": {}, "num_healthy_workers": 1, "timesteps_total": 4000, "timers": {"sample_time_ms": 4563.845, "sample_throughput": 876.454, "load_time_ms": 40.108, "load_throughput": 99730.22, "learn_time_ms": 3920.849, "learn_throughput": 1020.187, "update_time_ms": 2.3}, "info": {"learner": {"default_policy": {"cur_kl_coeff": 0.20000000298023224, "cur_lr": 9.999999747378752e-05, "total_loss": 71.7216796875, "policy_loss": -0.04711747542023659, "vf_loss": 71.7625503540039, "vf_explained_var": 0.23952190577983856, "kl": 0.03123111091554165, "entropy": 0.6620122194290161, "entropy_coeff": 0.0, "model": {}}}, "num_steps_sampled": 4000, "num_steps_trained": 4000}, "done": true, "episodes_total": 183, "training_iteration": 1, "experiment_id": "85ebb7afad4f43ff95f3502c9a7b2665", "date": "2020-08-16_04-16-03", "timestamp": 1597551363, "time_this_iter_s": 8.624104261398315, "time_total_s": 8.624104261398315, "pid": 24514, "hostname": "ntozcc-dv-mlalo-vm", "node_ip": "10.0.0.4", "config": {"num_workers": 1, "num_envs_per_worker": 1, "rollout_fragment_length": 200, "sample_batch_size": -1, "batch_mode": "truncate_episodes", "num_gpus": 0, "train_batch_size": 4000, "model": {"conv_filters": null, "conv_activation": "relu", "fcnet_activation": "tanh", "fcnet_hiddens": [256, 256], "free_log_std": false, "no_final_linear": false, "vf_share_layers": true, "use_lstm": false, "max_seq_len": 20, "lstm_cell_size": 256, "lstm_use_prev_action_reward": false, "state_shape": null, "framestack": true, "dim": 84, "grayscale": false, "zero_mean": true, "custom_model": null, "custom_model_config": {}, "custom_action_dist": null, "custom_preprocessor": null, "custom_options": -1}, "optimizer": {}, "gamma": 0.99, "horizon": null, "soft_horizon": false, "no_done_at_end": false, "env_config": {}, "env": "CartPole-v0", "normalize_actions": false, "clip_rewards": null, "clip_actions": true, "preprocessor_pref": "deepmind", "lr": 0.0001, "monitor": false, "log_level": "WARN", "callbacks": "<class 'ray.rllib.agents.callbacks.DefaultCallbacks'>", "ignore_worker_failures": false, "log_sys_usage": true, "fake_sampler": false, "framework": "tf", "eager_tracing": false, "no_eager_on_workers": false, "explore": true, "exploration_config": {"type": "StochasticSampling"}, "evaluation_interval": null, "evaluation_num_episodes": 10, "in_evaluation": false, "evaluation_config": {}, "evaluation_num_workers": 0, "custom_eval_function": null, "sample_async": false, "observation_filter": "NoFilter", "synchronize_filters": true, "tf_session_args": {"intra_op_parallelism_threads": 2, "inter_op_parallelism_threads": 2, "gpu_options": {"allow_growth": true}, "log_device_placement": false, "device_count": {"CPU": 1}, "allow_soft_placement": true}, "local_tf_session_args": {"intra_op_parallelism_threads": 8, "inter_op_parallelism_threads": 8}, "compress_observations": false, "collect_metrics_timeout": 180, "metrics_smoothing_episodes": 100, "remote_worker_envs": false, "remote_env_batch_wait_ms": 0, "min_iter_time_s": 0, "timesteps_per_iteration": 0, "seed": null, "extra_python_environs_for_driver": {}, "extra_python_environs_for_worker": {}, "num_cpus_per_worker": 1, "num_gpus_per_worker": 0, "custom_resources_per_worker": {}, "num_cpus_for_driver": 1, "memory": 0, "object_store_memory": 0, "memory_per_worker": 0, "object_store_memory_per_worker": 0, "input": "sampler", "input_evaluation": ["is", "wis"], "postprocess_inputs": false, "shuffle_buffer_size": 0, "output": null, "output_compress_columns": ["obs", "new_obs"], "output_max_file_size": 67108864, "multiagent": {"policies": {}, "policy_mapping_fn": null, "policies_to_train": null, "observation_fn": null}, "use_pytorch": -1, "use_critic": true, "use_gae": true, "lambda": 1.0, "kl_coeff": 0.2, "sgd_minibatch_size": 128, "shuffle_sequences": true, "num_sgd_iter": 30, "lr_schedule": null, "vf_share_layers": false, "vf_loss_coeff": 1.0, "entropy_coeff": 0.0, "entropy_coeff_schedule": null, "clip_param": 0.3, "vf_clip_param": 10.0, "grad_clip": null, "kl_target": 0.01, "simple_optimizer": false, "_fake_gpus": false}, "time_since_restore": 8.624104261398315, "timesteps_since_restore": 0, "iterations_since_restore": 1, "perf": {"cpu_util_percent": 71.86923076923077, "ram_util_percent": 32.26153846153846}, "trial_id": "19b84_00002", "experiment_tag": "2_lr=0.0001"}
