{"episode_reward_max": 85.0, "episode_reward_min": 9.0, "episode_reward_mean": 23.767857142857142, "episode_len_mean": 23.767857142857142, "episodes_this_iter": 168, "policy_reward_min": {}, "policy_reward_max": {}, "policy_reward_mean": {}, "custom_metrics": {}, "hist_stats": {"episode_reward": [25.0, 18.0, 24.0, 11.0, 20.0, 17.0, 19.0, 13.0, 13.0, 16.0, 13.0, 15.0, 20.0, 16.0, 17.0, 18.0, 18.0, 42.0, 32.0, 11.0, 11.0, 17.0, 22.0, 14.0, 10.0, 14.0, 16.0, 20.0, 27.0, 46.0, 16.0, 37.0, 49.0, 12.0, 20.0, 34.0, 20.0, 16.0, 32.0, 14.0, 11.0, 17.0, 17.0, 41.0, 85.0, 28.0, 16.0, 32.0, 20.0, 19.0, 26.0, 25.0, 33.0, 32.0, 47.0, 38.0, 10.0, 10.0, 17.0, 20.0, 39.0, 14.0, 31.0, 48.0, 43.0, 21.0, 56.0, 14.0, 25.0, 22.0, 16.0, 12.0, 26.0, 16.0, 19.0, 45.0, 23.0, 18.0, 34.0, 15.0, 22.0, 13.0, 11.0, 42.0, 28.0, 28.0, 16.0, 13.0, 26.0, 14.0, 22.0, 51.0, 14.0, 20.0, 20.0, 20.0, 15.0, 11.0, 30.0, 24.0, 11.0, 14.0, 34.0, 52.0, 21.0, 11.0, 17.0, 13.0, 33.0, 31.0, 10.0, 46.0, 11.0, 61.0, 31.0, 11.0, 32.0, 42.0, 29.0, 43.0, 20.0, 9.0, 54.0, 14.0, 30.0, 17.0, 13.0, 17.0, 17.0, 14.0, 22.0, 12.0, 14.0, 13.0, 13.0, 41.0, 17.0, 14.0, 29.0, 25.0, 40.0, 12.0, 19.0, 50.0, 13.0, 17.0, 39.0, 13.0, 20.0, 51.0, 15.0, 14.0, 23.0, 45.0, 18.0, 18.0, 29.0, 18.0, 16.0, 41.0, 12.0, 20.0, 28.0, 14.0, 39.0, 20.0, 22.0, 23.0], "episode_lengths": [25, 18, 24, 11, 20, 17, 19, 13, 13, 16, 13, 15, 20, 16, 17, 18, 18, 42, 32, 11, 11, 17, 22, 14, 10, 14, 16, 20, 27, 46, 16, 37, 49, 12, 20, 34, 20, 16, 32, 14, 11, 17, 17, 41, 85, 28, 16, 32, 20, 19, 26, 25, 33, 32, 47, 38, 10, 10, 17, 20, 39, 14, 31, 48, 43, 21, 56, 14, 25, 22, 16, 12, 26, 16, 19, 45, 23, 18, 34, 15, 22, 13, 11, 42, 28, 28, 16, 13, 26, 14, 22, 51, 14, 20, 20, 20, 15, 11, 30, 24, 11, 14, 34, 52, 21, 11, 17, 13, 33, 31, 10, 46, 11, 61, 31, 11, 32, 42, 29, 43, 20, 9, 54, 14, 30, 17, 13, 17, 17, 14, 22, 12, 14, 13, 13, 41, 17, 14, 29, 25, 40, 12, 19, 50, 13, 17, 39, 13, 20, 51, 15, 14, 23, 45, 18, 18, 29, 18, 16, 41, 12, 20, 28, 14, 39, 20, 22, 23]}, "sampler_perf": {"mean_env_wait_ms": 0.05775480024875983, "mean_processing_ms": 0.13935610640796833, "mean_inference_ms": 0.6239862329987876}, "off_policy_estimator": {}, "num_healthy_workers": 1, "timesteps_total": 4000, "timers": {"sample_time_ms": 4043.877, "sample_throughput": 989.15, "load_time_ms": 44.038, "load_throughput": 90830.528, "learn_time_ms": 3847.335, "learn_throughput": 1039.681, "update_time_ms": 2.049}, "info": {"learner": {"default_policy": {"cur_kl_coeff": 0.20000000298023224, "cur_lr": 0.009999999776482582, "total_loss": 90.22803497314453, "policy_loss": -0.04686388745903969, "vf_loss": 90.26812744140625, "vf_explained_var": 0.2552903890609741, "kl": 0.03384054824709892, "entropy": 0.6607826948165894, "entropy_coeff": 0.0, "model": {}}}, "num_steps_sampled": 4000, "num_steps_trained": 4000}, "done": true, "episodes_total": 168, "training_iteration": 1, "experiment_id": "3b1c53b3ccc84beaa2be1128507740c7", "date": "2020-08-16_03-40-11", "timestamp": 1597549211, "time_this_iter_s": 8.038047790527344, "time_total_s": 8.038047790527344, "pid": 19147, "hostname": "ntozcc-dv-mlalo-vm", "node_ip": "10.0.0.4", "config": {"num_workers": 1, "num_envs_per_worker": 1, "rollout_fragment_length": 200, "sample_batch_size": -1, "batch_mode": "truncate_episodes", "num_gpus": 0, "train_batch_size": 4000, "model": {"conv_filters": null, "conv_activation": "relu", "fcnet_activation": "tanh", "fcnet_hiddens": [256, 256], "free_log_std": false, "no_final_linear": false, "vf_share_layers": true, "use_lstm": false, "max_seq_len": 20, "lstm_cell_size": 256, "lstm_use_prev_action_reward": false, "state_shape": null, "framestack": true, "dim": 84, "grayscale": false, "zero_mean": true, "custom_model": null, "custom_model_config": {}, "custom_action_dist": null, "custom_preprocessor": null, "custom_options": -1}, "optimizer": {}, "gamma": 0.99, "horizon": null, "soft_horizon": false, "no_done_at_end": false, "env_config": {}, "env": "CartPole-v0", "normalize_actions": false, "clip_rewards": null, "clip_actions": true, "preprocessor_pref": "deepmind", "lr": 0.01, "monitor": false, "log_level": "WARN", "callbacks": "<class 'ray.rllib.agents.callbacks.DefaultCallbacks'>", "ignore_worker_failures": false, "log_sys_usage": true, "fake_sampler": false, "framework": "tf", "eager_tracing": false, "no_eager_on_workers": false, "explore": true, "exploration_config": {"type": "StochasticSampling"}, "evaluation_interval": null, "evaluation_num_episodes": 10, "in_evaluation": false, "evaluation_config": {}, "evaluation_num_workers": 0, "custom_eval_function": null, "sample_async": false, "observation_filter": "NoFilter", "synchronize_filters": true, "tf_session_args": {"intra_op_parallelism_threads": 2, "inter_op_parallelism_threads": 2, "gpu_options": {"allow_growth": true}, "log_device_placement": false, "device_count": {"CPU": 1}, "allow_soft_placement": true}, "local_tf_session_args": {"intra_op_parallelism_threads": 8, "inter_op_parallelism_threads": 8}, "compress_observations": false, "collect_metrics_timeout": 180, "metrics_smoothing_episodes": 100, "remote_worker_envs": false, "remote_env_batch_wait_ms": 0, "min_iter_time_s": 0, "timesteps_per_iteration": 0, "seed": null, "extra_python_environs_for_driver": {}, "extra_python_environs_for_worker": {}, "num_cpus_per_worker": 1, "num_gpus_per_worker": 0, "custom_resources_per_worker": {}, "num_cpus_for_driver": 1, "memory": 0, "object_store_memory": 0, "memory_per_worker": 0, "object_store_memory_per_worker": 0, "input": "sampler", "input_evaluation": ["is", "wis"], "postprocess_inputs": false, "shuffle_buffer_size": 0, "output": null, "output_compress_columns": ["obs", "new_obs"], "output_max_file_size": 67108864, "multiagent": {"policies": {}, "policy_mapping_fn": null, "policies_to_train": null, "observation_fn": null}, "use_pytorch": -1, "use_critic": true, "use_gae": true, "lambda": 1.0, "kl_coeff": 0.2, "sgd_minibatch_size": 128, "shuffle_sequences": true, "num_sgd_iter": 30, "lr_schedule": null, "vf_share_layers": false, "vf_loss_coeff": 1.0, "entropy_coeff": 0.0, "entropy_coeff_schedule": null, "clip_param": 0.3, "vf_clip_param": 10.0, "grad_clip": null, "kl_target": 0.01, "simple_optimizer": false, "_fake_gpus": false}, "time_since_restore": 8.038047790527344, "timesteps_since_restore": 0, "iterations_since_restore": 1, "perf": {"cpu_util_percent": 73.43333333333334, "ram_util_percent": 32.300000000000004}, "trial_id": "27504_00000", "experiment_tag": "0_lr=0.01"}
