{"episode_reward_max": 76.0, "episode_reward_min": 8.0, "episode_reward_mean": 22.48587570621469, "episode_len_mean": 22.48587570621469, "episodes_this_iter": 177, "policy_reward_min": {}, "policy_reward_max": {}, "policy_reward_mean": {}, "custom_metrics": {}, "hist_stats": {"episode_reward": [46.0, 19.0, 28.0, 12.0, 28.0, 51.0, 54.0, 15.0, 18.0, 13.0, 36.0, 15.0, 15.0, 47.0, 32.0, 25.0, 27.0, 12.0, 12.0, 14.0, 12.0, 32.0, 19.0, 38.0, 10.0, 14.0, 20.0, 17.0, 37.0, 38.0, 11.0, 44.0, 50.0, 25.0, 14.0, 16.0, 26.0, 17.0, 13.0, 11.0, 14.0, 27.0, 11.0, 17.0, 11.0, 18.0, 14.0, 16.0, 20.0, 18.0, 15.0, 10.0, 30.0, 14.0, 20.0, 55.0, 16.0, 14.0, 29.0, 12.0, 11.0, 75.0, 14.0, 14.0, 15.0, 23.0, 13.0, 30.0, 13.0, 9.0, 13.0, 31.0, 27.0, 15.0, 9.0, 21.0, 14.0, 27.0, 25.0, 19.0, 21.0, 24.0, 19.0, 34.0, 16.0, 19.0, 20.0, 19.0, 22.0, 29.0, 17.0, 15.0, 37.0, 14.0, 17.0, 32.0, 22.0, 17.0, 34.0, 11.0, 15.0, 18.0, 12.0, 18.0, 24.0, 50.0, 15.0, 13.0, 14.0, 17.0, 17.0, 45.0, 21.0, 21.0, 28.0, 21.0, 14.0, 40.0, 26.0, 26.0, 30.0, 20.0, 52.0, 17.0, 9.0, 26.0, 18.0, 21.0, 22.0, 43.0, 17.0, 29.0, 24.0, 10.0, 19.0, 22.0, 16.0, 20.0, 18.0, 22.0, 13.0, 12.0, 14.0, 17.0, 27.0, 31.0, 25.0, 9.0, 16.0, 46.0, 17.0, 13.0, 13.0, 15.0, 25.0, 10.0, 23.0, 30.0, 20.0, 15.0, 8.0, 48.0, 37.0, 12.0, 45.0, 10.0, 21.0, 22.0, 40.0, 27.0, 76.0, 17.0, 17.0, 23.0, 15.0, 20.0, 20.0], "episode_lengths": [46, 19, 28, 12, 28, 51, 54, 15, 18, 13, 36, 15, 15, 47, 32, 25, 27, 12, 12, 14, 12, 32, 19, 38, 10, 14, 20, 17, 37, 38, 11, 44, 50, 25, 14, 16, 26, 17, 13, 11, 14, 27, 11, 17, 11, 18, 14, 16, 20, 18, 15, 10, 30, 14, 20, 55, 16, 14, 29, 12, 11, 75, 14, 14, 15, 23, 13, 30, 13, 9, 13, 31, 27, 15, 9, 21, 14, 27, 25, 19, 21, 24, 19, 34, 16, 19, 20, 19, 22, 29, 17, 15, 37, 14, 17, 32, 22, 17, 34, 11, 15, 18, 12, 18, 24, 50, 15, 13, 14, 17, 17, 45, 21, 21, 28, 21, 14, 40, 26, 26, 30, 20, 52, 17, 9, 26, 18, 21, 22, 43, 17, 29, 24, 10, 19, 22, 16, 20, 18, 22, 13, 12, 14, 17, 27, 31, 25, 9, 16, 46, 17, 13, 13, 15, 25, 10, 23, 30, 20, 15, 8, 48, 37, 12, 45, 10, 21, 22, 40, 27, 76, 17, 17, 23, 15, 20, 20]}, "sampler_perf": {"mean_env_wait_ms": 0.07287820140530665, "mean_processing_ms": 0.18242966142543346, "mean_inference_ms": 0.7644313420393684}, "off_policy_estimator": {}, "num_healthy_workers": 1, "timesteps_total": 4000, "timers": {"sample_time_ms": 5048.291, "sample_throughput": 792.347, "load_time_ms": 51.216, "load_throughput": 78100.766, "learn_time_ms": 3916.309, "learn_throughput": 1021.37, "update_time_ms": 2.42}, "info": {"learner": {"default_policy": {"cur_kl_coeff": 0.20000000298023224, "cur_lr": 0.009999999776482582, "total_loss": 74.21260070800781, "policy_loss": -0.0462152399122715, "vf_loss": 74.2512435913086, "vf_explained_var": 0.262795090675354, "kl": 0.03780172020196915, "entropy": 0.6560777425765991, "entropy_coeff": 0.0, "model": {}}}, "num_steps_sampled": 4000, "num_steps_trained": 4000}, "done": true, "episodes_total": 177, "training_iteration": 1, "experiment_id": "244214c3dec84e76ad078cf2d1d453d9", "date": "2020-08-18_17-58-18", "timestamp": 1597773498, "time_this_iter_s": 9.148731708526611, "time_total_s": 9.148731708526611, "pid": 15788, "hostname": "terminator-1000", "node_ip": "10.168.0.7", "config": {"num_workers": 1, "num_envs_per_worker": 1, "rollout_fragment_length": 200, "sample_batch_size": -1, "batch_mode": "truncate_episodes", "num_gpus": 0, "train_batch_size": 4000, "model": {"conv_filters": null, "conv_activation": "relu", "fcnet_activation": "tanh", "fcnet_hiddens": [256, 256], "free_log_std": false, "no_final_linear": false, "vf_share_layers": true, "use_lstm": false, "max_seq_len": 20, "lstm_cell_size": 256, "lstm_use_prev_action_reward": false, "state_shape": null, "framestack": true, "dim": 84, "grayscale": false, "zero_mean": true, "custom_model": null, "custom_model_config": {}, "custom_action_dist": null, "custom_preprocessor": null, "custom_options": -1}, "optimizer": {}, "gamma": 0.99, "horizon": null, "soft_horizon": false, "no_done_at_end": false, "env_config": {}, "env": "CartPole-v0", "normalize_actions": false, "clip_rewards": null, "clip_actions": true, "preprocessor_pref": "deepmind", "lr": 0.01, "monitor": false, "log_level": "WARN", "callbacks": "<class 'ray.rllib.agents.callbacks.DefaultCallbacks'>", "ignore_worker_failures": false, "log_sys_usage": true, "fake_sampler": false, "framework": "tf", "eager_tracing": false, "no_eager_on_workers": false, "explore": true, "exploration_config": {"type": "StochasticSampling"}, "evaluation_interval": null, "evaluation_num_episodes": 10, "in_evaluation": false, "evaluation_config": {}, "evaluation_num_workers": 0, "custom_eval_function": null, "sample_async": false, "observation_filter": "NoFilter", "synchronize_filters": true, "tf_session_args": {"intra_op_parallelism_threads": 2, "inter_op_parallelism_threads": 2, "gpu_options": {"allow_growth": true}, "log_device_placement": false, "device_count": {"CPU": 1}, "allow_soft_placement": true}, "local_tf_session_args": {"intra_op_parallelism_threads": 8, "inter_op_parallelism_threads": 8}, "compress_observations": false, "collect_metrics_timeout": 180, "metrics_smoothing_episodes": 100, "remote_worker_envs": false, "remote_env_batch_wait_ms": 0, "min_iter_time_s": 0, "timesteps_per_iteration": 0, "seed": null, "extra_python_environs_for_driver": {}, "extra_python_environs_for_worker": {}, "num_cpus_per_worker": 1, "num_gpus_per_worker": 0, "custom_resources_per_worker": {}, "num_cpus_for_driver": 1, "memory": 0, "object_store_memory": 0, "memory_per_worker": 0, "object_store_memory_per_worker": 0, "input": "sampler", "input_evaluation": ["is", "wis"], "postprocess_inputs": false, "shuffle_buffer_size": 0, "output": null, "output_compress_columns": ["obs", "new_obs"], "output_max_file_size": 67108864, "multiagent": {"policies": {}, "policy_mapping_fn": null, "policies_to_train": null, "observation_fn": null}, "use_pytorch": -1, "use_critic": true, "use_gae": true, "lambda": 1.0, "kl_coeff": 0.2, "sgd_minibatch_size": 128, "shuffle_sequences": true, "num_sgd_iter": 30, "lr_schedule": null, "vf_share_layers": false, "vf_loss_coeff": 1.0, "entropy_coeff": 0.0, "entropy_coeff_schedule": null, "clip_param": 0.3, "vf_clip_param": 10.0, "grad_clip": null, "kl_target": 0.01, "simple_optimizer": false, "_fake_gpus": false}, "time_since_restore": 9.148731708526611, "timesteps_since_restore": 0, "iterations_since_restore": 1, "perf": {"cpu_util_percent": 37.43571428571429, "ram_util_percent": 3.535714285714286}, "trial_id": "5d483_00000", "experiment_tag": "0_lr=0.01"}
